event_id,commence_time,home_team,away_team,book,market,player,side,line,price_american,book_last_update,snapshot_time
b225458a282e140c44c45651255f2f6c,2026-09-27T17:00:00Z,Buffalo Bills,Los Angeles Chargers,draftkings,player_reception_yds,Ladd McConkey,Over,58.5,-114,2026-09-26T21:16:19Z,2026-09-26 17:16:44.505873
b225458a282e140c44c45651255f2f6c,2026-09-27T17:00:00Z,Buffalo Bills,Los Angeles Chargers,draftkings,player_reception_yds,Ladd McConkey,Under,58.5,-110,2026-09-26T21:16:19Z,2026-09-26 17:16:44.505873
b225458a282e140c44c45651255f2f6c,2026-09-27T17:00:00Z,Buffalo Bills,Los Angeles Chargers,draftkings,player_reception_yds,Dalton Kincaid,Over,57.5,-111,2026-09-26T21:16:19Z,2026-09-26 17:16:44.505873
b225458a282e140c44c45651255f2f6c,2026-09-27T17:00:00Z,Buffalo Bills,Los Angeles Chargers,draftkings,player_reception_yds,Dalton Kincaid,Under,57.5,-113,2026-09-26T21:16:19Z,2026-09-26 17:16:44.505873
b225458a282e140c44c45651255f2f6c,2026-09-27T17:00:00Z,Buffalo Bills,Los Angeles Chargers,draftkings,player_reception_yds,DJ Moore,Over,49.5,-110,2026-09-26T21:16:19Z,2026-09-26 17:16:44.505873
b225458a282e140c44c45651255f2f6c,2026-09-27T17:00:00Z,Buffalo Bills,Los Angeles Chargers,draftkings,player_reception_yds,DJ Moore,Under,49.5,-114,2026-09-26T21:16:19Z,2026-09-26 17:16:44.505873
b225458a282e140c44c45651255f2f6c,2026-09-27T17:00:00Z,Buffalo Bills,Los Angeles Chargers,draftkings,player_reception_yds,Khalil Shakir,Over,41.5,-109,2026-09-26T21:16:19Z,2026-09-26 17:16:44.505873
b225458a282e140c44c45651255f2f6c,2026-09-27T17:00:00Z,Buffalo Bills,Los Angeles Chargers,draftkings,player_reception_yds,Khalil Shakir,Under,41.5,-115,2026-09-26T21:16:19Z,2026-09-26 17:16:44.505873
b225458a282e140c44c45651255f2f6c,2026-09-27T17:00:00Z,Buffalo Bills,Los Angeles Chargers,draftkings,player_reception_yds,Quentin Johnston,Over,38.5,-114,2026-09-26T21:16:19Z,2026-09-26 17:16:44.505873
b225458a282e140c44c45651255f2f6c,2026-09-27T17:00:00Z,Buffalo Bills,Los Angeles Chargers,draftkings,player_reception_yds,Quentin Johnston,Under,38.5,-110,2026-09-26T21:16:19Z,2026-09-26 17:16:44.505873
b225458a282e140c44c45651255f2f6c,2026-09-27T17:00:00Z,Buffalo Bills,Los Angeles Chargers,draftkings,player_reception_yds,Oronde Gadsden II,Over,37.5,-109,2026-09-26T21:16:19Z,2026-09-26 17:16:44.505873
b225458a282e140c44c45651255f2f6c,2026-09-27T17:00:00Z,Buffalo Bills,Los Angeles Chargers,draftkings,player_reception_yds,Oronde Gadsden II,Under,37.5,-115,2026-09-26T21:16:19Z,2026-09-26 17:16:44.505873
b225458a282e140c44c45651255f2f6c,2026-09-27T17:00:00Z,Buffalo Bills,Los Angeles Chargers,draftkings,player_reception_yds,Tre Harris,Over,30.5,-109,2026-09-26T21:16:19Z,2026-09-26 17:16:44.505873
b225458a282e140c44c45651255f2f6c,2026-09-27T17:00:00Z,Buffalo Bills,Los Angeles Chargers,draftkings,player_reception_yds,Tre Harris,Under,30.5,-115,2026-09-26T21:16:19Z,2026-09-26 17:16:44.505873
b225458a282e140c44c45651255f2f6c,2026-09-27T17:00:00Z,Buffalo Bills,Los Angeles Chargers,draftkings,player_reception_yds,James Cook,Over,12.5,-107,2026-09-26T21:16:19Z,2026-09-26 17:16:44.505873
b225458a282e140c44c45651255f2f6c,2026-09-27T17:00:00Z,Buffalo Bills,Los Angeles Chargers,draftkings,player_reception_yds,James Cook,Under,12.5,-118,2026-09-26T21:16:19Z,2026-09-26 17:16:44.505873
b225458a282e140c44c45651255f2f6c,2026-09-27T17:00:00Z,Buffalo Bills,Los Angeles Chargers,draftkings,player_reception_yds,Omarion Hampton,Over,10.5,-109,2026-09-26T21:16:19Z,2026-09-26 17:16:44.505873
b225458a282e140c44c45651255f2f6c,2026-09-27T17:00:00Z,Buffalo Bills,Los Angeles Chargers,draftkings,player_reception_yds,Omarion Hampton,Under,10.5,-115,2026-09-26T21:16:19Z,2026-09-26 17:16:44.505873
b225458a282e140c44c45651255f2f6c,2026-09-27T17:00:00Z,Buffalo Bills,Los Angeles Chargers,draftkings,player_reception_yds,Dawson Knox,Over,9.5,-117,2026-09-26T21:16:19Z,2026-09-26 17:16:44.505873
b225458a282e140c44c45651255f2f6c,2026-09-27T17:00:00Z,Buffalo Bills,Los Angeles Chargers,draftkings,player_reception_yds,Dawson Knox,Under,9.5,-108,2026-09-26T21:16:19Z,2026-09-26 17:16:44.505873
b225458a282e140c44c45651255f2f6c,2026-09-27T17:00:00Z,Buffalo Bills,Los Angeles Chargers,fanduel,player_reception_yds,Omarion Hampton,Over,11.5,-113,2026-09-26T21:16:24Z,2026-09-26 17:16:44.505873
b225458a282e140c44c45651255f2f6c,2026-09-27T17:00:00Z,Buffalo Bills,Los Angeles Chargers,fanduel,player_reception_yds,Omarion Hampton,Under,11.5,-113,2026-09-26T21:16:24Z,2026-09-26 17:16:44.505873
b225458a282e140c44c45651255f2f6c,2026-09-27T17:00:00Z,Buffalo Bills,Los Angeles Chargers,fanduel,player_reception_yds,Quentin Johnston,Over,35.5,-113,2026-09-26T21:16:24Z,2026-09-26 17:16:44.505873
b225458a282e140c44c45651255f2f6c,2026-09-27T17:00:00Z,Buffalo Bills,Los Angeles Chargers,fanduel,player_reception_yds,Quentin Johnston,Under,35.5,-113,2026-09-26T21:16:24Z,2026-09-26 17:16:44.505873
b225458a282e140c44c45651255f2f6c,2026-09-27T17:00:00Z,Buffalo Bills,Los Angeles Chargers,fanduel,player_reception_yds,Tre Harris,Over,31.5,-113,2026-09-26T21:16:24Z,2026-09-26 17:16:44.505873
b225458a282e140c44c45651255f2f6c,2026-09-27T17:00:00Z,Buffalo Bills,Los Angeles Chargers,fanduel,player_reception_yds,Tre Harris,Under,31.5,-113,2026-09-26T21:16:24Z,2026-09-26 17:16:44.505873
b225458a282e140c44c45651255f2f6c,2026-09-27T17:00:00Z,Buffalo Bills,Los Angeles Chargers,fanduel,player_reception_yds,Dawson Knox,Over,8.5,-113,2026-09-26T21:16:24Z,2026-09-26 17:16:44.505873
b225458a282e140c44c45651255f2f6c,2026-09-27T17:00:00Z,Buffalo Bills,Los Angeles Chargers,fanduel,player_reception_yds,Dawson Knox,Under,8.5,-113,2026-09-26T21:16:24Z,2026-09-26 17:16:44.505873
b225458a282e140c44c45651255f2f6c,2026-09-27T17:00:00Z,Buffalo Bills,Los Angeles Chargers,fanduel,player_reception_yds,James Cook,Over,11.5,-113,2026-09-26T21:16:24Z,2026-09-26 17:16:44.505873
b225458a282e140c44c45651255f2f6c,2026-09-27T17:00:00Z,Buffalo Bills,Los Angeles Chargers,fanduel,player_reception_yds,James Cook,Under,11.5,-113,2026-09-26T21:16:24Z,2026-09-26 17:16:44.505873
b225458a282e140c44c45651255f2f6c,2026-09-27T17:00:00Z,Buffalo Bills,Los Angeles Chargers,fanduel,player_reception_yds,Dalton Kincaid,Over,56.5,-113,2026-09-26T21:16:24Z,2026-09-26 17:16:44.505873
b225458a282e140c44c45651255f2f6c,2026-09-27T17:00:00Z,Buffalo Bills,Los Angeles Chargers,fanduel,player_reception_yds,Dalton Kincaid,Under,56.5,-113,2026-09-26T21:16:24Z,2026-09-26 17:16:44.505873
b225458a282e140c44c45651255f2f6c,2026-09-27T17:00:00Z,Buffalo Bills,Los Angeles Chargers,fanduel,player_reception_yds,Oronde Gadsden II,Over,35.5,-113,2026-09-26T21:16:24Z,2026-09-26 17:16:44.505873
b225458a282e140c44c45651255f2f6c,2026-09-27T17:00:00Z,Buffalo Bills,Los Angeles Chargers,fanduel,player_reception_yds,Oronde Gadsden II,Under,35.5,-113,2026-09-26T21:16:24Z,2026-09-26 17:16:44.505873
b225458a282e140c44c45651255f2f6c,2026-09-27T17:00:00Z,Buffalo Bills,Los Angeles Chargers,fanduel,player_reception_yds,DJ Moore,Over,49.5,-113,2026-09-26T21:16:24Z,2026-09-26 17:16:44.505873
b225458a282e140c44c45651255f2f6c,2026-09-27T17:00:00Z,Buffalo Bills,Los Angeles Chargers,fanduel,player_reception_yds,DJ Moore,Under,49.5,-113,2026-09-26T21:16:24Z,2026-09-26 17:16:44.505873
b225458a282e140c44c45651255f2f6c,2026-09-27T17:00:00Z,Buffalo Bills,Los Angeles Chargers,fanduel,player_reception_yds,Ladd McConkey,Over,57.5,-113,2026-09-26T21:16:24Z,2026-09-26 17:16:44.505873
b225458a282e140c44c45651255f2f6c,2026-09-27T17:00:00Z,Buffalo Bills,Los Angeles Chargers,fanduel,player_reception_yds,Ladd McConkey,Under,57.5,-113,2026-09-26T21:16:24Z,2026-09-26 17:16:44.505873
b225458a282e140c44c45651255f2f6c,2026-09-27T17:00:00Z,Buffalo Bills,Los Angeles Chargers,fanduel,player_reception_yds,Khalil Shakir,Over,43.5,-113,2026-09-26T21:16:24Z,2026-09-26 17:16:44.505873
b225458a282e140c44c45651255f2f6c,2026-09-27T17:00:00Z,Buffalo Bills,Los Angeles Chargers,fanduel,player_reception_yds,Khalil Shakir,Under,43.5,-113,2026-09-26T21:16:24Z,2026-09-26 17:16:44.505873
b225458a282e140c44c45651255f2f6c,2026-09-27T17:00:00Z,Buffalo Bills,Los Angeles Chargers,betrivers,player_reception_yds,Dalton Kincaid,Over,56.5,-114,2026-09-26T21:16:17Z,2026-09-26 17:16:44.505873
b225458a282e140c44c45651255f2f6c,2026-09-27T17:00:00Z,Buffalo Bills,Los Angeles Chargers,betrivers,player_reception_yds,Dalton Kincaid,Under,56.5,-117,2026-09-26T21:16:17Z,2026-09-26 17:16:44.505873
b225458a282e140c44c45651255f2f6c,2026-09-27T17:00:00Z,Buffalo Bills,Los Angeles Chargers,betrivers,player_reception_yds,Khalil Shakir,Over,42.5,-115,2026-09-26T21:16:17Z,2026-09-26 17:16:44.505873
b225458a282e140c44c45651255f2f6c,2026-09-27T17:00:00Z,Buffalo Bills,Los Angeles Chargers,betrivers,player_reception_yds,Khalil Shakir,Under,42.5,-115,2026-09-26T21:16:17Z,2026-09-26 17:16:44.505873
b225458a282e140c44c45651255f2f6c,2026-09-27T17:00:00Z,Buffalo Bills,Los Angeles Chargers,betrivers,player_reception_yds,Dawson Knox,Over,9.5,-115,2026-09-26T21:16:17Z,2026-09-26 17:16:44.505873
b225458a282e140c44c45651255f2f6c,2026-09-27T17:00:00Z,Buffalo Bills,Los Angeles Chargers,betrivers,player_reception_yds,Dawson Knox,Under,9.5,-115,2026-09-26T21:16:17Z,2026-09-26 17:16:44.505873
b225458a282e140c44c45651255f2f6c,2026-09-27T17:00:00Z,Buffalo Bills,Los Angeles Chargers,betrivers,player_reception_yds,DJ Moore,Over,50.5,-117,2026-09-26T21:16:17Z,2026-09-26 17:16:44.505873
b225458a282e140c44c45651255f2f6c,2026-09-27T17:00:00Z,Buffalo Bills,Los Angeles Chargers,betrivers,player_reception_yds,DJ Moore,Under,50.5,-114,2026-09-26T21:16:17Z,2026-09-26 17:16:44.505873
b225458a282e140c44c45651255f2f6c,2026-09-27T17:00:00Z,Buffalo Bills,Los Angeles Chargers,betrivers,player_reception_yds,Tre Harris,Over,31.5,-113,2026-09-26T21:16:17Z,2026-09-26 17:16:44.505873
b225458a282e140c44c45651255f2f6c,2026-09-27T17:00:00Z,Buffalo Bills,Los Angeles Chargers,betrivers,player_reception_yds,Tre Harris,Under,31.5,-117,2026-09-26T21:16:17Z,2026-09-26 17:16:44.505873
b225458a282e140c44c45651255f2f6c,2026-09-27T17:00:00Z,Buffalo Bills,Los Angeles Chargers,betrivers,player_reception_yds,James Cook,Over,11.5,-120,2026-09-26T21:16:17Z,2026-09-26 17:16:44.505873
b225458a282e140c44c45651255f2f6c,2026-09-27T17:00:00Z,Buffalo Bills,Los Angeles Chargers,betrivers,player_reception_yds,James Cook,Under,11.5,-112,2026-09-26T21:16:17Z,2026-09-26 17:16:44.505873
b225458a282e140c44c45651255f2f6c,2026-09-27T17:00:00Z,Buffalo Bills,Los Angeles Chargers,betrivers,player_reception_yds,Ladd McConkey,Over,59.5,-118,2026-09-26T21:16:17Z,2026-09-26 17:16:44.505873
b225458a282e140c44c45651255f2f6c,2026-09-27T17:00:00Z,Buffalo Bills,Los Angeles Chargers,betrivers,player_reception_yds,Ladd McConkey,Under,59.5,-113,2026-09-26T21:16:17Z,2026-09-26 17:16:44.505873
b225458a282e140c44c45651255f2f6c,2026-09-27T17:00:00Z,Buffalo Bills,Los Angeles Chargers,betrivers,player_reception_yds,Quentin Johnston,Over,36.5,-113,2026-09-26T21:16:17Z,2026-09-26 17:16:44.505873
b225458a282e140c44c45651255f2f6c,2026-09-27T17:00:00Z,Buffalo Bills,Los Angeles Chargers,betrivers,player_reception_yds,Quentin Johnston,Under,36.5,-118,2026-09-26T21:16:17Z,2026-09-26 17:16:44.505873
b225458a282e140c44c45651255f2f6c,2026-09-27T17:00:00Z,Buffalo Bills,Los Angeles Chargers,betrivers,player_reception_yds,Omarion Hampton,Over,10.5,-113,2026-09-26T21:16:17Z,2026-09-26 17:16:44.505873
b225458a282e140c44c45651255f2f6c,2026-09-27T17:00:00Z,Buffalo Bills,Los Angeles Chargers,betrivers,player_reception_yds,Omarion Hampton,Under,10.5,-117,2026-09-26T21:16:17Z,2026-09-26 17:16:44.505873
b225458a282e140c44c45651255f2f6c,2026-09-27T17:00:00Z,Buffalo Bills,Los Angeles Chargers,betrivers,player_reception_yds,Oronde Gadsden II,Over,36.5,-113,2026-09-26T21:16:17Z,2026-09-26 17:16:44.505873
b225458a282e140c44c45651255f2f6c,2026-09-27T17:00:00Z,Buffalo Bills,Los Angeles Chargers,betrivers,player_reception_yds,Oronde Gadsden II,Under,36.5,-118,2026-09-26T21:16:17Z,2026-09-26 17:16:44.505873
b225458a282e140c44c45651255f2f6c,2026-09-27T17:00:00Z,Buffalo Bills,Los Angeles Chargers,betonlineag,player_reception_yds,DJ Moore,Over,49.5,-114,2026-09-26T21:16:18Z,2026-09-26 17:16:44.505873
b225458a282e140c44c45651255f2f6c,2026-09-27T17:00:00Z,Buffalo Bills,Los Angeles Chargers,betonlineag,player_reception_yds,DJ Moore,Under,49.5,-114,2026-09-26T21:16:18Z,2026-09-26 17:16:44.505873
b225458a282e140c44c45651255f2f6c,2026-09-27T17:00:00Z,Buffalo Bills,Los Angeles Chargers,betonlineag,player_reception_yds,Omarion Hampton,Over,11.5,-115,2026-09-26T21:16:18Z,2026-09-26 17:16:44.505873
b225458a282e140c44c45651255f2f6c,2026-09-27T17:00:00Z,Buffalo Bills,Los Angeles Chargers,betonlineag,player_reception_yds,Omarion Hampton,Under,11.5,-112,2026-09-26T21:16:18Z,2026-09-26 17:16:44.505873
b225458a282e140c44c45651255f2f6c,2026-09-27T17:00:00Z,Buffalo Bills,Los Angeles Chargers,betonlineag,player_reception_yds,Tre Harris,Over,31.5,-115,2026-09-26T21:16:18Z,2026-09-26 17:16:44.505873
b225458a282e140c44c45651255f2f6c,2026-09-27T17:00:00Z,Buffalo Bills,Los Angeles Chargers,betonlineag,player_reception_yds,Tre Harris,Under,31.5,-112,2026-09-26T21:16:18Z,2026-09-26 17:16:44.505873
b225458a282e140c44c45651255f2f6c,2026-09-27T17:00:00Z,Buffalo Bills,Los Angeles Chargers,betonlineag,player_reception_yds,Khalil Shakir,Over,41.5,-111,2026-09-26T21:16:18Z,2026-09-26 17:16:44.505873
b225458a282e140c44c45651255f2f6c,2026-09-27T17:00:00Z,Buffalo Bills,Los Angeles Chargers,betonlineag,player_reception_yds,Khalil Shakir,Under,41.5,-116,2026-09-26T21:16:18Z,2026-09-26 17:16:44.505873
b225458a282e140c44c45651255f2f6c,2026-09-27T17:00:00Z,Buffalo Bills,Los Angeles Chargers,betonlineag,player_reception_yds,Dawson Knox,Over,9.5,-119,2026-09-26T21:16:18Z,2026-09-26 17:16:44.505873
b225458a282e140c44c45651255f2f6c,2026-09-27T17:00:00Z,Buffalo Bills,Los Angeles Chargers,betonlineag,player_reception_yds,Dawson Knox,Under,9.5,-109,2026-09-26T21:16:18Z,2026-09-26 17:16:44.505873
b225458a282e140c44c45651255f2f6c,2026-09-27T17:00:00Z,Buffalo Bills,Los Angeles Chargers,betonlineag,player_reception_yds,Dalton Kincaid,Over,58.5,-114,2026-09-26T21:16:18Z,2026-09-26 17:16:44.505873
b225458a282e140c44c45651255f2f6c,2026-09-27T17:00:00Z,Buffalo Bills,Los Angeles Chargers,betonlineag,player_reception_yds,Dalton Kincaid,Under,58.5,-114,2026-09-26T21:16:18Z,2026-09-26 17:16:44.505873
b225458a282e140c44c45651255f2f6c,2026-09-27T17:00:00Z,Buffalo Bills,Los Angeles Chargers,betonlineag,player_reception_yds,Ladd McConkey,Over,60.5,-114,2026-09-26T21:16:18Z,2026-09-26 17:16:44.505873
b225458a282e140c44c45651255f2f6c,2026-09-27T17:00:00Z,Buffalo Bills,Los Angeles Chargers,betonlineag,player_reception_yds,Ladd McConkey,Under,60.5,-114,2026-09-26T21:16:18Z,2026-09-26 17:16:44.505873
b225458a282e140c44c45651255f2f6c,2026-09-27T17:00:00Z,Buffalo Bills,Los Angeles Chargers,betonlineag,player_reception_yds,Oronde Gadsden II,Over,38.5,-114,2026-09-26T21:16:18Z,2026-09-26 17:16:44.505873
b225458a282e140c44c45651255f2f6c,2026-09-27T17:00:00Z,Buffalo Bills,Los Angeles Chargers,betonlineag,player_reception_yds,Oronde Gadsden II,Under,38.5,-114,2026-09-26T21:16:18Z,2026-09-26 17:16:44.505873
b225458a282e140c44c45651255f2f6c,2026-09-27T17:00:00Z,Buffalo Bills,Los Angeles Chargers,betonlineag,player_reception_yds,James Cook,Over,12.5,-114,2026-09-26T21:16:18Z,2026-09-26 17:16:44.505873
b225458a282e140c44c45651255f2f6c,2026-09-27T17:00:00Z,Buffalo Bills,Los Angeles Chargers,betonlineag,player_reception_yds,James Cook,Under,12.5,-114,2026-09-26T21:16:18Z,2026-09-26 17:16:44.505873
b225458a282e140c44c45651255f2f6c,2026-09-27T17:00:00Z,Buffalo Bills,Los Angeles Chargers,betonlineag,player_reception_yds,Quentin Johnston,Over,38.5,-115,2026-09-26T21:16:18Z,2026-09-26 17:16:44.505873
b225458a282e140c44c45651255f2f6c,2026-09-27T17:00:00Z,Buffalo Bills,Los Angeles Chargers,betonlineag,player_reception_yds,Quentin Johnston,Under,38.5,-112,2026-09-26T21:16:18Z,2026-09-26 17:16:44.505873
b225458a282e140c44c45651255f2f6c,2026-09-27T17:00:00Z,Buffalo Bills,Los Angeles Chargers,betmgm,player_reception_yds,Omarion Hampton,Over,11.5,-120,2026-09-26T21:16:28Z,2026-09-26 17:16:44.505873
b225458a282e140c44c45651255f2f6c,2026-09-27T17:00:00Z,Buffalo Bills,Los Angeles Chargers,betmgm,player_reception_yds,Omarion Hampton,Under,11.5,-110,2026-09-26T21:16:28Z,2026-09-26 17:16:44.505873
b225458a282e140c44c45651255f2f6c,2026-09-27T17:00:00Z,Buffalo Bills,Los Angeles Chargers,betmgm,player_reception_yds,Oronde Gadsden II,Over,37.5,-115,2026-09-26T21:16:28Z,2026-09-26 17:16:44.505873
b225458a282e140c44c45651255f2f6c,2026-09-27T17:00:00Z,Buffalo Bills,Los Angeles Chargers,betmgm,player_reception_yds,Oronde Gadsden II,Under,37.5,-115,2026-09-26T21:16:28Z,2026-09-26 17:16:44.505873
b225458a282e140c44c45651255f2f6c,2026-09-27T17:00:00Z,Buffalo Bills,Los Angeles Chargers,betmgm,player_reception_yds,Ladd McConkey,Over,58.5,-115,2026-09-26T21:16:28Z,2026-09-26 17:16:44.505873
b225458a282e140c44c45651255f2f6c,2026-09-27T17:00:00Z,Buffalo Bills,Los Angeles Chargers,betmgm,player_reception_yds,Ladd McConkey,Under,58.5,-115,2026-09-26T21:16:28Z,2026-09-26 17:16:44.505873
b225458a282e140c44c45651255f2f6c,2026-09-27T17:00:00Z,Buffalo Bills,Los Angeles Chargers,betmgm,player_reception_yds,Dawson Knox,Over,9.5,-120,2026-09-26T21:16:28Z,2026-09-26 17:16:44.505873
b225458a282e140c44c45651255f2f6c,2026-09-27T17:00:00Z,Buffalo Bills,Los Angeles Chargers,betmgm,player_reception_yds,Dawson Knox,Under,9.5,-110,2026-09-26T21:16:28Z,2026-09-26 17:16:44.505873
b225458a282e140c44c45651255f2f6c,2026-09-27T17:00:00Z,Buffalo Bills,Los Angeles Chargers,betmgm,player_reception_yds,Dalton Kincaid,Over,54.5,-135,2026-09-26T21:16:28Z,2026-09-26 17:16:44.505873
b225458a282e140c44c45651255f2f6c,2026-09-27T17:00:00Z,Buffalo Bills,Los Angeles Chargers,betmgm,player_reception_yds,Dalton Kincaid,Under,54.5,100,2026-09-26T21:16:28Z,2026-09-26 17:16:44.505873
b225458a282e140c44c45651255f2f6c,2026-09-27T17:00:00Z,Buffalo Bills,Los Angeles Chargers,betmgm,player_reception_yds,James Cook,Over,11.5,-120,2026-09-26T21:16:28Z,2026-09-26 17:16:44.505873
b225458a282e140c44c45651255f2f6c,2026-09-27T17:00:00Z,Buffalo Bills,Los Angeles Chargers,betmgm,player_reception_yds,James Cook,Under,11.5,-110,2026-09-26T21:16:28Z,2026-09-26 17:16:44.505873
b225458a282e140c44c45651255f2f6c,2026-09-27T17:00:00Z,Buffalo Bills,Los Angeles Chargers,betmgm,player_reception_yds,Tre Harris,Over,31.5,-115,2026-09-26T21:16:28Z,2026-09-26 17:16:44.505873
b225458a282e140c44c45651255f2f6c,2026-09-27T17:00:00Z,Buffalo Bills,Los Angeles Chargers,betmgm,player_reception_yds,Tre Harris,Under,31.5,-115,2026-09-26T21:16:28Z,2026-09-26 17:16:44.505873
b225458a282e140c44c45651255f2f6c,2026-09-27T17:00:00Z,Buffalo Bills,Los Angeles Chargers,betmgm,player_reception_yds,Quentin Johnston,Over,36.5,-115,2026-09-26T21:16:28Z,2026-09-26 17:16:44.505873
b225458a282e140c44c45651255f2f6c,2026-09-27T17:00:00Z,Buffalo Bills,Los Angeles Chargers,betmgm,player_reception_yds,Quentin Johnston,Under,36.5,-115,2026-09-26T21:16:28Z,2026-09-26 17:16:44.505873
b225458a282e140c44c45651255f2f6c,2026-09-27T17:00:00Z,Buffalo Bills,Los Angeles Chargers,betmgm,player_reception_yds,DJ Moore,Over,49.5,-115,2026-09-26T21:16:28Z,2026-09-26 17:16:44.505873
b225458a282e140c44c45651255f2f6c,2026-09-27T17:00:00Z,Buffalo Bills,Los Angeles Chargers,betmgm,player_reception_yds,DJ Moore,Under,49.5,-115,2026-09-26T21:16:28Z,2026-09-26 17:16:44.505873
b225458a282e140c44c45651255f2f6c,2026-09-27T17:00:00Z,Buffalo Bills,Los Angeles Chargers,bovada,player_reception_yds,DJ Moore,Over,49.5,-115,2026-09-26T21:15:16Z,2026-09-26 17:16:44.505873
b225458a282e140c44c45651255f2f6c,2026-09-27T17:00:00Z,Buffalo Bills,Los Angeles Chargers,bovada,player_reception_yds,DJ Moore,Under,49.5,-115,2026-09-26T21:15:16Z,2026-09-26 17:16:44.505873
b225458a282e140c44c45651255f2f6c,2026-09-27T17:00:00Z,Buffalo Bills,Los Angeles Chargers,bovada,player_reception_yds,Dalton Kincaid,Over,57.5,-115,2026-09-26T21:15:16Z,2026-09-26 17:16:44.505873
b225458a282e140c44c45651255f2f6c,2026-09-27T17:00:00Z,Buffalo Bills,Los Angeles Chargers,bovada,player_reception_yds,Dalton Kincaid,Under,57.5,-115,2026-09-26T21:15:16Z,2026-09-26 17:16:44.505873
b225458a282e140c44c45651255f2f6c,2026-09-27T17:00:00Z,Buffalo Bills,Los Angeles Chargers,bovada,player_reception_yds,Dawson Knox,Over,9.5,-120,2026-09-26T21:15:16Z,2026-09-26 17:16:44.505873
b225458a282e140c44c45651255f2f6c,2026-09-27T17:00:00Z,Buffalo Bills,Los Angeles Chargers,bovada,player_reception_yds,Dawson Knox,Under,9.5,-110,2026-09-26T21:15:16Z,2026-09-26 17:16:44.505873
b225458a282e140c44c45651255f2f6c,2026-09-27T17:00:00Z,Buffalo Bills,Los Angeles Chargers,bovada,player_reception_yds,James Cook,Over,12.5,-115,2026-09-26T21:15:16Z,2026-09-26 17:16:44.505873
b225458a282e140c44c45651255f2f6c,2026-09-27T17:00:00Z,Buffalo Bills,Los Angeles Chargers,bovada,player_reception_yds,James Cook,Under,12.5,-115,2026-09-26T21:15:16Z,2026-09-26 17:16:44.505873
b225458a282e140c44c45651255f2f6c,2026-09-27T17:00:00Z,Buffalo Bills,Los Angeles Chargers,bovada,player_reception_yds,Khalil Shakir,Over,41.5,-110,2026-09-26T21:15:16Z,2026-09-26 17:16:44.505873
b225458a282e140c44c45651255f2f6c,2026-09-27T17:00:00Z,Buffalo Bills,Los Angeles Chargers,bovada,player_reception_yds,Khalil Shakir,Under,41.5,-120,2026-09-26T21:15:16Z,2026-09-26 17:16:44.505873
b225458a282e140c44c45651255f2f6c,2026-09-27T17:00:00Z,Buffalo Bills,Los Angeles Chargers,bovada,player_reception_yds,Ladd McConkey,Over,58.5,-115,2026-09-26T21:15:16Z,2026-09-26 17:16:44.505873
b225458a282e140c44c45651255f2f6c,2026-09-27T17:00:00Z,Buffalo Bills,Los Angeles Chargers,bovada,player_reception_yds,Ladd McConkey,Under,58.5,-115,2026-09-26T21:15:16Z,2026-09-26 17:16:44.505873
b225458a282e140c44c45651255f2f6c,2026-09-27T17:00:00Z,Buffalo Bills,Los Angeles Chargers,bovada,player_reception_yds,Omarion Hampton,Over,10.5,-110,2026-09-26T21:15:16Z,2026-09-26 17:16:44.505873
b225458a282e140c44c45651255f2f6c,2026-09-27T17:00:00Z,Buffalo Bills,Los Angeles Chargers,bovada,player_reception_yds,Omarion Hampton,Under,10.5,-120,2026-09-26T21:15:16Z,2026-09-26 17:16:44.505873
b225458a282e140c44c45651255f2f6c,2026-09-27T17:00:00Z,Buffalo Bills,Los Angeles Chargers,bovada,player_reception_yds,Oronde Gadsden II,Over,37.5,-110,2026-09-26T21:15:16Z,2026-09-26 17:16:44.505873
b225458a282e140c44c45651255f2f6c,2026-09-27T17:00:00Z,Buffalo Bills,Los Angeles Chargers,bovada,player_reception_yds,Oronde Gadsden II,Under,37.5,-120,2026-09-26T21:15:16Z,2026-09-26 17:16:44.505873
b225458a282e140c44c45651255f2f6c,2026-09-27T17:00:00Z,Buffalo Bills,Los Angeles Chargers,bovada,player_reception_yds,Quentin Johnston,Over,38.5,-115,2026-09-26T21:15:16Z,2026-09-26 17:16:44.505873
b225458a282e140c44c45651255f2f6c,2026-09-27T17:00:00Z,Buffalo Bills,Los Angeles Chargers,bovada,player_reception_yds,Quentin Johnston,Under,38.5,-115,2026-09-26T21:15:16Z,2026-09-26 17:16:44.505873
b225458a282e140c44c45651255f2f6c,2026-09-27T17:00:00Z,Buffalo Bills,Los Angeles Chargers,bovada,player_reception_yds,Tre Harris,Over,30.5,-110,2026-09-26T21:15:16Z,2026-09-26 17:16:44.505873
b225458a282e140c44c45651255f2f6c,2026-09-27T17:00:00Z,Buffalo Bills,Los Angeles Chargers,bovada,player_reception_yds,Tre Harris,Under,30.5,-120,2026-09-26T21:15:16Z,2026-09-26 17:16:44.505873
613b8cd3a5fab58f7be4e3fd6f76223e,2026-09-27T17:00:00Z,Cleveland Browns,Carolina Panthers,draftkings,player_reception_yds,Tetairoa McMillan,Over,62.5,-112,2026-09-26T21:16:35Z,2026-09-26 17:16:45.19394
613b8cd3a5fab58f7be4e3fd6f76223e,2026-09-27T17:00:00Z,Cleveland Browns,Carolina Panthers,draftkings,player_reception_yds,Tetairoa McMillan,Under,62.5,-112,2026-09-26T21:16:35Z,2026-09-26 17:16:45.19394
613b8cd3a5fab58f7be4e3fd6f76223e,2026-09-27T17:00:00Z,Cleveland Browns,Carolina Panthers,draftkings,player_reception_yds,Jalen Coker,Over,55.5,-111,2026-09-26T21:16:35Z,2026-09-26 17:16:45.19394
613b8cd3a5fab58f7be4e3fd6f76223e,2026-09-27T17:00:00Z,Cleveland Browns,Carolina Panthers,draftkings,player_reception_yds,Jalen Coker,Under,55.5,-113,2026-09-26T21:16:35Z,2026-09-26 17:16:45.19394
613b8cd3a5fab58f7be4e3fd6f76223e,2026-09-27T17:00:00Z,Cleveland Browns,Carolina Panthers,draftkings,player_reception_yds,Denzel Boston,Over,48.5,-112,2026-09-26T21:16:35Z,2026-09-26 17:16:45.19394
613b8cd3a5fab58f7be4e3fd6f76223e,2026-09-27T17:00:00Z,Cleveland Browns,Carolina Panthers,draftkings,player_reception_yds,Denzel Boston,Under,48.5,-112,2026-09-26T21:16:35Z,2026-09-26 17:16:45.19394
613b8cd3a5fab58f7be4e3fd6f76223e,2026-09-27T17:00:00Z,Cleveland Browns,Carolina Panthers,draftkings,player_reception_yds,Harold Fannin Jr.,Over,37.5,-112,2026-09-26T21:16:35Z,2026-09-26 17:16:45.19394
613b8cd3a5fab58f7be4e3fd6f76223e,2026-09-27T17:00:00Z,Cleveland Browns,Carolina Panthers,draftkings,player_reception_yds,Harold Fannin Jr.,Under,37.5,-112,2026-09-26T21:16:35Z,2026-09-26 17:16:45.19394
613b8cd3a5fab58f7be4e3fd6f76223e,2026-09-27T17:00:00Z,Cleveland Browns,Carolina Panthers,draftkings,player_reception_yds,KC Concepcion,Over,33.5,-115,2026-09-26T21:16:35Z,2026-09-26 17:16:45.19394
613b8cd3a5fab58f7be4e3fd6f76223e,2026-09-27T17:00:00Z,Cleveland Browns,Carolina Panthers,draftkings,player_reception_yds,KC Concepcion,Under,33.5,-109,2026-09-26T21:16:35Z,2026-09-26 17:16:45.19394
613b8cd3a5fab58f7be4e3fd6f76223e,2026-09-27T17:00:00Z,Cleveland Browns,Carolina Panthers,draftkings,player_reception_yds,Jerry Jeudy,Over,21.5,-109,2026-09-26T21:16:35Z,2026-09-26 17:16:45.19394
613b8cd3a5fab58f7be4e3fd6f76223e,2026-09-27T17:00:00Z,Cleveland Browns,Carolina Panthers,draftkings,player_reception_yds,Jerry Jeudy,Under,21.5,-115,2026-09-26T21:16:35Z,2026-09-26 17:16:45.19394
613b8cd3a5fab58f7be4e3fd6f76223e,2026-09-27T17:00:00Z,Cleveland Browns,Carolina Panthers,draftkings,player_reception_yds,Darren Waller,Over,20.5,-109,2026-09-26T21:16:35Z,2026-09-26 17:16:45.19394
613b8cd3a5fab58f7be4e3fd6f76223e,2026-09-27T17:00:00Z,Cleveland Browns,Carolina Panthers,draftkings,player_reception_yds,Darren Waller,Under,20.5,-115,2026-09-26T21:16:35Z,2026-09-26 17:16:45.19394
613b8cd3a5fab58f7be4e3fd6f76223e,2026-09-27T17:00:00Z,Cleveland Browns,Carolina Panthers,draftkings,player_reception_yds,Chuba Hubbard,Over,13.5,-116,2026-09-26T21:16:35Z,2026-09-26 17:16:45.19394
613b8cd3a5fab58f7be4e3fd6f76223e,2026-09-27T17:00:00Z,Cleveland Browns,Carolina Panthers,draftkings,player_reception_yds,Chuba Hubbard,Under,13.5,-108,2026-09-26T21:16:35Z,2026-09-26 17:16:45.19394
613b8cd3a5fab58f7be4e3fd6f76223e,2026-09-27T17:00:00Z,Cleveland Browns,Carolina Panthers,draftkings,player_reception_yds,Quinshon Judkins,Over,12.5,-117,2026-09-26T21:16:35Z,2026-09-26 17:16:45.19394
613b8cd3a5fab58f7be4e3fd6f76223e,2026-09-27T17:00:00Z,Cleveland Browns,Carolina Panthers,draftkings,player_reception_yds,Quinshon Judkins,Under,12.5,-107,2026-09-26T21:16:35Z,2026-09-26 17:16:45.19394
613b8cd3a5fab58f7be4e3fd6f76223e,2026-09-27T17:00:00Z,Cleveland Browns,Carolina Panthers,draftkings,player_reception_yds,Xavier Legette,Over,12.5,-114,2026-09-26T21:16:35Z,2026-09-26 17:16:45.19394
613b8cd3a5fab58f7be4e3fd6f76223e,2026-09-27T17:00:00Z,Cleveland Browns,Carolina Panthers,draftkings,player_reception_yds,Xavier Legette,Under,12.5,-110,2026-09-26T21:16:35Z,2026-09-26 17:16:45.19394
613b8cd3a5fab58f7be4e3fd6f76223e,2026-09-27T17:00:00Z,Cleveland Browns,Carolina Panthers,draftkings,player_reception_yds,Tommy Tremble,Over,9.5,-116,2026-09-26T21:16:35Z,2026-09-26 17:16:45.19394
613b8cd3a5fab58f7be4e3fd6f76223e,2026-09-27T17:00:00Z,Cleveland Browns,Carolina Panthers,draftkings,player_reception_yds,Tommy Tremble,Under,9.5,-108,2026-09-26T21:16:35Z,2026-09-26 17:16:45.19394
613b8cd3a5fab58f7be4e3fd6f76223e,2026-09-27T17:00:00Z,Cleveland Browns,Carolina Panthers,fanduel,player_reception_yds,Jalen Coker,Over,59.5,-113,2026-09-26T21:16:27Z,2026-09-26 17:16:45.19394
613b8cd3a5fab58f7be4e3fd6f76223e,2026-09-27T17:00:00Z,Cleveland Browns,Carolina Panthers,fanduel,player_reception_yds,Jalen Coker,Under,59.5,-113,2026-09-26T21:16:27Z,2026-09-26 17:16:45.19394
613b8cd3a5fab58f7be4e3fd6f76223e,2026-09-27T17:00:00Z,Cleveland Browns,Carolina Panthers,fanduel,player_reception_yds,Tommy Tremble,Over,9.5,-113,2026-09-26T21:16:27Z,2026-09-26 17:16:45.19394
613b8cd3a5fab58f7be4e3fd6f76223e,2026-09-27T17:00:00Z,Cleveland Browns,Carolina Panthers,fanduel,player_reception_yds,Tommy Tremble,Under,9.5,-113,2026-09-26T21:16:27Z,2026-09-26 17:16:45.19394
613b8cd3a5fab58f7be4e3fd6f76223e,2026-09-27T17:00:00Z,Cleveland Browns,Carolina Panthers,fanduel,player_reception_yds,Chuba Hubbard,Over,15.5,-113,2026-09-26T21:16:27Z,2026-09-26 17:16:45.19394
613b8cd3a5fab58f7be4e3fd6f76223e,2026-09-27T17:00:00Z,Cleveland Browns,Carolina Panthers,fanduel,player_reception_yds,Chuba Hubbard,Under,15.5,-113,2026-09-26T21:16:27Z,2026-09-26 17:16:45.19394
613b8cd3a5fab58f7be4e3fd6f76223e,2026-09-27T17:00:00Z,Cleveland Browns,Carolina Panthers,fanduel,player_reception_yds,Darren Waller,Over,20.5,-113,2026-09-26T21:16:27Z,2026-09-26 17:16:45.19394
613b8cd3a5fab58f7be4e3fd6f76223e,2026-09-27T17:00:00Z,Cleveland Browns,Carolina Panthers,fanduel,player_reception_yds,Darren Waller,Under,20.5,-113,2026-09-26T21:16:27Z,2026-09-26 17:16:45.19394
613b8cd3a5fab58f7be4e3fd6f76223e,2026-09-27T17:00:00Z,Cleveland Browns,Carolina Panthers,fanduel,player_reception_yds,Harold Fannin Jr.,Over,37.5,-113,2026-09-26T21:16:27Z,2026-09-26 17:16:45.19394
613b8cd3a5fab58f7be4e3fd6f76223e,2026-09-27T17:00:00Z,Cleveland Browns,Carolina Panthers,fanduel,player_reception_yds,Harold Fannin Jr.,Under,37.5,-113,2026-09-26T21:16:27Z,2026-09-26 17:16:45.19394
613b8cd3a5fab58f7be4e3fd6f76223e,2026-09-27T17:00:00Z,Cleveland Browns,Carolina Panthers,fanduel,player_reception_yds,Tetairoa McMillan,Over,62.5,-113,2026-09-26T21:16:27Z,2026-09-26 17:16:45.19394
613b8cd3a5fab58f7be4e3fd6f76223e,2026-09-27T17:00:00Z,Cleveland Browns,Carolina Panthers,fanduel,player_reception_yds,Tetairoa McMillan,Under,62.5,-113,2026-09-26T21:16:27Z,2026-09-26 17:16:45.19394
613b8cd3a5fab58f7be4e3fd6f76223e,2026-09-27T17:00:00Z,Cleveland Browns,Carolina Panthers,fanduel,player_reception_yds,KC Concepcion,Over,33.5,-113,2026-09-26T21:16:27Z,2026-09-26 17:16:45.19394
613b8cd3a5fab58f7be4e3fd6f76223e,2026-09-27T17:00:00Z,Cleveland Browns,Carolina Panthers,fanduel,player_reception_yds,KC Concepcion,Under,33.5,-113,2026-09-26T21:16:27Z,2026-09-26 17:16:45.19394
613b8cd3a5fab58f7be4e3fd6f76223e,2026-09-27T17:00:00Z,Cleveland Browns,Carolina Panthers,fanduel,player_reception_yds,Quinshon Judkins,Over,14.5,-113,2026-09-26T21:16:27Z,2026-09-26 17:16:45.19394
613b8cd3a5fab58f7be4e3fd6f76223e,2026-09-27T17:00:00Z,Cleveland Browns,Carolina Panthers,fanduel,player_reception_yds,Quinshon Judkins,Under,14.5,-113,2026-09-26T21:16:27Z,2026-09-26 17:16:45.19394
613b8cd3a5fab58f7be4e3fd6f76223e,2026-09-27T17:00:00Z,Cleveland Browns,Carolina Panthers,fanduel,player_reception_yds,Jerry Jeudy,Over,20.5,-113,2026-09-26T21:16:27Z,2026-09-26 17:16:45.19394
613b8cd3a5fab58f7be4e3fd6f76223e,2026-09-27T17:00:00Z,Cleveland Browns,Carolina Panthers,fanduel,player_reception_yds,Jerry Jeudy,Under,20.5,-113,2026-09-26T21:16:27Z,2026-09-26 17:16:45.19394
613b8cd3a5fab58f7be4e3fd6f76223e,2026-09-27T17:00:00Z,Cleveland Browns,Carolina Panthers,fanduel,player_reception_yds,Denzel Boston,Over,47.5,-113,2026-09-26T21:16:27Z,2026-09-26 17:16:45.19394
613b8cd3a5fab58f7be4e3fd6f76223e,2026-09-27T17:00:00Z,Cleveland Browns,Carolina Panthers,fanduel,player_reception_yds,Denzel Boston,Under,47.5,-113,2026-09-26T21:16:27Z,2026-09-26 17:16:45.19394
613b8cd3a5fab58f7be4e3fd6f76223e,2026-09-27T17:00:00Z,Cleveland Browns,Carolina Panthers,betrivers,player_reception_yds,Denzel Boston,Over,46.5,-114,2026-09-26T21:16:29Z,2026-09-26 17:16:45.19394
613b8cd3a5fab58f7be4e3fd6f76223e,2026-09-27T17:00:00Z,Cleveland Browns,Carolina Panthers,betrivers,player_reception_yds,Denzel Boston,Under,46.5,-115,2026-09-26T21:16:29Z,2026-09-26 17:16:45.19394
613b8cd3a5fab58f7be4e3fd6f76223e,2026-09-27T17:00:00Z,Cleveland Browns,Carolina Panthers,betrivers,player_reception_yds,Xavier Legette,Over,12.5,-114,2026-09-26T21:16:29Z,2026-09-26 17:16:45.19394
613b8cd3a5fab58f7be4e3fd6f76223e,2026-09-27T17:00:00Z,Cleveland Browns,Carolina Panthers,betrivers,player_reception_yds,Xavier Legette,Under,12.5,-117,2026-09-26T21:16:29Z,2026-09-26 17:16:45.19394
613b8cd3a5fab58f7be4e3fd6f76223e,2026-09-27T17:00:00Z,Cleveland Browns,Carolina Panthers,betrivers,player_reception_yds,KC Concepcion,Over,34.5,-112,2026-09-26T21:16:29Z,2026-09-26 17:16:45.19394
613b8cd3a5fab58f7be4e3fd6f76223e,2026-09-27T17:00:00Z,Cleveland Browns,Carolina Panthers,betrivers,player_reception_yds,KC Concepcion,Under,34.5,-118,2026-09-26T21:16:29Z,2026-09-26 17:16:45.19394
613b8cd3a5fab58f7be4e3fd6f76223e,2026-09-27T17:00:00Z,Cleveland Browns,Carolina Panthers,betrivers,player_reception_yds,Quinshon Judkins,Over,12.5,-118,2026-09-26T21:16:29Z,2026-09-26 17:16:45.19394
613b8cd3a5fab58f7be4e3fd6f76223e,2026-09-27T17:00:00Z,Cleveland Browns,Carolina Panthers,betrivers,player_reception_yds,Quinshon Judkins,Under,12.5,-113,2026-09-26T21:16:29Z,2026-09-26 17:16:45.19394
613b8cd3a5fab58f7be4e3fd6f76223e,2026-09-27T17:00:00Z,Cleveland Browns,Carolina Panthers,betrivers,player_reception_yds,Chuba Hubbard,Over,14.5,-117,2026-09-26T21:16:29Z,2026-09-26 17:16:45.19394
613b8cd3a5fab58f7be4e3fd6f76223e,2026-09-27T17:00:00Z,Cleveland Browns,Carolina Panthers,betrivers,player_reception_yds,Chuba Hubbard,Under,14.5,-114,2026-09-26T21:16:29Z,2026-09-26 17:16:45.19394
613b8cd3a5fab58f7be4e3fd6f76223e,2026-09-27T17:00:00Z,Cleveland Browns,Carolina Panthers,betrivers,player_reception_yds,Jalen Coker,Over,57.5,-114,2026-09-26T21:16:29Z,2026-09-26 17:16:45.19394
613b8cd3a5fab58f7be4e3fd6f76223e,2026-09-27T17:00:00Z,Cleveland Browns,Carolina Panthers,betrivers,player_reception_yds,Jalen Coker,Under,57.5,-117,2026-09-26T21:16:29Z,2026-09-26 17:16:45.19394
613b8cd3a5fab58f7be4e3fd6f76223e,2026-09-27T17:00:00Z,Cleveland Browns,Carolina Panthers,betrivers,player_reception_yds,Darren Waller,Over,19.5,-118,2026-09-26T21:16:29Z,2026-09-26 17:16:45.19394
613b8cd3a5fab58f7be4e3fd6f76223e,2026-09-27T17:00:00Z,Cleveland Browns,Carolina Panthers,betrivers,player_reception_yds,Darren Waller,Under,19.5,-113,2026-09-26T21:16:29Z,2026-09-26 17:16:45.19394
613b8cd3a5fab58f7be4e3fd6f76223e,2026-09-27T17:00:00Z,Cleveland Browns,Carolina Panthers,betrivers,player_reception_yds,Tetairoa McMillan,Over,60.5,-114,2026-09-26T21:16:29Z,2026-09-26 17:16:45.19394
613b8cd3a5fab58f7be4e3fd6f76223e,2026-09-27T17:00:00Z,Cleveland Browns,Carolina Panthers,betrivers,player_reception_yds,Tetairoa McMillan,Under,60.5,-117,2026-09-26T21:16:29Z,2026-09-26 17:16:45.19394
613b8cd3a5fab58f7be4e3fd6f76223e,2026-09-27T17:00:00Z,Cleveland Browns,Carolina Panthers,betrivers,player_reception_yds,Harold Fannin Jr.,Over,39.5,-114,2026-09-26T21:16:29Z,2026-09-26 17:16:45.19394
613b8cd3a5fab58f7be4e3fd6f76223e,2026-09-27T17:00:00Z,Cleveland Browns,Carolina Panthers,betrivers,player_reception_yds,Harold Fannin Jr.,Under,39.5,-117,2026-09-26T21:16:29Z,2026-09-26 17:16:45.19394
613b8cd3a5fab58f7be4e3fd6f76223e,2026-09-27T17:00:00Z,Cleveland Browns,Carolina Panthers,betrivers,player_reception_yds,Jerry Jeudy,Over,19.5,-117,2026-09-26T21:16:29Z,2026-09-26 17:16:45.19394
613b8cd3a5fab58f7be4e3fd6f76223e,2026-09-27T17:00:00Z,Cleveland Browns,Carolina Panthers,betrivers,player_reception_yds,Jerry Jeudy,Under,19.5,-114,2026-09-26T21:16:29Z,2026-09-26 17:16:45.19394
613b8cd3a5fab58f7be4e3fd6f76223e,2026-09-27T17:00:00Z,Cleveland Browns,Carolina Panthers,betrivers,player_reception_yds,Tommy Tremble,Over,10.5,-120,2026-09-26T21:16:29Z,2026-09-26 17:16:45.19394
613b8cd3a5fab58f7be4e3fd6f76223e,2026-09-27T17:00:00Z,Cleveland Browns,Carolina Panthers,betrivers,player_reception_yds,Tommy Tremble,Under,10.5,-112,2026-09-26T21:16:29Z,2026-09-26 17:16:45.19394
613b8cd3a5fab58f7be4e3fd6f76223e,2026-09-27T17:00:00Z,Cleveland Browns,Carolina Panthers,betonlineag,player_reception_yds,Quinshon Judkins,Over,12.5,-122,2026-09-26T21:16:18Z,2026-09-26 17:16:45.19394
613b8cd3a5fab58f7be4e3fd6f76223e,2026-09-27T17:00:00Z,Cleveland Browns,Carolina Panthers,betonlineag,player_reception_yds,Quinshon Judkins,Under,12.5,-106,2026-09-26T21:16:18Z,2026-09-26 17:16:45.19394
613b8cd3a5fab58f7be4e3fd6f76223e,2026-09-27T17:00:00Z,Cleveland Browns,Carolina Panthers,betonlineag,player_reception_yds,Harold Fannin Jr.,Over,37.5,-115,2026-09-26T21:16:18Z,2026-09-26 17:16:45.19394
613b8cd3a5fab58f7be4e3fd6f76223e,2026-09-27T17:00:00Z,Cleveland Browns,Carolina Panthers,betonlineag,player_reception_yds,Harold Fannin Jr.,Under,37.5,-112,2026-09-26T21:16:18Z,2026-09-26 17:16:45.19394
613b8cd3a5fab58f7be4e3fd6f76223e,2026-09-27T17:00:00Z,Cleveland Browns,Carolina Panthers,betonlineag,player_reception_yds,KC Concepcion,Over,33.5,-116,2026-09-26T21:16:18Z,2026-09-26 17:16:45.19394
613b8cd3a5fab58f7be4e3fd6f76223e,2026-09-27T17:00:00Z,Cleveland Browns,Carolina Panthers,betonlineag,player_reception_yds,KC Concepcion,Under,33.5,-111,2026-09-26T21:16:18Z,2026-09-26 17:16:45.19394
613b8cd3a5fab58f7be4e3fd6f76223e,2026-09-27T17:00:00Z,Cleveland Browns,Carolina Panthers,betonlineag,player_reception_yds,Darren Waller,Over,20.5,-114,2026-09-26T21:16:18Z,2026-09-26 17:16:45.19394
613b8cd3a5fab58f7be4e3fd6f76223e,2026-09-27T17:00:00Z,Cleveland Browns,Carolina Panthers,betonlineag,player_reception_yds,Darren Waller,Under,20.5,-114,2026-09-26T21:16:18Z,2026-09-26 17:16:45.19394
613b8cd3a5fab58f7be4e3fd6f76223e,2026-09-27T17:00:00Z,Cleveland Browns,Carolina Panthers,betonlineag,player_reception_yds,Tommy Tremble,Over,9.5,-116,2026-09-26T21:16:18Z,2026-09-26 17:16:45.19394
613b8cd3a5fab58f7be4e3fd6f76223e,2026-09-27T17:00:00Z,Cleveland Browns,Carolina Panthers,betonlineag,player_reception_yds,Tommy Tremble,Under,9.5,-111,2026-09-26T21:16:18Z,2026-09-26 17:16:45.19394
613b8cd3a5fab58f7be4e3fd6f76223e,2026-09-27T17:00:00Z,Cleveland Browns,Carolina Panthers,betonlineag,player_reception_yds,Xavier Legette,Over,13.5,-115,2026-09-26T21:16:18Z,2026-09-26 17:16:45.19394
613b8cd3a5fab58f7be4e3fd6f76223e,2026-09-27T17:00:00Z,Cleveland Browns,Carolina Panthers,betonlineag,player_reception_yds,Xavier Legette,Under,13.5,-112,2026-09-26T21:16:18Z,2026-09-26 17:16:45.19394
613b8cd3a5fab58f7be4e3fd6f76223e,2026-09-27T17:00:00Z,Cleveland Browns,Carolina Panthers,betonlineag,player_reception_yds,Denzel Boston,Over,48.5,-114,2026-09-26T21:16:18Z,2026-09-26 17:16:45.19394
613b8cd3a5fab58f7be4e3fd6f76223e,2026-09-27T17:00:00Z,Cleveland Browns,Carolina Panthers,betonlineag,player_reception_yds,Denzel Boston,Under,48.5,-114,2026-09-26T21:16:18Z,2026-09-26 17:16:45.19394
613b8cd3a5fab58f7be4e3fd6f76223e,2026-09-27T17:00:00Z,Cleveland Browns,Carolina Panthers,betonlineag,player_reception_yds,Jerry Jeudy,Over,20.5,-114,2026-09-26T21:16:18Z,2026-09-26 17:16:45.19394
613b8cd3a5fab58f7be4e3fd6f76223e,2026-09-27T17:00:00Z,Cleveland Browns,Carolina Panthers,betonlineag,player_reception_yds,Jerry Jeudy,Under,20.5,-114,2026-09-26T21:16:18Z,2026-09-26 17:16:45.19394
613b8cd3a5fab58f7be4e3fd6f76223e,2026-09-27T17:00:00Z,Cleveland Browns,Carolina Panthers,betonlineag,player_reception_yds,Chuba Hubbard,Over,14.5,-115,2026-09-26T21:16:18Z,2026-09-26 17:16:45.19394
613b8cd3a5fab58f7be4e3fd6f76223e,2026-09-27T17:00:00Z,Cleveland Browns,Carolina Panthers,betonlineag,player_reception_yds,Chuba Hubbard,Under,14.5,-112,2026-09-26T21:16:18Z,2026-09-26 17:16:45.19394
613b8cd3a5fab58f7be4e3fd6f76223e,2026-09-27T17:00:00Z,Cleveland Browns,Carolina Panthers,betonlineag,player_reception_yds,Jalen Coker,Over,58.5,-114,2026-09-26T21:16:18Z,2026-09-26 17:16:45.19394
613b8cd3a5fab58f7be4e3fd6f76223e,2026-09-27T17:00:00Z,Cleveland Browns,Carolina Panthers,betonlineag,player_reception_yds,Jalen Coker,Under,58.5,-114,2026-09-26T21:16:18Z,2026-09-26 17:16:45.19394
613b8cd3a5fab58f7be4e3fd6f76223e,2026-09-27T17:00:00Z,Cleveland Browns,Carolina Panthers,betonlineag,player_reception_yds,Tetairoa McMillan,Over,64.5,-120,2026-09-26T21:16:18Z,2026-09-26 17:16:45.19394
613b8cd3a5fab58f7be4e3fd6f76223e,2026-09-27T17:00:00Z,Cleveland Browns,Carolina Panthers,betonlineag,player_reception_yds,Tetairoa McMillan,Under,64.5,-108,2026-09-26T21:16:18Z,2026-09-26 17:16:45.19394
613b8cd3a5fab58f7be4e3fd6f76223e,2026-09-27T17:00:00Z,Cleveland Browns,Carolina Panthers,betmgm,player_reception_yds,KC Concepcion,Over,32.5,-115,2026-09-26T21:15:42Z,2026-09-26 17:16:45.19394
613b8cd3a5fab58f7be4e3fd6f76223e,2026-09-27T17:00:00Z,Cleveland Browns,Carolina Panthers,betmgm,player_reception_yds,KC Concepcion,Under,32.5,-115,2026-09-26T21:15:42Z,2026-09-26 17:16:45.19394
613b8cd3a5fab58f7be4e3fd6f76223e,2026-09-27T17:00:00Z,Cleveland Browns,Carolina Panthers,betmgm,player_reception_yds,Denzel Boston,Over,42.5,-135,2026-09-26T21:15:42Z,2026-09-26 17:16:45.19394
613b8cd3a5fab58f7be4e3fd6f76223e,2026-09-27T17:00:00Z,Cleveland Browns,Carolina Panthers,betmgm,player_reception_yds,Denzel Boston,Under,42.5,100,2026-09-26T21:15:42Z,2026-09-26 17:16:45.19394
613b8cd3a5fab58f7be4e3fd6f76223e,2026-09-27T17:00:00Z,Cleveland Browns,Carolina Panthers,betmgm,player_reception_yds,Jalen Coker,Over,56.5,-115,2026-09-26T21:15:42Z,2026-09-26 17:16:45.19394
613b8cd3a5fab58f7be4e3fd6f76223e,2026-09-27T17:00:00Z,Cleveland Browns,Carolina Panthers,betmgm,player_reception_yds,Jalen Coker,Under,56.5,-115,2026-09-26T21:15:42Z,2026-09-26 17:16:45.19394
613b8cd3a5fab58f7be4e3fd6f76223e,2026-09-27T17:00:00Z,Cleveland Browns,Carolina Panthers,betmgm,player_reception_yds,Jerry Jeudy,Over,19.5,-111,2026-09-26T21:15:42Z,2026-09-26 17:16:45.19394
613b8cd3a5fab58f7be4e3fd6f76223e,2026-09-27T17:00:00Z,Cleveland Browns,Carolina Panthers,betmgm,player_reception_yds,Jerry Jeudy,Under,19.5,-118,2026-09-26T21:15:42Z,2026-09-26 17:16:45.19394
613b8cd3a5fab58f7be4e3fd6f76223e,2026-09-27T17:00:00Z,Cleveland Browns,Carolina Panthers,betmgm,player_reception_yds,Darren Waller,Over,20.5,-115,2026-09-26T21:15:42Z,2026-09-26 17:16:45.19394
613b8cd3a5fab58f7be4e3fd6f76223e,2026-09-27T17:00:00Z,Cleveland Browns,Carolina Panthers,betmgm,player_reception_yds,Darren Waller,Under,20.5,-115,2026-09-26T21:15:42Z,2026-09-26 17:16:45.19394
613b8cd3a5fab58f7be4e3fd6f76223e,2026-09-27T17:00:00Z,Cleveland Browns,Carolina Panthers,betmgm,player_reception_yds,Quinshon Judkins,Over,12.5,-120,2026-09-26T21:15:42Z,2026-09-26 17:16:45.19394
613b8cd3a5fab58f7be4e3fd6f76223e,2026-09-27T17:00:00Z,Cleveland Browns,Carolina Panthers,betmgm,player_reception_yds,Quinshon Judkins,Under,12.5,-110,2026-09-26T21:15:42Z,2026-09-26 17:16:45.19394
613b8cd3a5fab58f7be4e3fd6f76223e,2026-09-27T17:00:00Z,Cleveland Browns,Carolina Panthers,betmgm,player_reception_yds,Chuba Hubbard,Over,14.5,-111,2026-09-26T21:15:42Z,2026-09-26 17:16:45.19394
613b8cd3a5fab58f7be4e3fd6f76223e,2026-09-27T17:00:00Z,Cleveland Browns,Carolina Panthers,betmgm,player_reception_yds,Chuba Hubbard,Under,14.5,-120,2026-09-26T21:15:42Z,2026-09-26 17:16:45.19394
613b8cd3a5fab58f7be4e3fd6f76223e,2026-09-27T17:00:00Z,Cleveland Browns,Carolina Panthers,betmgm,player_reception_yds,Harold Fannin Jr.,Over,37.5,-115,2026-09-26T21:15:42Z,2026-09-26 17:16:45.19394
613b8cd3a5fab58f7be4e3fd6f76223e,2026-09-27T17:00:00Z,Cleveland Browns,Carolina Panthers,betmgm,player_reception_yds,Harold Fannin Jr.,Under,37.5,-115,2026-09-26T21:15:42Z,2026-09-26 17:16:45.19394
613b8cd3a5fab58f7be4e3fd6f76223e,2026-09-27T17:00:00Z,Cleveland Browns,Carolina Panthers,betmgm,player_reception_yds,Tommy Tremble,Over,11.5,-111,2026-09-26T21:15:42Z,2026-09-26 17:16:45.19394
613b8cd3a5fab58f7be4e3fd6f76223e,2026-09-27T17:00:00Z,Cleveland Browns,Carolina Panthers,betmgm,player_reception_yds,Tommy Tremble,Under,11.5,-120,2026-09-26T21:15:42Z,2026-09-26 17:16:45.19394
613b8cd3a5fab58f7be4e3fd6f76223e,2026-09-27T17:00:00Z,Cleveland Browns,Carolina Panthers,betmgm,player_reception_yds,Tetairoa McMillan,Over,65.5,-115,2026-09-26T21:15:42Z,2026-09-26 17:16:45.19394
613b8cd3a5fab58f7be4e3fd6f76223e,2026-09-27T17:00:00Z,Cleveland Browns,Carolina Panthers,betmgm,player_reception_yds,Tetairoa McMillan,Under,65.5,-115,2026-09-26T21:15:42Z,2026-09-26 17:16:45.19394
613b8cd3a5fab58f7be4e3fd6f76223e,2026-09-27T17:00:00Z,Cleveland Browns,Carolina Panthers,betmgm,player_reception_yds,Xavier Legette,Over,13.5,-115,2026-09-26T21:15:42Z,2026-09-26 17:16:45.19394
613b8cd3a5fab58f7be4e3fd6f76223e,2026-09-27T17:00:00Z,Cleveland Browns,Carolina Panthers,betmgm,player_reception_yds,Xavier Legette,Under,13.5,-115,2026-09-26T21:15:42Z,2026-09-26 17:16:45.19394
613b8cd3a5fab58f7be4e3fd6f76223e,2026-09-27T17:00:00Z,Cleveland Browns,Carolina Panthers,bovada,player_reception_yds,Chuba Hubbard,Over,13.5,-120,2026-09-26T21:14:40Z,2026-09-26 17:16:45.19394
613b8cd3a5fab58f7be4e3fd6f76223e,2026-09-27T17:00:00Z,Cleveland Browns,Carolina Panthers,bovada,player_reception_yds,Chuba Hubbard,Under,13.5,-110,2026-09-26T21:14:40Z,2026-09-26 17:16:45.19394
613b8cd3a5fab58f7be4e3fd6f76223e,2026-09-27T17:00:00Z,Cleveland Browns,Carolina Panthers,bovada,player_reception_yds,Darren Waller,Over,20.5,-110,2026-09-26T21:14:40Z,2026-09-26 17:16:45.19394
613b8cd3a5fab58f7be4e3fd6f76223e,2026-09-27T17:00:00Z,Cleveland Browns,Carolina Panthers,bovada,player_reception_yds,Darren Waller,Under,20.5,-120,2026-09-26T21:14:40Z,2026-09-26 17:16:45.19394
613b8cd3a5fab58f7be4e3fd6f76223e,2026-09-27T17:00:00Z,Cleveland Browns,Carolina Panthers,bovada,player_reception_yds,Denzel Boston,Over,48.5,-115,2026-09-26T21:14:40Z,2026-09-26 17:16:45.19394
613b8cd3a5fab58f7be4e3fd6f76223e,2026-09-27T17:00:00Z,Cleveland Browns,Carolina Panthers,bovada,player_reception_yds,Denzel Boston,Under,48.5,-115,2026-09-26T21:14:40Z,2026-09-26 17:16:45.19394
613b8cd3a5fab58f7be4e3fd6f76223e,2026-09-27T17:00:00Z,Cleveland Browns,Carolina Panthers,bovada,player_reception_yds,Harold Fannin Jr.,Over,37.5,-115,2026-09-26T21:14:40Z,2026-09-26 17:16:45.19394
613b8cd3a5fab58f7be4e3fd6f76223e,2026-09-27T17:00:00Z,Cleveland Browns,Carolina Panthers,bovada,player_reception_yds,Harold Fannin Jr.,Under,37.5,-115,2026-09-26T21:14:40Z,2026-09-26 17:16:45.19394
613b8cd3a5fab58f7be4e3fd6f76223e,2026-09-27T17:00:00Z,Cleveland Browns,Carolina Panthers,bovada,player_reception_yds,Jalen Coker,Over,55.5,-115,2026-09-26T21:14:40Z,2026-09-26 17:16:45.19394
613b8cd3a5fab58f7be4e3fd6f76223e,2026-09-27T17:00:00Z,Cleveland Browns,Carolina Panthers,bovada,player_reception_yds,Jalen Coker,Under,55.5,-115,2026-09-26T21:14:40Z,2026-09-26 17:16:45.19394
613b8cd3a5fab58f7be4e3fd6f76223e,2026-09-27T17:00:00Z,Cleveland Browns,Carolina Panthers,bovada,player_reception_yds,Jerry Jeudy,Over,21.5,-110,2026-09-26T21:14:40Z,2026-09-26 17:16:45.19394
613b8cd3a5fab58f7be4e3fd6f76223e,2026-09-27T17:00:00Z,Cleveland Browns,Carolina Panthers,bovada,player_reception_yds,Jerry Jeudy,Under,21.5,-120,2026-09-26T21:14:40Z,2026-09-26 17:16:45.19394
613b8cd3a5fab58f7be4e3fd6f76223e,2026-09-27T17:00:00Z,Cleveland Browns,Carolina Panthers,bovada,player_reception_yds,KC Concepcion,Over,33.5,-120,2026-09-26T21:14:40Z,2026-09-26 17:16:45.19394
613b8cd3a5fab58f7be4e3fd6f76223e,2026-09-27T17:00:00Z,Cleveland Browns,Carolina Panthers,bovada,player_reception_yds,KC Concepcion,Under,33.5,-110,2026-09-26T21:14:40Z,2026-09-26 17:16:45.19394
613b8cd3a5fab58f7be4e3fd6f76223e,2026-09-27T17:00:00Z,Cleveland Browns,Carolina Panthers,bovada,player_reception_yds,Quinshon Judkins,Over,12.5,-120,2026-09-26T21:14:40Z,2026-09-26 17:16:45.19394
613b8cd3a5fab58f7be4e3fd6f76223e,2026-09-27T17:00:00Z,Cleveland Browns,Carolina Panthers,bovada,player_reception_yds,Quinshon Judkins,Under,12.5,-110,2026-09-26T21:14:40Z,2026-09-26 17:16:45.19394
613b8cd3a5fab58f7be4e3fd6f76223e,2026-09-27T17:00:00Z,Cleveland Browns,Carolina Panthers,bovada,player_reception_yds,Tetairoa McMillan,Over,62.5,-115,2026-09-26T21:14:40Z,2026-09-26 17:16:45.19394
613b8cd3a5fab58f7be4e3fd6f76223e,2026-09-27T17:00:00Z,Cleveland Browns,Carolina Panthers,bovada,player_reception_yds,Tetairoa McMillan,Under,62.5,-115,2026-09-26T21:14:40Z,2026-09-26 17:16:45.19394
613b8cd3a5fab58f7be4e3fd6f76223e,2026-09-27T17:00:00Z,Cleveland Browns,Carolina Panthers,bovada,player_reception_yds,Tommy Tremble,Over,9.5,-120,2026-09-26T21:14:40Z,2026-09-26 17:16:45.19394
613b8cd3a5fab58f7be4e3fd6f76223e,2026-09-27T17:00:00Z,Cleveland Browns,Carolina Panthers,bovada,player_reception_yds,Tommy Tremble,Under,9.5,-110,2026-09-26T21:14:40Z,2026-09-26 17:16:45.19394
613b8cd3a5fab58f7be4e3fd6f76223e,2026-09-27T17:00:00Z,Cleveland Browns,Carolina Panthers,bovada,player_reception_yds,Xavier Legette,Over,12.5,-115,2026-09-26T21:14:40Z,2026-09-26 17:16:45.19394
613b8cd3a5fab58f7be4e3fd6f76223e,2026-09-27T17:00:00Z,Cleveland Browns,Carolina Panthers,bovada,player_reception_yds,Xavier Legette,Under,12.5,-115,2026-09-26T21:14:40Z,2026-09-26 17:16:45.19394
71123be049587b6facce3a20c53e5d09,2026-09-27T17:00:00Z,Pittsburgh Steelers,Cincinnati Bengals,draftkings,player_reception_yds,Ja'Marr Chase,Over,77.5,-111,2026-09-26T21:16:32Z,2026-09-26 17:16:45.788698
71123be049587b6facce3a20c53e5d09,2026-09-27T17:00:00Z,Pittsburgh Steelers,Cincinnati Bengals,draftkings,player_reception_yds,Ja'Marr Chase,Under,77.5,-113,2026-09-26T21:16:32Z,2026-09-26 17:16:45.788698
71123be049587b6facce3a20c53e5d09,2026-09-27T17:00:00Z,Pittsburgh Steelers,Cincinnati Bengals,draftkings,player_reception_yds,Tee Higgins,Over,55.5,-112,2026-09-26T21:16:32Z,2026-09-26 17:16:45.788698
71123be049587b6facce3a20c53e5d09,2026-09-27T17:00:00Z,Pittsburgh Steelers,Cincinnati Bengals,draftkings,player_reception_yds,Tee Higgins,Under,55.5,-112,2026-09-26T21:16:32Z,2026-09-26 17:16:45.788698
71123be049587b6facce3a20c53e5d09,2026-09-27T17:00:00Z,Pittsburgh Steelers,Cincinnati Bengals,draftkings,player_reception_yds,DK Metcalf,Over,51.5,-109,2026-09-26T21:16:32Z,2026-09-26 17:16:45.788698
71123be049587b6facce3a20c53e5d09,2026-09-27T17:00:00Z,Pittsburgh Steelers,Cincinnati Bengals,draftkings,player_reception_yds,DK Metcalf,Under,51.5,-115,2026-09-26T21:16:32Z,2026-09-26 17:16:45.788698
71123be049587b6facce3a20c53e5d09,2026-09-27T17:00:00Z,Pittsburgh Steelers,Cincinnati Bengals,draftkings,player_reception_yds,Pat Freiermuth,Over,36.5,-109,2026-09-26T21:16:32Z,2026-09-26 17:16:45.788698
71123be049587b6facce3a20c53e5d09,2026-09-27T17:00:00Z,Pittsburgh Steelers,Cincinnati Bengals,draftkings,player_reception_yds,Pat Freiermuth,Under,36.5,-115,2026-09-26T21:16:32Z,2026-09-26 17:16:45.788698
71123be049587b6facce3a20c53e5d09,2026-09-27T17:00:00Z,Pittsburgh Steelers,Cincinnati Bengals,draftkings,player_reception_yds,Jaylen Warren,Over,26.5,-111,2026-09-26T21:16:32Z,2026-09-26 17:16:45.788698
71123be049587b6facce3a20c53e5d09,2026-09-27T17:00:00Z,Pittsburgh Steelers,Cincinnati Bengals,draftkings,player_reception_yds,Jaylen Warren,Under,26.5,-113,2026-09-26T21:16:32Z,2026-09-26 17:16:45.788698
71123be049587b6facce3a20c53e5d09,2026-09-27T17:00:00Z,Pittsburgh Steelers,Cincinnati Bengals,draftkings,player_reception_yds,Michael Pittman Jr.,Over,26.5,-108,2026-09-26T21:16:32Z,2026-09-26 17:16:45.788698
71123be049587b6facce3a20c53e5d09,2026-09-27T17:00:00Z,Pittsburgh Steelers,Cincinnati Bengals,draftkings,player_reception_yds,Michael Pittman Jr.,Under,26.5,-116,2026-09-26T21:16:32Z,2026-09-26 17:16:45.788698
71123be049587b6facce3a20c53e5d09,2026-09-27T17:00:00Z,Pittsburgh Steelers,Cincinnati Bengals,draftkings,player_reception_yds,Mike Gesicki,Over,24.5,-110,2026-09-26T21:16:32Z,2026-09-26 17:16:45.788698
71123be049587b6facce3a20c53e5d09,2026-09-27T17:00:00Z,Pittsburgh Steelers,Cincinnati Bengals,draftkings,player_reception_yds,Mike Gesicki,Under,24.5,-114,2026-09-26T21:16:32Z,2026-09-26 17:16:45.788698
71123be049587b6facce3a20c53e5d09,2026-09-27T17:00:00Z,Pittsburgh Steelers,Cincinnati Bengals,draftkings,player_reception_yds,Roman Wilson,Over,23.5,-112,2026-09-26T21:16:32Z,2026-09-26 17:16:45.788698
71123be049587b6facce3a20c53e5d09,2026-09-27T17:00:00Z,Pittsburgh Steelers,Cincinnati Bengals,draftkings,player_reception_yds,Roman Wilson,Under,23.5,-112,2026-09-26T21:16:32Z,2026-09-26 17:16:45.788698
71123be049587b6facce3a20c53e5d09,2026-09-27T17:00:00Z,Pittsburgh Steelers,Cincinnati Bengals,draftkings,player_reception_yds,Chase Brown,Over,22.5,-109,2026-09-26T21:16:32Z,2026-09-26 17:16:45.788698
71123be049587b6facce3a20c53e5d09,2026-09-27T17:00:00Z,Pittsburgh Steelers,Cincinnati Bengals,draftkings,player_reception_yds,Chase Brown,Under,22.5,-115,2026-09-26T21:16:32Z,2026-09-26 17:16:45.788698
71123be049587b6facce3a20c53e5d09,2026-09-27T17:00:00Z,Pittsburgh Steelers,Cincinnati Bengals,draftkings,player_reception_yds,Darnell Washington,Over,14.5,-107,2026-09-26T21:16:32Z,2026-09-26 17:16:45.788698
71123be049587b6facce3a20c53e5d09,2026-09-27T17:00:00Z,Pittsburgh Steelers,Cincinnati Bengals,draftkings,player_reception_yds,Darnell Washington,Under,14.5,-117,2026-09-26T21:16:32Z,2026-09-26 17:16:45.788698
71123be049587b6facce3a20c53e5d09,2026-09-27T17:00:00Z,Pittsburgh Steelers,Cincinnati Bengals,draftkings,player_reception_yds,Samaje Perine,Over,7.5,-120,2026-09-26T21:16:32Z,2026-09-26 17:16:45.788698
71123be049587b6facce3a20c53e5d09,2026-09-27T17:00:00Z,Pittsburgh Steelers,Cincinnati Bengals,draftkings,player_reception_yds,Samaje Perine,Under,7.5,-104,2026-09-26T21:16:32Z,2026-09-26 17:16:45.788698
71123be049587b6facce3a20c53e5d09,2026-09-27T17:00:00Z,Pittsburgh Steelers,Cincinnati Bengals,draftkings,player_reception_yds,Erick All,Over,4.5,-112,2026-09-26T21:16:32Z,2026-09-26 17:16:45.788698
71123be049587b6facce3a20c53e5d09,2026-09-27T17:00:00Z,Pittsburgh Steelers,Cincinnati Bengals,draftkings,player_reception_yds,Erick All,Under,4.5,-112,2026-09-26T21:16:32Z,2026-09-26 17:16:45.788698
71123be049587b6facce3a20c53e5d09,2026-09-27T17:00:00Z,Pittsburgh Steelers,Cincinnati Bengals,fanduel,player_reception_yds,Samaje Perine,Over,7.5,-113,2026-09-26T21:16:25Z,2026-09-26 17:16:45.788698
71123be049587b6facce3a20c53e5d09,2026-09-27T17:00:00Z,Pittsburgh Steelers,Cincinnati Bengals,fanduel,player_reception_yds,Samaje Perine,Under,7.5,-113,2026-09-26T21:16:25Z,2026-09-26 17:16:45.788698
71123be049587b6facce3a20c53e5d09,2026-09-27T17:00:00Z,Pittsburgh Steelers,Cincinnati Bengals,fanduel,player_reception_yds,Mike Gesicki,Over,23.5,-113,2026-09-26T21:16:25Z,2026-09-26 17:16:45.788698
71123be049587b6facce3a20c53e5d09,2026-09-27T17:00:00Z,Pittsburgh Steelers,Cincinnati Bengals,fanduel,player_reception_yds,Mike Gesicki,Under,23.5,-113,2026-09-26T21:16:25Z,2026-09-26 17:16:45.788698
71123be049587b6facce3a20c53e5d09,2026-09-27T17:00:00Z,Pittsburgh Steelers,Cincinnati Bengals,fanduel,player_reception_yds,Erick All,Over,5.5,-102,2026-09-26T21:16:25Z,2026-09-26 17:16:45.788698
71123be049587b6facce3a20c53e5d09,2026-09-27T17:00:00Z,Pittsburgh Steelers,Cincinnati Bengals,fanduel,player_reception_yds,Erick All,Under,5.5,-125,2026-09-26T21:16:25Z,2026-09-26 17:16:45.788698
71123be049587b6facce3a20c53e5d09,2026-09-27T17:00:00Z,Pittsburgh Steelers,Cincinnati Bengals,fanduel,player_reception_yds,DK Metcalf,Over,52.5,-113,2026-09-26T21:16:25Z,2026-09-26 17:16:45.788698
71123be049587b6facce3a20c53e5d09,2026-09-27T17:00:00Z,Pittsburgh Steelers,Cincinnati Bengals,fanduel,player_reception_yds,DK Metcalf,Under,52.5,-113,2026-09-26T21:16:25Z,2026-09-26 17:16:45.788698
71123be049587b6facce3a20c53e5d09,2026-09-27T17:00:00Z,Pittsburgh Steelers,Cincinnati Bengals,fanduel,player_reception_yds,Darnell Washington,Over,15.5,-113,2026-09-26T21:16:25Z,2026-09-26 17:16:45.788698
71123be049587b6facce3a20c53e5d09,2026-09-27T17:00:00Z,Pittsburgh Steelers,Cincinnati Bengals,fanduel,player_reception_yds,Darnell Washington,Under,15.5,-113,2026-09-26T21:16:25Z,2026-09-26 17:16:45.788698
71123be049587b6facce3a20c53e5d09,2026-09-27T17:00:00Z,Pittsburgh Steelers,Cincinnati Bengals,fanduel,player_reception_yds,Pat Freiermuth,Over,34.5,-113,2026-09-26T21:16:25Z,2026-09-26 17:16:45.788698
71123be049587b6facce3a20c53e5d09,2026-09-27T17:00:00Z,Pittsburgh Steelers,Cincinnati Bengals,fanduel,player_reception_yds,Pat Freiermuth,Under,34.5,-113,2026-09-26T21:16:25Z,2026-09-26 17:16:45.788698
71123be049587b6facce3a20c53e5d09,2026-09-27T17:00:00Z,Pittsburgh Steelers,Cincinnati Bengals,fanduel,player_reception_yds,Tee Higgins,Over,53.5,-113,2026-09-26T21:16:25Z,2026-09-26 17:16:45.788698
71123be049587b6facce3a20c53e5d09,2026-09-27T17:00:00Z,Pittsburgh Steelers,Cincinnati Bengals,fanduel,player_reception_yds,Tee Higgins,Under,53.5,-113,2026-09-26T21:16:25Z,2026-09-26 17:16:45.788698
71123be049587b6facce3a20c53e5d09,2026-09-27T17:00:00Z,Pittsburgh Steelers,Cincinnati Bengals,fanduel,player_reception_yds,Roman Wilson,Over,22.5,-113,2026-09-26T21:16:25Z,2026-09-26 17:16:45.788698
71123be049587b6facce3a20c53e5d09,2026-09-27T17:00:00Z,Pittsburgh Steelers,Cincinnati Bengals,fanduel,player_reception_yds,Roman Wilson,Under,22.5,-113,2026-09-26T21:16:25Z,2026-09-26 17:16:45.788698
71123be049587b6facce3a20c53e5d09,2026-09-27T17:00:00Z,Pittsburgh Steelers,Cincinnati Bengals,fanduel,player_reception_yds,Chase Brown,Over,21.5,-113,2026-09-26T21:16:25Z,2026-09-26 17:16:45.788698
71123be049587b6facce3a20c53e5d09,2026-09-27T17:00:00Z,Pittsburgh Steelers,Cincinnati Bengals,fanduel,player_reception_yds,Chase Brown,Under,21.5,-113,2026-09-26T21:16:25Z,2026-09-26 17:16:45.788698
71123be049587b6facce3a20c53e5d09,2026-09-27T17:00:00Z,Pittsburgh Steelers,Cincinnati Bengals,fanduel,player_reception_yds,Ja'Marr Chase,Over,73.5,-113,2026-09-26T21:16:25Z,2026-09-26 17:16:45.788698
71123be049587b6facce3a20c53e5d09,2026-09-27T17:00:00Z,Pittsburgh Steelers,Cincinnati Bengals,fanduel,player_reception_yds,Ja'Marr Chase,Under,73.5,-113,2026-09-26T21:16:25Z,2026-09-26 17:16:45.788698
71123be049587b6facce3a20c53e5d09,2026-09-27T17:00:00Z,Pittsburgh Steelers,Cincinnati Bengals,fanduel,player_reception_yds,Michael Pittman Jr.,Over,24.5,-113,2026-09-26T21:16:25Z,2026-09-26 17:16:45.788698
71123be049587b6facce3a20c53e5d09,2026-09-27T17:00:00Z,Pittsburgh Steelers,Cincinnati Bengals,fanduel,player_reception_yds,Michael Pittman Jr.,Under,24.5,-113,2026-09-26T21:16:25Z,2026-09-26 17:16:45.788698
71123be049587b6facce3a20c53e5d09,2026-09-27T17:00:00Z,Pittsburgh Steelers,Cincinnati Bengals,fanduel,player_reception_yds,Jaylen Warren,Over,25.5,-113,2026-09-26T21:16:25Z,2026-09-26 17:16:45.788698
71123be049587b6facce3a20c53e5d09,2026-09-27T17:00:00Z,Pittsburgh Steelers,Cincinnati Bengals,fanduel,player_reception_yds,Jaylen Warren,Under,25.5,-113,2026-09-26T21:16:25Z,2026-09-26 17:16:45.788698
71123be049587b6facce3a20c53e5d09,2026-09-27T17:00:00Z,Pittsburgh Steelers,Cincinnati Bengals,betrivers,player_reception_yds,Roman Wilson,Over,23.5,-112,2026-09-26T21:16:21Z,2026-09-26 17:16:45.788698
71123be049587b6facce3a20c53e5d09,2026-09-27T17:00:00Z,Pittsburgh Steelers,Cincinnati Bengals,betrivers,player_reception_yds,Roman Wilson,Under,23.5,-120,2026-09-26T21:16:21Z,2026-09-26 17:16:45.788698
71123be049587b6facce3a20c53e5d09,2026-09-27T17:00:00Z,Pittsburgh Steelers,Cincinnati Bengals,betrivers,player_reception_yds,Mike Gesicki,Over,24.5,-112,2026-09-26T21:16:21Z,2026-09-26 17:16:45.788698
71123be049587b6facce3a20c53e5d09,2026-09-27T17:00:00Z,Pittsburgh Steelers,Cincinnati Bengals,betrivers,player_reception_yds,Mike Gesicki,Under,24.5,-118,2026-09-26T21:16:21Z,2026-09-26 17:16:45.788698
71123be049587b6facce3a20c53e5d09,2026-09-27T17:00:00Z,Pittsburgh Steelers,Cincinnati Bengals,betrivers,player_reception_yds,Ja'Marr Chase,Over,74.5,-117,2026-09-26T21:16:21Z,2026-09-26 17:16:45.788698
71123be049587b6facce3a20c53e5d09,2026-09-27T17:00:00Z,Pittsburgh Steelers,Cincinnati Bengals,betrivers,player_reception_yds,Ja'Marr Chase,Under,74.5,-114,2026-09-26T21:16:21Z,2026-09-26 17:16:45.788698
71123be049587b6facce3a20c53e5d09,2026-09-27T17:00:00Z,Pittsburgh Steelers,Cincinnati Bengals,betrivers,player_reception_yds,Pat Freiermuth,Over,35.5,-118,2026-09-26T21:16:21Z,2026-09-26 17:16:45.788698
71123be049587b6facce3a20c53e5d09,2026-09-27T17:00:00Z,Pittsburgh Steelers,Cincinnati Bengals,betrivers,player_reception_yds,Pat Freiermuth,Under,35.5,-113,2026-09-26T21:16:21Z,2026-09-26 17:16:45.788698
71123be049587b6facce3a20c53e5d09,2026-09-27T17:00:00Z,Pittsburgh Steelers,Cincinnati Bengals,betrivers,player_reception_yds,Erick All,Over,5.5,-115,2026-09-26T21:16:21Z,2026-09-26 17:16:45.788698
71123be049587b6facce3a20c53e5d09,2026-09-27T17:00:00Z,Pittsburgh Steelers,Cincinnati Bengals,betrivers,player_reception_yds,Erick All,Under,5.5,-115,2026-09-26T21:16:21Z,2026-09-26 17:16:45.788698
71123be049587b6facce3a20c53e5d09,2026-09-27T17:00:00Z,Pittsburgh Steelers,Cincinnati Bengals,betrivers,player_reception_yds,DK Metcalf,Over,51.5,-118,2026-09-26T21:16:21Z,2026-09-26 17:16:45.788698
71123be049587b6facce3a20c53e5d09,2026-09-27T17:00:00Z,Pittsburgh Steelers,Cincinnati Bengals,betrivers,player_reception_yds,DK Metcalf,Under,51.5,-113,2026-09-26T21:16:21Z,2026-09-26 17:16:45.788698
71123be049587b6facce3a20c53e5d09,2026-09-27T17:00:00Z,Pittsburgh Steelers,Cincinnati Bengals,betrivers,player_reception_yds,Jaylen Warren,Over,23.5,-114,2026-09-26T21:16:21Z,2026-09-26 17:16:45.788698
71123be049587b6facce3a20c53e5d09,2026-09-27T17:00:00Z,Pittsburgh Steelers,Cincinnati Bengals,betrivers,player_reception_yds,Jaylen Warren,Under,23.5,-117,2026-09-26T21:16:21Z,2026-09-26 17:16:45.788698
71123be049587b6facce3a20c53e5d09,2026-09-27T17:00:00Z,Pittsburgh Steelers,Cincinnati Bengals,betrivers,player_reception_yds,Tee Higgins,Over,52.5,-114,2026-09-26T21:16:21Z,2026-09-26 17:16:45.788698
71123be049587b6facce3a20c53e5d09,2026-09-27T17:00:00Z,Pittsburgh Steelers,Cincinnati Bengals,betrivers,player_reception_yds,Tee Higgins,Under,52.5,-117,2026-09-26T21:16:21Z,2026-09-26 17:16:45.788698
71123be049587b6facce3a20c53e5d09,2026-09-27T17:00:00Z,Pittsburgh Steelers,Cincinnati Bengals,betrivers,player_reception_yds,Chase Brown,Over,22.5,-113,2026-09-26T21:16:21Z,2026-09-26 17:16:45.788698
71123be049587b6facce3a20c53e5d09,2026-09-27T17:00:00Z,Pittsburgh Steelers,Cincinnati Bengals,betrivers,player_reception_yds,Chase Brown,Under,22.5,-118,2026-09-26T21:16:21Z,2026-09-26 17:16:45.788698
71123be049587b6facce3a20c53e5d09,2026-09-27T17:00:00Z,Pittsburgh Steelers,Cincinnati Bengals,betrivers,player_reception_yds,Darnell Washington,Over,13.5,-114,2026-09-26T21:16:21Z,2026-09-26 17:16:45.788698
71123be049587b6facce3a20c53e5d09,2026-09-27T17:00:00Z,Pittsburgh Steelers,Cincinnati Bengals,betrivers,player_reception_yds,Darnell Washington,Under,13.5,-115,2026-09-26T21:16:21Z,2026-09-26 17:16:45.788698
71123be049587b6facce3a20c53e5d09,2026-09-27T17:00:00Z,Pittsburgh Steelers,Cincinnati Bengals,betrivers,player_reception_yds,Michael Pittman Jr.,Over,26.5,-114,2026-09-26T21:16:21Z,2026-09-26 17:16:45.788698
71123be049587b6facce3a20c53e5d09,2026-09-27T17:00:00Z,Pittsburgh Steelers,Cincinnati Bengals,betrivers,player_reception_yds,Michael Pittman Jr.,Under,26.5,-115,2026-09-26T21:16:21Z,2026-09-26 17:16:45.788698
71123be049587b6facce3a20c53e5d09,2026-09-27T17:00:00Z,Pittsburgh Steelers,Cincinnati Bengals,betrivers,player_reception_yds,Samaje Perine,Over,8.5,-110,2026-09-26T21:16:21Z,2026-09-26 17:16:45.788698
71123be049587b6facce3a20c53e5d09,2026-09-27T17:00:00Z,Pittsburgh Steelers,Cincinnati Bengals,betrivers,player_reception_yds,Samaje Perine,Under,8.5,-121,2026-09-26T21:16:21Z,2026-09-26 17:16:45.788698
71123be049587b6facce3a20c53e5d09,2026-09-27T17:00:00Z,Pittsburgh Steelers,Cincinnati Bengals,betonlineag,player_reception_yds,Ja'Marr Chase,Over,77.5,-114,2026-09-26T21:16:42Z,2026-09-26 17:16:45.788698
71123be049587b6facce3a20c53e5d09,2026-09-27T17:00:00Z,Pittsburgh Steelers,Cincinnati Bengals,betonlineag,player_reception_yds,Ja'Marr Chase,Under,77.5,-114,2026-09-26T21:16:42Z,2026-09-26 17:16:45.788698
71123be049587b6facce3a20c53e5d09,2026-09-27T17:00:00Z,Pittsburgh Steelers,Cincinnati Bengals,betonlineag,player_reception_yds,DK Metcalf,Over,52.5,-108,2026-09-26T21:16:42Z,2026-09-26 17:16:45.788698
71123be049587b6facce3a20c53e5d09,2026-09-27T17:00:00Z,Pittsburgh Steelers,Cincinnati Bengals,betonlineag,player_reception_yds,DK Metcalf,Under,52.5,-120,2026-09-26T21:16:42Z,2026-09-26 17:16:45.788698
71123be049587b6facce3a20c53e5d09,2026-09-27T17:00:00Z,Pittsburgh Steelers,Cincinnati Bengals,betonlineag,player_reception_yds,Chase Brown,Over,22.5,-112,2026-09-26T21:16:42Z,2026-09-26 17:16:45.788698
71123be049587b6facce3a20c53e5d09,2026-09-27T17:00:00Z,Pittsburgh Steelers,Cincinnati Bengals,betonlineag,player_reception_yds,Chase Brown,Under,22.5,-115,2026-09-26T21:16:42Z,2026-09-26 17:16:45.788698
71123be049587b6facce3a20c53e5d09,2026-09-27T17:00:00Z,Pittsburgh Steelers,Cincinnati Bengals,betonlineag,player_reception_yds,Mike Gesicki,Over,24.5,-111,2026-09-26T21:16:42Z,2026-09-26 17:16:45.788698
71123be049587b6facce3a20c53e5d09,2026-09-27T17:00:00Z,Pittsburgh Steelers,Cincinnati Bengals,betonlineag,player_reception_yds,Mike Gesicki,Under,24.5,-116,2026-09-26T21:16:42Z,2026-09-26 17:16:45.788698
71123be049587b6facce3a20c53e5d09,2026-09-27T17:00:00Z,Pittsburgh Steelers,Cincinnati Bengals,betonlineag,player_reception_yds,Samaje Perine,Over,7.5,-120,2026-09-26T21:16:42Z,2026-09-26 17:16:45.788698
71123be049587b6facce3a20c53e5d09,2026-09-27T17:00:00Z,Pittsburgh Steelers,Cincinnati Bengals,betonlineag,player_reception_yds,Samaje Perine,Under,7.5,-108,2026-09-26T21:16:42Z,2026-09-26 17:16:45.788698
71123be049587b6facce3a20c53e5d09,2026-09-27T17:00:00Z,Pittsburgh Steelers,Cincinnati Bengals,betonlineag,player_reception_yds,Tee Higgins,Over,55.5,-116,2026-09-26T21:16:42Z,2026-09-26 17:16:45.788698
71123be049587b6facce3a20c53e5d09,2026-09-27T17:00:00Z,Pittsburgh Steelers,Cincinnati Bengals,betonlineag,player_reception_yds,Tee Higgins,Under,55.5,-111,2026-09-26T21:16:42Z,2026-09-26 17:16:45.788698
71123be049587b6facce3a20c53e5d09,2026-09-27T17:00:00Z,Pittsburgh Steelers,Cincinnati Bengals,betonlineag,player_reception_yds,Darnell Washington,Over,15.5,-115,2026-09-26T21:16:42Z,2026-09-26 17:16:45.788698
71123be049587b6facce3a20c53e5d09,2026-09-27T17:00:00Z,Pittsburgh Steelers,Cincinnati Bengals,betonlineag,player_reception_yds,Darnell Washington,Under,15.5,-112,2026-09-26T21:16:42Z,2026-09-26 17:16:45.788698
71123be049587b6facce3a20c53e5d09,2026-09-27T17:00:00Z,Pittsburgh Steelers,Cincinnati Bengals,betonlineag,player_reception_yds,Jaylen Warren,Over,26.5,-114,2026-09-26T21:16:42Z,2026-09-26 17:16:45.788698
71123be049587b6facce3a20c53e5d09,2026-09-27T17:00:00Z,Pittsburgh Steelers,Cincinnati Bengals,betonlineag,player_reception_yds,Jaylen Warren,Under,26.5,-114,2026-09-26T21:16:42Z,2026-09-26 17:16:45.788698
71123be049587b6facce3a20c53e5d09,2026-09-27T17:00:00Z,Pittsburgh Steelers,Cincinnati Bengals,betonlineag,player_reception_yds,Pat Freiermuth,Over,38.5,-115,2026-09-26T21:16:42Z,2026-09-26 17:16:45.788698
71123be049587b6facce3a20c53e5d09,2026-09-27T17:00:00Z,Pittsburgh Steelers,Cincinnati Bengals,betonlineag,player_reception_yds,Pat Freiermuth,Under,38.5,-112,2026-09-26T21:16:42Z,2026-09-26 17:16:45.788698
71123be049587b6facce3a20c53e5d09,2026-09-27T17:00:00Z,Pittsburgh Steelers,Cincinnati Bengals,betonlineag,player_reception_yds,Roman Wilson,Over,22.5,-116,2026-09-26T21:16:42Z,2026-09-26 17:16:45.788698
71123be049587b6facce3a20c53e5d09,2026-09-27T17:00:00Z,Pittsburgh Steelers,Cincinnati Bengals,betonlineag,player_reception_yds,Roman Wilson,Under,22.5,-111,2026-09-26T21:16:42Z,2026-09-26 17:16:45.788698
71123be049587b6facce3a20c53e5d09,2026-09-27T17:00:00Z,Pittsburgh Steelers,Cincinnati Bengals,betonlineag,player_reception_yds,Michael Pittman Jr.,Over,26.5,-110,2026-09-26T21:16:42Z,2026-09-26 17:16:45.788698
71123be049587b6facce3a20c53e5d09,2026-09-27T17:00:00Z,Pittsburgh Steelers,Cincinnati Bengals,betonlineag,player_reception_yds,Michael Pittman Jr.,Under,26.5,-118,2026-09-26T21:16:42Z,2026-09-26 17:16:45.788698
71123be049587b6facce3a20c53e5d09,2026-09-27T17:00:00Z,Pittsburgh Steelers,Cincinnati Bengals,betonlineag,player_reception_yds,Erick All,Over,4.5,-116,2026-09-26T21:16:42Z,2026-09-26 17:16:45.788698
71123be049587b6facce3a20c53e5d09,2026-09-27T17:00:00Z,Pittsburgh Steelers,Cincinnati Bengals,betonlineag,player_reception_yds,Erick All,Under,4.5,-111,2026-09-26T21:16:42Z,2026-09-26 17:16:45.788698
71123be049587b6facce3a20c53e5d09,2026-09-27T17:00:00Z,Pittsburgh Steelers,Cincinnati Bengals,betmgm,player_reception_yds,Chase Brown,Over,22.5,-115,2026-09-26T21:16:29Z,2026-09-26 17:16:45.788698
71123be049587b6facce3a20c53e5d09,2026-09-27T17:00:00Z,Pittsburgh Steelers,Cincinnati Bengals,betmgm,player_reception_yds,Chase Brown,Under,22.5,-115,2026-09-26T21:16:29Z,2026-09-26 17:16:45.788698
71123be049587b6facce3a20c53e5d09,2026-09-27T17:00:00Z,Pittsburgh Steelers,Cincinnati Bengals,betmgm,player_reception_yds,Ja'Marr Chase,Over,77.5,-115,2026-09-26T21:16:29Z,2026-09-26 17:16:45.788698
71123be049587b6facce3a20c53e5d09,2026-09-27T17:00:00Z,Pittsburgh Steelers,Cincinnati Bengals,betmgm,player_reception_yds,Ja'Marr Chase,Under,77.5,-115,2026-09-26T21:16:29Z,2026-09-26 17:16:45.788698
71123be049587b6facce3a20c53e5d09,2026-09-27T17:00:00Z,Pittsburgh Steelers,Cincinnati Bengals,betmgm,player_reception_yds,Mike Gesicki,Over,24.5,-115,2026-09-26T21:16:29Z,2026-09-26 17:16:45.788698
71123be049587b6facce3a20c53e5d09,2026-09-27T17:00:00Z,Pittsburgh Steelers,Cincinnati Bengals,betmgm,player_reception_yds,Mike Gesicki,Under,24.5,-115,2026-09-26T21:16:29Z,2026-09-26 17:16:45.788698
71123be049587b6facce3a20c53e5d09,2026-09-27T17:00:00Z,Pittsburgh Steelers,Cincinnati Bengals,betmgm,player_reception_yds,Jaylen Warren,Over,25.5,-115,2026-09-26T21:16:29Z,2026-09-26 17:16:45.788698
71123be049587b6facce3a20c53e5d09,2026-09-27T17:00:00Z,Pittsburgh Steelers,Cincinnati Bengals,betmgm,player_reception_yds,Jaylen Warren,Under,25.5,-115,2026-09-26T21:16:29Z,2026-09-26 17:16:45.788698
71123be049587b6facce3a20c53e5d09,2026-09-27T17:00:00Z,Pittsburgh Steelers,Cincinnati Bengals,betmgm,player_reception_yds,Pat Freiermuth,Over,36.5,-115,2026-09-26T21:16:29Z,2026-09-26 17:16:45.788698
71123be049587b6facce3a20c53e5d09,2026-09-27T17:00:00Z,Pittsburgh Steelers,Cincinnati Bengals,betmgm,player_reception_yds,Pat Freiermuth,Under,36.5,-115,2026-09-26T21:16:29Z,2026-09-26 17:16:45.788698
71123be049587b6facce3a20c53e5d09,2026-09-27T17:00:00Z,Pittsburgh Steelers,Cincinnati Bengals,betmgm,player_reception_yds,Tee Higgins,Over,54.5,-115,2026-09-26T21:16:29Z,2026-09-26 17:16:45.788698
71123be049587b6facce3a20c53e5d09,2026-09-27T17:00:00Z,Pittsburgh Steelers,Cincinnati Bengals,betmgm,player_reception_yds,Tee Higgins,Under,54.5,-115,2026-09-26T21:16:29Z,2026-09-26 17:16:45.788698
71123be049587b6facce3a20c53e5d09,2026-09-27T17:00:00Z,Pittsburgh Steelers,Cincinnati Bengals,betmgm,player_reception_yds,Darnell Washington,Over,13.5,-120,2026-09-26T21:16:29Z,2026-09-26 17:16:45.788698
71123be049587b6facce3a20c53e5d09,2026-09-27T17:00:00Z,Pittsburgh Steelers,Cincinnati Bengals,betmgm,player_reception_yds,Darnell Washington,Under,13.5,-111,2026-09-26T21:16:29Z,2026-09-26 17:16:45.788698
71123be049587b6facce3a20c53e5d09,2026-09-27T17:00:00Z,Pittsburgh Steelers,Cincinnati Bengals,betmgm,player_reception_yds,DK Metcalf,Over,51.5,-115,2026-09-26T21:16:29Z,2026-09-26 17:16:45.788698
71123be049587b6facce3a20c53e5d09,2026-09-27T17:00:00Z,Pittsburgh Steelers,Cincinnati Bengals,betmgm,player_reception_yds,DK Metcalf,Under,51.5,-115,2026-09-26T21:16:29Z,2026-09-26 17:16:45.788698
71123be049587b6facce3a20c53e5d09,2026-09-27T17:00:00Z,Pittsburgh Steelers,Cincinnati Bengals,betmgm,player_reception_yds,Samaje Perine,Over,8.5,-110,2026-09-26T21:16:29Z,2026-09-26 17:16:45.788698
71123be049587b6facce3a20c53e5d09,2026-09-27T17:00:00Z,Pittsburgh Steelers,Cincinnati Bengals,betmgm,player_reception_yds,Samaje Perine,Under,8.5,-120,2026-09-26T21:16:29Z,2026-09-26 17:16:45.788698
71123be049587b6facce3a20c53e5d09,2026-09-27T17:00:00Z,Pittsburgh Steelers,Cincinnati Bengals,bovada,player_reception_yds,Chase Brown,Over,22.5,-110,2026-09-26T21:15:41Z,2026-09-26 17:16:45.788698
71123be049587b6facce3a20c53e5d09,2026-09-27T17:00:00Z,Pittsburgh Steelers,Cincinnati Bengals,bovada,player_reception_yds,Chase Brown,Under,22.5,-120,2026-09-26T21:15:41Z,2026-09-26 17:16:45.788698
71123be049587b6facce3a20c53e5d09,2026-09-27T17:00:00Z,Pittsburgh Steelers,Cincinnati Bengals,bovada,player_reception_yds,Darnell Washington,Over,14.5,-110,2026-09-26T21:15:41Z,2026-09-26 17:16:45.788698
71123be049587b6facce3a20c53e5d09,2026-09-27T17:00:00Z,Pittsburgh Steelers,Cincinnati Bengals,bovada,player_reception_yds,Darnell Washington,Under,14.5,-120,2026-09-26T21:15:41Z,2026-09-26 17:16:45.788698
71123be049587b6facce3a20c53e5d09,2026-09-27T17:00:00Z,Pittsburgh Steelers,Cincinnati Bengals,bovada,player_reception_yds,DK Metcalf,Over,51.5,-110,2026-09-26T21:15:41Z,2026-09-26 17:16:45.788698
71123be049587b6facce3a20c53e5d09,2026-09-27T17:00:00Z,Pittsburgh Steelers,Cincinnati Bengals,bovada,player_reception_yds,DK Metcalf,Under,51.5,-120,2026-09-26T21:15:41Z,2026-09-26 17:16:45.788698
71123be049587b6facce3a20c53e5d09,2026-09-27T17:00:00Z,Pittsburgh Steelers,Cincinnati Bengals,bovada,player_reception_yds,Erick All,Over,4.5,-115,2026-09-26T21:15:41Z,2026-09-26 17:16:45.788698
71123be049587b6facce3a20c53e5d09,2026-09-27T17:00:00Z,Pittsburgh Steelers,Cincinnati Bengals,bovada,player_reception_yds,Erick All,Under,4.5,-115,2026-09-26T21:15:41Z,2026-09-26 17:16:45.788698
71123be049587b6facce3a20c53e5d09,2026-09-27T17:00:00Z,Pittsburgh Steelers,Cincinnati Bengals,bovada,player_reception_yds,Ja'Marr Chase,Over,77.5,-115,2026-09-26T21:15:41Z,2026-09-26 17:16:45.788698
71123be049587b6facce3a20c53e5d09,2026-09-27T17:00:00Z,Pittsburgh Steelers,Cincinnati Bengals,bovada,player_reception_yds,Ja'Marr Chase,Under,77.5,-115,2026-09-26T21:15:41Z,2026-09-26 17:16:45.788698
71123be049587b6facce3a20c53e5d09,2026-09-27T17:00:00Z,Pittsburgh Steelers,Cincinnati Bengals,bovada,player_reception_yds,Jaylen Warren,Over,26.5,-115,2026-09-26T21:15:41Z,2026-09-26 17:16:45.788698
71123be049587b6facce3a20c53e5d09,2026-09-27T17:00:00Z,Pittsburgh Steelers,Cincinnati Bengals,bovada,player_reception_yds,Jaylen Warren,Under,26.5,-115,2026-09-26T21:15:41Z,2026-09-26 17:16:45.788698
71123be049587b6facce3a20c53e5d09,2026-09-27T17:00:00Z,Pittsburgh Steelers,Cincinnati Bengals,bovada,player_reception_yds,Michael Pittman Jr.,Over,26.5,-110,2026-09-26T21:15:41Z,2026-09-26 17:16:45.788698
71123be049587b6facce3a20c53e5d09,2026-09-27T17:00:00Z,Pittsburgh Steelers,Cincinnati Bengals,bovada,player_reception_yds,Michael Pittman Jr.,Under,26.5,-120,2026-09-26T21:15:41Z,2026-09-26 17:16:45.788698
71123be049587b6facce3a20c53e5d09,2026-09-27T17:00:00Z,Pittsburgh Steelers,Cincinnati Bengals,bovada,player_reception_yds,Mike Gesicki,Over,24.5,-115,2026-09-26T21:15:41Z,2026-09-26 17:16:45.788698
71123be049587b6facce3a20c53e5d09,2026-09-27T17:00:00Z,Pittsburgh Steelers,Cincinnati Bengals,bovada,player_reception_yds,Mike Gesicki,Under,24.5,-115,2026-09-26T21:15:41Z,2026-09-26 17:16:45.788698
71123be049587b6facce3a20c53e5d09,2026-09-27T17:00:00Z,Pittsburgh Steelers,Cincinnati Bengals,bovada,player_reception_yds,Pat Freiermuth,Over,36.5,-110,2026-09-26T21:15:41Z,2026-09-26 17:16:45.788698
71123be049587b6facce3a20c53e5d09,2026-09-27T17:00:00Z,Pittsburgh Steelers,Cincinnati Bengals,bovada,player_reception_yds,Pat Freiermuth,Under,36.5,-120,2026-09-26T21:15:41Z,2026-09-26 17:16:45.788698
71123be049587b6facce3a20c53e5d09,2026-09-27T17:00:00Z,Pittsburgh Steelers,Cincinnati Bengals,bovada,player_reception_yds,Roman Wilson,Over,23.5,-115,2026-09-26T21:15:41Z,2026-09-26 17:16:45.788698
71123be049587b6facce3a20c53e5d09,2026-09-27T17:00:00Z,Pittsburgh Steelers,Cincinnati Bengals,bovada,player_reception_yds,Roman Wilson,Under,23.5,-115,2026-09-26T21:15:41Z,2026-09-26 17:16:45.788698
71123be049587b6facce3a20c53e5d09,2026-09-27T17:00:00Z,Pittsburgh Steelers,Cincinnati Bengals,bovada,player_reception_yds,Samaje Perine,Over,7.5,-125,2026-09-26T21:15:41Z,2026-09-26 17:16:45.788698
71123be049587b6facce3a20c53e5d09,2026-09-27T17:00:00Z,Pittsburgh Steelers,Cincinnati Bengals,bovada,player_reception_yds,Samaje Perine,Under,7.5,-105,2026-09-26T21:15:41Z,2026-09-26 17:16:45.788698
71123be049587b6facce3a20c53e5d09,2026-09-27T17:00:00Z,Pittsburgh Steelers,Cincinnati Bengals,bovada,player_reception_yds,Tee Higgins,Over,55.5,-115,2026-09-26T21:15:41Z,2026-09-26 17:16:45.788698
71123be049587b6facce3a20c53e5d09,2026-09-27T17:00:00Z,Pittsburgh Steelers,Cincinnati Bengals,bovada,player_reception_yds,Tee Higgins,Under,55.5,-115,2026-09-26T21:15:41Z,2026-09-26 17:16:45.788698
07f552badfa8a565d1be22123713e4da,2026-09-27T17:00:00Z,Detroit Lions,New York Jets,draftkings,player_reception_yds,Amon-Ra St. Brown,Over,78.5,-111,2026-09-26T21:15:55Z,2026-09-26 17:16:47.107366
07f552badfa8a565d1be22123713e4da,2026-09-27T17:00:00Z,Detroit Lions,New York Jets,draftkings,player_reception_yds,Amon-Ra St. Brown,Under,78.5,-113,2026-09-26T21:15:55Z,2026-09-26 17:16:47.107366
07f552badfa8a565d1be22123713e4da,2026-09-27T17:00:00Z,Detroit Lions,New York Jets,draftkings,player_reception_yds,Garrett Wilson,Over,78.5,-110,2026-09-26T21:15:55Z,2026-09-26 17:16:47.107366
07f552badfa8a565d1be22123713e4da,2026-09-27T17:00:00Z,Detroit Lions,New York Jets,draftkings,player_reception_yds,Garrett Wilson,Under,78.5,-114,2026-09-26T21:15:55Z,2026-09-26 17:16:47.107366
07f552badfa8a565d1be22123713e4da,2026-09-27T17:00:00Z,Detroit Lions,New York Jets,draftkings,player_reception_yds,Jameson Williams,Over,54.5,-110,2026-09-26T21:15:55Z,2026-09-26 17:16:47.107366
07f552badfa8a565d1be22123713e4da,2026-09-27T17:00:00Z,Detroit Lions,New York Jets,draftkings,player_reception_yds,Jameson Williams,Under,54.5,-114,2026-09-26T21:15:55Z,2026-09-26 17:16:47.107366
07f552badfa8a565d1be22123713e4da,2026-09-27T17:00:00Z,Detroit Lions,New York Jets,draftkings,player_reception_yds,Sam LaPorta,Over,46.5,-114,2026-09-26T21:15:55Z,2026-09-26 17:16:47.107366
07f552badfa8a565d1be22123713e4da,2026-09-27T17:00:00Z,Detroit Lions,New York Jets,draftkings,player_reception_yds,Sam LaPorta,Under,46.5,-110,2026-09-26T21:15:55Z,2026-09-26 17:16:47.107366
07f552badfa8a565d1be22123713e4da,2026-09-27T17:00:00Z,Detroit Lions,New York Jets,draftkings,player_reception_yds,Adonai Mitchell,Over,45.5,-113,2026-09-26T21:15:55Z,2026-09-26 17:16:47.107366
07f552badfa8a565d1be22123713e4da,2026-09-27T17:00:00Z,Detroit Lions,New York Jets,draftkings,player_reception_yds,Adonai Mitchell,Under,45.5,-111,2026-09-26T21:15:55Z,2026-09-26 17:16:47.107366
07f552badfa8a565d1be22123713e4da,2026-09-27T17:00:00Z,Detroit Lions,New York Jets,draftkings,player_reception_yds,Jahmyr Gibbs,Over,34.5,-109,2026-09-26T21:15:55Z,2026-09-26 17:16:47.107366
07f552badfa8a565d1be22123713e4da,2026-09-27T17:00:00Z,Detroit Lions,New York Jets,draftkings,player_reception_yds,Jahmyr Gibbs,Under,34.5,-115,2026-09-26T21:15:55Z,2026-09-26 17:16:47.107366
07f552badfa8a565d1be22123713e4da,2026-09-27T17:00:00Z,Detroit Lions,New York Jets,draftkings,player_reception_yds,Kenyon Sadiq,Over,27.5,-116,2026-09-26T21:15:55Z,2026-09-26 17:16:47.107366
07f552badfa8a565d1be22123713e4da,2026-09-27T17:00:00Z,Detroit Lions,New York Jets,draftkings,player_reception_yds,Kenyon Sadiq,Under,27.5,-109,2026-09-26T21:15:55Z,2026-09-26 17:16:47.107366
07f552badfa8a565d1be22123713e4da,2026-09-27T17:00:00Z,Detroit Lions,New York Jets,draftkings,player_reception_yds,Isaiah Williams,Over,25.5,-112,2026-09-26T21:15:55Z,2026-09-26 17:16:47.107366
07f552badfa8a565d1be22123713e4da,2026-09-27T17:00:00Z,Detroit Lions,New York Jets,draftkings,player_reception_yds,Isaiah Williams,Under,25.5,-112,2026-09-26T21:15:55Z,2026-09-26 17:16:47.107366
07f552badfa8a565d1be22123713e4da,2026-09-27T17:00:00Z,Detroit Lions,New York Jets,draftkings,player_reception_yds,Breece Hall,Over,22.5,-114,2026-09-26T21:15:55Z,2026-09-26 17:16:47.107366
07f552badfa8a565d1be22123713e4da,2026-09-27T17:00:00Z,Detroit Lions,New York Jets,draftkings,player_reception_yds,Breece Hall,Under,22.5,-110,2026-09-26T21:15:55Z,2026-09-26 17:16:47.107366
07f552badfa8a565d1be22123713e4da,2026-09-27T17:00:00Z,Detroit Lions,New York Jets,draftkings,player_reception_yds,Isaac TeSlaa,Over,15.5,-116,2026-09-26T21:15:55Z,2026-09-26 17:16:47.107366
07f552badfa8a565d1be22123713e4da,2026-09-27T17:00:00Z,Detroit Lions,New York Jets,draftkings,player_reception_yds,Isaac TeSlaa,Under,15.5,-108,2026-09-26T21:15:55Z,2026-09-26 17:16:47.107366
07f552badfa8a565d1be22123713e4da,2026-09-27T17:00:00Z,Detroit Lions,New York Jets,fanduel,player_reception_yds,Isaac TeSlaa,Over,15.5,-113,2026-09-26T21:16:15Z,2026-09-26 17:16:47.107366
07f552badfa8a565d1be22123713e4da,2026-09-27T17:00:00Z,Detroit Lions,New York Jets,fanduel,player_reception_yds,Isaac TeSlaa,Under,15.5,-113,2026-09-26T21:16:15Z,2026-09-26 17:16:47.107366
07f552badfa8a565d1be22123713e4da,2026-09-27T17:00:00Z,Detroit Lions,New York Jets,fanduel,player_reception_yds,Sam LaPorta,Over,45.5,-113,2026-09-26T21:16:15Z,2026-09-26 17:16:47.107366
07f552badfa8a565d1be22123713e4da,2026-09-27T17:00:00Z,Detroit Lions,New York Jets,fanduel,player_reception_yds,Sam LaPorta,Under,45.5,-113,2026-09-26T21:16:15Z,2026-09-26 17:16:47.107366
07f552badfa8a565d1be22123713e4da,2026-09-27T17:00:00Z,Detroit Lions,New York Jets,fanduel,player_reception_yds,Isaiah Williams,Over,25.5,-113,2026-09-26T21:16:15Z,2026-09-26 17:16:47.107366
07f552badfa8a565d1be22123713e4da,2026-09-27T17:00:00Z,Detroit Lions,New York Jets,fanduel,player_reception_yds,Isaiah Williams,Under,25.5,-113,2026-09-26T21:16:15Z,2026-09-26 17:16:47.107366
07f552badfa8a565d1be22123713e4da,2026-09-27T17:00:00Z,Detroit Lions,New York Jets,fanduel,player_reception_yds,Breece Hall,Over,21.5,-113,2026-09-26T21:16:15Z,2026-09-26 17:16:47.107366
07f552badfa8a565d1be22123713e4da,2026-09-27T17:00:00Z,Detroit Lions,New York Jets,fanduel,player_reception_yds,Breece Hall,Under,21.5,-113,2026-09-26T21:16:15Z,2026-09-26 17:16:47.107366
07f552badfa8a565d1be22123713e4da,2026-09-27T17:00:00Z,Detroit Lions,New York Jets,fanduel,player_reception_yds,Adonai Mitchell,Over,43.5,-113,2026-09-26T21:16:15Z,2026-09-26 17:16:47.107366
07f552badfa8a565d1be22123713e4da,2026-09-27T17:00:00Z,Detroit Lions,New York Jets,fanduel,player_reception_yds,Adonai Mitchell,Under,43.5,-113,2026-09-26T21:16:15Z,2026-09-26 17:16:47.107366
07f552badfa8a565d1be22123713e4da,2026-09-27T17:00:00Z,Detroit Lions,New York Jets,fanduel,player_reception_yds,Kenyon Sadiq,Over,28.5,-113,2026-09-26T21:16:15Z,2026-09-26 17:16:47.107366
07f552badfa8a565d1be22123713e4da,2026-09-27T17:00:00Z,Detroit Lions,New York Jets,fanduel,player_reception_yds,Kenyon Sadiq,Under,28.5,-113,2026-09-26T21:16:15Z,2026-09-26 17:16:47.107366
07f552badfa8a565d1be22123713e4da,2026-09-27T17:00:00Z,Detroit Lions,New York Jets,fanduel,player_reception_yds,Garrett Wilson,Over,74.5,-113,2026-09-26T21:16:15Z,2026-09-26 17:16:47.107366
07f552badfa8a565d1be22123713e4da,2026-09-27T17:00:00Z,Detroit Lions,New York Jets,fanduel,player_reception_yds,Garrett Wilson,Under,74.5,-113,2026-09-26T21:16:15Z,2026-09-26 17:16:47.107366
07f552badfa8a565d1be22123713e4da,2026-09-27T17:00:00Z,Detroit Lions,New York Jets,fanduel,player_reception_yds,Jahmyr Gibbs,Over,35.5,-113,2026-09-26T21:16:15Z,2026-09-26 17:16:47.107366
07f552badfa8a565d1be22123713e4da,2026-09-27T17:00:00Z,Detroit Lions,New York Jets,fanduel,player_reception_yds,Jahmyr Gibbs,Under,35.5,-113,2026-09-26T21:16:15Z,2026-09-26 17:16:47.107366
07f552badfa8a565d1be22123713e4da,2026-09-27T17:00:00Z,Detroit Lions,New York Jets,fanduel,player_reception_yds,Jameson Williams,Over,54.5,-113,2026-09-26T21:16:15Z,2026-09-26 17:16:47.107366
07f552badfa8a565d1be22123713e4da,2026-09-27T17:00:00Z,Detroit Lions,New York Jets,fanduel,player_reception_yds,Jameson Williams,Under,54.5,-113,2026-09-26T21:16:15Z,2026-09-26 17:16:47.107366
07f552badfa8a565d1be22123713e4da,2026-09-27T17:00:00Z,Detroit Lions,New York Jets,fanduel,player_reception_yds,Amon-Ra St. Brown,Over,75.5,-113,2026-09-26T21:16:15Z,2026-09-26 17:16:47.107366
07f552badfa8a565d1be22123713e4da,2026-09-27T17:00:00Z,Detroit Lions,New York Jets,fanduel,player_reception_yds,Amon-Ra St. Brown,Under,75.5,-113,2026-09-26T21:16:15Z,2026-09-26 17:16:47.107366
07f552badfa8a565d1be22123713e4da,2026-09-27T17:00:00Z,Detroit Lions,New York Jets,betrivers,player_reception_yds,Isaac TeSlaa,Over,15.5,-115,2026-09-26T21:16:43Z,2026-09-26 17:16:47.107366
07f552badfa8a565d1be22123713e4da,2026-09-27T17:00:00Z,Detroit Lions,New York Jets,betrivers,player_reception_yds,Isaac TeSlaa,Under,15.5,-115,2026-09-26T21:16:43Z,2026-09-26 17:16:47.107366
07f552badfa8a565d1be22123713e4da,2026-09-27T17:00:00Z,Detroit Lions,New York Jets,betrivers,player_reception_yds,Breece Hall,Over,21.5,-117,2026-09-26T21:16:43Z,2026-09-26 17:16:47.107366
07f552badfa8a565d1be22123713e4da,2026-09-27T17:00:00Z,Detroit Lions,New York Jets,betrivers,player_reception_yds,Breece Hall,Under,21.5,-114,2026-09-26T21:16:43Z,2026-09-26 17:16:47.107366
07f552badfa8a565d1be22123713e4da,2026-09-27T17:00:00Z,Detroit Lions,New York Jets,betrivers,player_reception_yds,Sam LaPorta,Over,46.5,-115,2026-09-26T21:16:43Z,2026-09-26 17:16:47.107366
07f552badfa8a565d1be22123713e4da,2026-09-27T17:00:00Z,Detroit Lions,New York Jets,betrivers,player_reception_yds,Sam LaPorta,Under,46.5,-115,2026-09-26T21:16:43Z,2026-09-26 17:16:47.107366
07f552badfa8a565d1be22123713e4da,2026-09-27T17:00:00Z,Detroit Lions,New York Jets,betrivers,player_reception_yds,Adonai Mitchell,Over,45.5,-118,2026-09-26T21:16:43Z,2026-09-26 17:16:47.107366
07f552badfa8a565d1be22123713e4da,2026-09-27T17:00:00Z,Detroit Lions,New York Jets,betrivers,player_reception_yds,Adonai Mitchell,Under,45.5,-113,2026-09-26T21:16:43Z,2026-09-26 17:16:47.107366
07f552badfa8a565d1be22123713e4da,2026-09-27T17:00:00Z,Detroit Lions,New York Jets,betrivers,player_reception_yds,Jahmyr Gibbs,Over,34.5,-112,2026-09-26T21:16:43Z,2026-09-26 17:16:47.107366
07f552badfa8a565d1be22123713e4da,2026-09-27T17:00:00Z,Detroit Lions,New York Jets,betrivers,player_reception_yds,Jahmyr Gibbs,Under,34.5,-118,2026-09-26T21:16:43Z,2026-09-26 17:16:47.107366
07f552badfa8a565d1be22123713e4da,2026-09-27T17:00:00Z,Detroit Lions,New York Jets,betrivers,player_reception_yds,Jameson Williams,Over,52.5,-114,2026-09-26T21:16:43Z,2026-09-26 17:16:47.107366
07f552badfa8a565d1be22123713e4da,2026-09-27T17:00:00Z,Detroit Lions,New York Jets,betrivers,player_reception_yds,Jameson Williams,Under,52.5,-115,2026-09-26T21:16:43Z,2026-09-26 17:16:47.107366
07f552badfa8a565d1be22123713e4da,2026-09-27T17:00:00Z,Detroit Lions,New York Jets,betrivers,player_reception_yds,Kenyon Sadiq,Over,28.5,-114,2026-09-26T21:16:43Z,2026-09-26 17:16:47.107366
07f552badfa8a565d1be22123713e4da,2026-09-27T17:00:00Z,Detroit Lions,New York Jets,betrivers,player_reception_yds,Kenyon Sadiq,Under,28.5,-117,2026-09-26T21:16:43Z,2026-09-26 17:16:47.107366
07f552badfa8a565d1be22123713e4da,2026-09-27T17:00:00Z,Detroit Lions,New York Jets,betrivers,player_reception_yds,Amon-Ra St. Brown,Over,76.5,-118,2026-09-26T21:16:43Z,2026-09-26 17:16:47.107366
07f552badfa8a565d1be22123713e4da,2026-09-27T17:00:00Z,Detroit Lions,New York Jets,betrivers,player_reception_yds,Amon-Ra St. Brown,Under,76.5,-113,2026-09-26T21:16:43Z,2026-09-26 17:16:47.107366
07f552badfa8a565d1be22123713e4da,2026-09-27T17:00:00Z,Detroit Lions,New York Jets,betrivers,player_reception_yds,Garrett Wilson,Over,76.5,-115,2026-09-26T21:16:43Z,2026-09-26 17:16:47.107366
07f552badfa8a565d1be22123713e4da,2026-09-27T17:00:00Z,Detroit Lions,New York Jets,betrivers,player_reception_yds,Garrett Wilson,Under,76.5,-115,2026-09-26T21:16:43Z,2026-09-26 17:16:47.107366
07f552badfa8a565d1be22123713e4da,2026-09-27T17:00:00Z,Detroit Lions,New York Jets,betrivers,player_reception_yds,Isaiah Williams,Over,26.5,-115,2026-09-26T21:16:43Z,2026-09-26 17:16:47.107366
07f552badfa8a565d1be22123713e4da,2026-09-27T17:00:00Z,Detroit Lions,New York Jets,betrivers,player_reception_yds,Isaiah Williams,Under,26.5,-115,2026-09-26T21:16:43Z,2026-09-26 17:16:47.107366
07f552badfa8a565d1be22123713e4da,2026-09-27T17:00:00Z,Detroit Lions,New York Jets,betonlineag,player_reception_yds,Jahmyr Gibbs,Over,35.5,-114,2026-09-26T21:15:54Z,2026-09-26 17:16:47.107366
07f552badfa8a565d1be22123713e4da,2026-09-27T17:00:00Z,Detroit Lions,New York Jets,betonlineag,player_reception_yds,Jahmyr Gibbs,Under,35.5,-114,2026-09-26T21:15:54Z,2026-09-26 17:16:47.107366
07f552badfa8a565d1be22123713e4da,2026-09-27T17:00:00Z,Detroit Lions,New York Jets,betonlineag,player_reception_yds,Breece Hall,Over,21.5,-114,2026-09-26T21:15:54Z,2026-09-26 17:16:47.107366
07f552badfa8a565d1be22123713e4da,2026-09-27T17:00:00Z,Detroit Lions,New York Jets,betonlineag,player_reception_yds,Breece Hall,Under,21.5,-114,2026-09-26T21:15:54Z,2026-09-26 17:16:47.107366
07f552badfa8a565d1be22123713e4da,2026-09-27T17:00:00Z,Detroit Lions,New York Jets,betonlineag,player_reception_yds,Jameson Williams,Over,54.5,-114,2026-09-26T21:15:54Z,2026-09-26 17:16:47.107366
07f552badfa8a565d1be22123713e4da,2026-09-27T17:00:00Z,Detroit Lions,New York Jets,betonlineag,player_reception_yds,Jameson Williams,Under,54.5,-114,2026-09-26T21:15:54Z,2026-09-26 17:16:47.107366
07f552badfa8a565d1be22123713e4da,2026-09-27T17:00:00Z,Detroit Lions,New York Jets,betonlineag,player_reception_yds,Amon-Ra St. Brown,Over,78.5,-115,2026-09-26T21:15:54Z,2026-09-26 17:16:47.107366
07f552badfa8a565d1be22123713e4da,2026-09-27T17:00:00Z,Detroit Lions,New York Jets,betonlineag,player_reception_yds,Amon-Ra St. Brown,Under,78.5,-112,2026-09-26T21:15:54Z,2026-09-26 17:16:47.107366
07f552badfa8a565d1be22123713e4da,2026-09-27T17:00:00Z,Detroit Lions,New York Jets,betonlineag,player_reception_yds,Isaac TeSlaa,Over,15.5,-116,2026-09-26T21:15:54Z,2026-09-26 17:16:47.107366
07f552badfa8a565d1be22123713e4da,2026-09-27T17:00:00Z,Detroit Lions,New York Jets,betonlineag,player_reception_yds,Isaac TeSlaa,Under,15.5,-111,2026-09-26T21:15:54Z,2026-09-26 17:16:47.107366
07f552badfa8a565d1be22123713e4da,2026-09-27T17:00:00Z,Detroit Lions,New York Jets,betonlineag,player_reception_yds,Isaiah Williams,Over,25.5,-118,2026-09-26T21:15:54Z,2026-09-26 17:16:47.107366
07f552badfa8a565d1be22123713e4da,2026-09-27T17:00:00Z,Detroit Lions,New York Jets,betonlineag,player_reception_yds,Isaiah Williams,Under,25.5,-110,2026-09-26T21:15:54Z,2026-09-26 17:16:47.107366
07f552badfa8a565d1be22123713e4da,2026-09-27T17:00:00Z,Detroit Lions,New York Jets,betonlineag,player_reception_yds,Sam LaPorta,Over,46.5,-114,2026-09-26T21:15:54Z,2026-09-26 17:16:47.107366
07f552badfa8a565d1be22123713e4da,2026-09-27T17:00:00Z,Detroit Lions,New York Jets,betonlineag,player_reception_yds,Sam LaPorta,Under,46.5,-114,2026-09-26T21:15:54Z,2026-09-26 17:16:47.107366
07f552badfa8a565d1be22123713e4da,2026-09-27T17:00:00Z,Detroit Lions,New York Jets,betonlineag,player_reception_yds,Kenyon Sadiq,Over,28.5,-114,2026-09-26T21:15:54Z,2026-09-26 17:16:47.107366
07f552badfa8a565d1be22123713e4da,2026-09-27T17:00:00Z,Detroit Lions,New York Jets,betonlineag,player_reception_yds,Kenyon Sadiq,Under,28.5,-114,2026-09-26T21:15:54Z,2026-09-26 17:16:47.107366
07f552badfa8a565d1be22123713e4da,2026-09-27T17:00:00Z,Detroit Lions,New York Jets,betonlineag,player_reception_yds,Garrett Wilson,Over,78.5,-114,2026-09-26T21:15:54Z,2026-09-26 17:16:47.107366
07f552badfa8a565d1be22123713e4da,2026-09-27T17:00:00Z,Detroit Lions,New York Jets,betonlineag,player_reception_yds,Garrett Wilson,Under,78.5,-114,2026-09-26T21:15:54Z,2026-09-26 17:16:47.107366
07f552badfa8a565d1be22123713e4da,2026-09-27T17:00:00Z,Detroit Lions,New York Jets,betmgm,player_reception_yds,Jahmyr Gibbs,Over,38.5,-111,2026-09-26T21:14:19Z,2026-09-26 17:16:47.107366
07f552badfa8a565d1be22123713e4da,2026-09-27T17:00:00Z,Detroit Lions,New York Jets,betmgm,player_reception_yds,Jahmyr Gibbs,Under,38.5,-120,2026-09-26T21:14:19Z,2026-09-26 17:16:47.107366
07f552badfa8a565d1be22123713e4da,2026-09-27T17:00:00Z,Detroit Lions,New York Jets,betmgm,player_reception_yds,Sam LaPorta,Over,46.5,-115,2026-09-26T21:14:19Z,2026-09-26 17:16:47.107366
07f552badfa8a565d1be22123713e4da,2026-09-27T17:00:00Z,Detroit Lions,New York Jets,betmgm,player_reception_yds,Sam LaPorta,Under,46.5,-115,2026-09-26T21:14:19Z,2026-09-26 17:16:47.107366
07f552badfa8a565d1be22123713e4da,2026-09-27T17:00:00Z,Detroit Lions,New York Jets,betmgm,player_reception_yds,Isaiah Williams,Over,25.5,-111,2026-09-26T21:14:19Z,2026-09-26 17:16:47.107366
07f552badfa8a565d1be22123713e4da,2026-09-27T17:00:00Z,Detroit Lions,New York Jets,betmgm,player_reception_yds,Isaiah Williams,Under,25.5,-120,2026-09-26T21:14:19Z,2026-09-26 17:16:47.107366
07f552badfa8a565d1be22123713e4da,2026-09-27T17:00:00Z,Detroit Lions,New York Jets,betmgm,player_reception_yds,Jameson Williams,Over,53.5,-115,2026-09-26T21:14:19Z,2026-09-26 17:16:47.107366
07f552badfa8a565d1be22123713e4da,2026-09-27T17:00:00Z,Detroit Lions,New York Jets,betmgm,player_reception_yds,Jameson Williams,Under,53.5,-115,2026-09-26T21:14:19Z,2026-09-26 17:16:47.107366
07f552badfa8a565d1be22123713e4da,2026-09-27T17:00:00Z,Detroit Lions,New York Jets,betmgm,player_reception_yds,Isaac TeSlaa,Over,15.5,-115,2026-09-26T21:14:19Z,2026-09-26 17:16:47.107366
07f552badfa8a565d1be22123713e4da,2026-09-27T17:00:00Z,Detroit Lions,New York Jets,betmgm,player_reception_yds,Isaac TeSlaa,Under,15.5,-115,2026-09-26T21:14:19Z,2026-09-26 17:16:47.107366
07f552badfa8a565d1be22123713e4da,2026-09-27T17:00:00Z,Detroit Lions,New York Jets,betmgm,player_reception_yds,Garrett Wilson,Over,75.5,-115,2026-09-26T21:14:19Z,2026-09-26 17:16:47.107366
07f552badfa8a565d1be22123713e4da,2026-09-27T17:00:00Z,Detroit Lions,New York Jets,betmgm,player_reception_yds,Garrett Wilson,Under,75.5,-115,2026-09-26T21:14:19Z,2026-09-26 17:16:47.107366
07f552badfa8a565d1be22123713e4da,2026-09-27T17:00:00Z,Detroit Lions,New York Jets,betmgm,player_reception_yds,Amon-Ra St. Brown,Over,79.5,-115,2026-09-26T21:14:19Z,2026-09-26 17:16:47.107366
07f552badfa8a565d1be22123713e4da,2026-09-27T17:00:00Z,Detroit Lions,New York Jets,betmgm,player_reception_yds,Amon-Ra St. Brown,Under,79.5,-115,2026-09-26T21:14:19Z,2026-09-26 17:16:47.107366
07f552badfa8a565d1be22123713e4da,2026-09-27T17:00:00Z,Detroit Lions,New York Jets,betmgm,player_reception_yds,Kenyon Sadiq,Over,30.5,-120,2026-09-26T21:14:19Z,2026-09-26 17:16:47.107366
07f552badfa8a565d1be22123713e4da,2026-09-27T17:00:00Z,Detroit Lions,New York Jets,betmgm,player_reception_yds,Kenyon Sadiq,Under,30.5,-111,2026-09-26T21:14:19Z,2026-09-26 17:16:47.107366
07f552badfa8a565d1be22123713e4da,2026-09-27T17:00:00Z,Detroit Lions,New York Jets,bovada,player_reception_yds,Adonai Mitchell,Over,45.5,-115,2026-09-26T21:14:52Z,2026-09-26 17:16:47.107366
07f552badfa8a565d1be22123713e4da,2026-09-27T17:00:00Z,Detroit Lions,New York Jets,bovada,player_reception_yds,Adonai Mitchell,Under,45.5,-115,2026-09-26T21:14:52Z,2026-09-26 17:16:47.107366
07f552badfa8a565d1be22123713e4da,2026-09-27T17:00:00Z,Detroit Lions,New York Jets,bovada,player_reception_yds,Amon-Ra St. Brown,Over,78.5,-115,2026-09-26T21:14:52Z,2026-09-26 17:16:47.107366
07f552badfa8a565d1be22123713e4da,2026-09-27T17:00:00Z,Detroit Lions,New York Jets,bovada,player_reception_yds,Amon-Ra St. Brown,Under,78.5,-115,2026-09-26T21:14:52Z,2026-09-26 17:16:47.107366
07f552badfa8a565d1be22123713e4da,2026-09-27T17:00:00Z,Detroit Lions,New York Jets,bovada,player_reception_yds,Breece Hall,Over,22.5,-115,2026-09-26T21:14:52Z,2026-09-26 17:16:47.107366
07f552badfa8a565d1be22123713e4da,2026-09-27T17:00:00Z,Detroit Lions,New York Jets,bovada,player_reception_yds,Breece Hall,Under,22.5,-115,2026-09-26T21:14:52Z,2026-09-26 17:16:47.107366
07f552badfa8a565d1be22123713e4da,2026-09-27T17:00:00Z,Detroit Lions,New York Jets,bovada,player_reception_yds,Garrett Wilson,Over,78.5,-115,2026-09-26T21:14:52Z,2026-09-26 17:16:47.107366
07f552badfa8a565d1be22123713e4da,2026-09-27T17:00:00Z,Detroit Lions,New York Jets,bovada,player_reception_yds,Garrett Wilson,Under,78.5,-115,2026-09-26T21:14:52Z,2026-09-26 17:16:47.107366
07f552badfa8a565d1be22123713e4da,2026-09-27T17:00:00Z,Detroit Lions,New York Jets,bovada,player_reception_yds,Isaac TeSlaa,Over,15.5,-120,2026-09-26T21:14:52Z,2026-09-26 17:16:47.107366
07f552badfa8a565d1be22123713e4da,2026-09-27T17:00:00Z,Detroit Lions,New York Jets,bovada,player_reception_yds,Isaac TeSlaa,Under,15.5,-110,2026-09-26T21:14:52Z,2026-09-26 17:16:47.107366
07f552badfa8a565d1be22123713e4da,2026-09-27T17:00:00Z,Detroit Lions,New York Jets,bovada,player_reception_yds,Isaiah Williams,Over,25.5,-115,2026-09-26T21:14:52Z,2026-09-26 17:16:47.107366
07f552badfa8a565d1be22123713e4da,2026-09-27T17:00:00Z,Detroit Lions,New York Jets,bovada,player_reception_yds,Isaiah Williams,Under,25.5,-115,2026-09-26T21:14:52Z,2026-09-26 17:16:47.107366
07f552badfa8a565d1be22123713e4da,2026-09-27T17:00:00Z,Detroit Lions,New York Jets,bovada,player_reception_yds,Jahmyr Gibbs,Over,34.5,-110,2026-09-26T21:14:52Z,2026-09-26 17:16:47.107366
07f552badfa8a565d1be22123713e4da,2026-09-27T17:00:00Z,Detroit Lions,New York Jets,bovada,player_reception_yds,Jahmyr Gibbs,Under,34.5,-120,2026-09-26T21:14:52Z,2026-09-26 17:16:47.107366
07f552badfa8a565d1be22123713e4da,2026-09-27T17:00:00Z,Detroit Lions,New York Jets,bovada,player_reception_yds,Jameson Williams,Over,54.5,-115,2026-09-26T21:14:52Z,2026-09-26 17:16:47.107366
07f552badfa8a565d1be22123713e4da,2026-09-27T17:00:00Z,Detroit Lions,New York Jets,bovada,player_reception_yds,Jameson Williams,Under,54.5,-115,2026-09-26T21:14:52Z,2026-09-26 17:16:47.107366
07f552badfa8a565d1be22123713e4da,2026-09-27T17:00:00Z,Detroit Lions,New York Jets,bovada,player_reception_yds,Kenyon Sadiq,Over,27.5,-120,2026-09-26T21:14:52Z,2026-09-26 17:16:47.107366
07f552badfa8a565d1be22123713e4da,2026-09-27T17:00:00Z,Detroit Lions,New York Jets,bovada,player_reception_yds,Kenyon Sadiq,Under,27.5,-110,2026-09-26T21:14:52Z,2026-09-26 17:16:47.107366
07f552badfa8a565d1be22123713e4da,2026-09-27T17:00:00Z,Detroit Lions,New York Jets,bovada,player_reception_yds,Sam LaPorta,Over,46.5,-115,2026-09-26T21:14:52Z,2026-09-26 17:16:47.107366
07f552badfa8a565d1be22123713e4da,2026-09-27T17:00:00Z,Detroit Lions,New York Jets,bovada,player_reception_yds,Sam LaPorta,Under,46.5,-115,2026-09-26T21:14:52Z,2026-09-26 17:16:47.107366
17a730b7d399feeab6a78c30767c29d2,2026-09-27T17:00:00Z,Indianapolis Colts,Houston Texans,draftkings,player_reception_yds,Josh Downs,Over,50.5,-112,2026-09-26T21:15:53Z,2026-09-26 17:16:47.708489
17a730b7d399feeab6a78c30767c29d2,2026-09-27T17:00:00Z,Indianapolis Colts,Houston Texans,draftkings,player_reception_yds,Josh Downs,Under,50.5,-112,2026-09-26T21:15:53Z,2026-09-26 17:16:47.708489
17a730b7d399feeab6a78c30767c29d2,2026-09-27T17:00:00Z,Indianapolis Colts,Houston Texans,draftkings,player_reception_yds,Dalton Schultz,Over,48.5,-113,2026-09-26T21:15:53Z,2026-09-26 17:16:47.708489
17a730b7d399feeab6a78c30767c29d2,2026-09-27T17:00:00Z,Indianapolis Colts,Houston Texans,draftkings,player_reception_yds,Dalton Schultz,Under,48.5,-111,2026-09-26T21:15:53Z,2026-09-26 17:16:47.708489
17a730b7d399feeab6a78c30767c29d2,2026-09-27T17:00:00Z,Indianapolis Colts,Houston Texans,draftkings,player_reception_yds,Tyler Warren,Over,46.5,-112,2026-09-26T21:15:53Z,2026-09-26 17:16:47.708489
17a730b7d399feeab6a78c30767c29d2,2026-09-27T17:00:00Z,Indianapolis Colts,Houston Texans,draftkings,player_reception_yds,Tyler Warren,Under,46.5,-112,2026-09-26T21:15:53Z,2026-09-26 17:16:47.708489
17a730b7d399feeab6a78c30767c29d2,2026-09-27T17:00:00Z,Indianapolis Colts,Houston Texans,draftkings,player_reception_yds,Xavier Hutchinson,Over,39.5,-110,2026-09-26T21:15:53Z,2026-09-26 17:16:47.708489
17a730b7d399feeab6a78c30767c29d2,2026-09-27T17:00:00Z,Indianapolis Colts,Houston Texans,draftkings,player_reception_yds,Xavier Hutchinson,Under,39.5,-114,2026-09-26T21:15:53Z,2026-09-26 17:16:47.708489
17a730b7d399feeab6a78c30767c29d2,2026-09-27T17:00:00Z,Indianapolis Colts,Houston Texans,draftkings,player_reception_yds,Kayshon Boutte,Over,38.5,-110,2026-09-26T21:15:53Z,2026-09-26 17:16:47.708489
17a730b7d399feeab6a78c30767c29d2,2026-09-27T17:00:00Z,Indianapolis Colts,Houston Texans,draftkings,player_reception_yds,Kayshon Boutte,Under,38.5,-114,2026-09-26T21:15:53Z,2026-09-26 17:16:47.708489
17a730b7d399feeab6a78c30767c29d2,2026-09-27T17:00:00Z,Indianapolis Colts,Houston Texans,draftkings,player_reception_yds,Keenan Allen,Over,34.5,-108,2026-09-26T21:15:53Z,2026-09-26 17:16:47.708489
17a730b7d399feeab6a78c30767c29d2,2026-09-27T17:00:00Z,Indianapolis Colts,Houston Texans,draftkings,player_reception_yds,Keenan Allen,Under,34.5,-116,2026-09-26T21:15:53Z,2026-09-26 17:16:47.708489
17a730b7d399feeab6a78c30767c29d2,2026-09-27T17:00:00Z,Indianapolis Colts,Houston Texans,draftkings,player_reception_yds,Jaylin Noel,Over,28.5,-114,2026-09-26T21:15:53Z,2026-09-26 17:16:47.708489
17a730b7d399feeab6a78c30767c29d2,2026-09-27T17:00:00Z,Indianapolis Colts,Houston Texans,draftkings,player_reception_yds,Jaylin Noel,Under,28.5,-110,2026-09-26T21:15:53Z,2026-09-26 17:16:47.708489
17a730b7d399feeab6a78c30767c29d2,2026-09-27T17:00:00Z,Indianapolis Colts,Houston Texans,draftkings,player_reception_yds,Jonathan Taylor,Over,22.5,-113,2026-09-26T21:15:53Z,2026-09-26 17:16:47.708489
17a730b7d399feeab6a78c30767c29d2,2026-09-27T17:00:00Z,Indianapolis Colts,Houston Texans,draftkings,player_reception_yds,Jonathan Taylor,Under,22.5,-111,2026-09-26T21:15:53Z,2026-09-26 17:16:47.708489
17a730b7d399feeab6a78c30767c29d2,2026-09-27T17:00:00Z,Indianapolis Colts,Houston Texans,draftkings,player_reception_yds,Laquon Treadwell,Over,18.5,-115,2026-09-26T21:15:53Z,2026-09-26 17:16:47.708489
17a730b7d399feeab6a78c30767c29d2,2026-09-27T17:00:00Z,Indianapolis Colts,Houston Texans,draftkings,player_reception_yds,Laquon Treadwell,Under,18.5,-109,2026-09-26T21:15:53Z,2026-09-26 17:16:47.708489
17a730b7d399feeab6a78c30767c29d2,2026-09-27T17:00:00Z,Indianapolis Colts,Houston Texans,draftkings,player_reception_yds,Jared Wayne,Over,15.5,-112,2026-09-26T21:15:53Z,2026-09-26 17:16:47.708489
17a730b7d399feeab6a78c30767c29d2,2026-09-27T17:00:00Z,Indianapolis Colts,Houston Texans,draftkings,player_reception_yds,Jared Wayne,Under,15.5,-112,2026-09-26T21:15:53Z,2026-09-26 17:16:47.708489
17a730b7d399feeab6a78c30767c29d2,2026-09-27T17:00:00Z,Indianapolis Colts,Houston Texans,draftkings,player_reception_yds,Woody Marks,Over,11.5,-107,2026-09-26T21:15:53Z,2026-09-26 17:16:47.708489
17a730b7d399feeab6a78c30767c29d2,2026-09-27T17:00:00Z,Indianapolis Colts,Houston Texans,draftkings,player_reception_yds,Woody Marks,Under,11.5,-117,2026-09-26T21:15:53Z,2026-09-26 17:16:47.708489
17a730b7d399feeab6a78c30767c29d2,2026-09-27T17:00:00Z,Indianapolis Colts,Houston Texans,draftkings,player_reception_yds,Darius Slayton,Over,9.5,-117,2026-09-26T21:15:53Z,2026-09-26 17:16:47.708489
17a730b7d399feeab6a78c30767c29d2,2026-09-27T17:00:00Z,Indianapolis Colts,Houston Texans,draftkings,player_reception_yds,Darius Slayton,Under,9.5,-107,2026-09-26T21:15:53Z,2026-09-26 17:16:47.708489
17a730b7d399feeab6a78c30767c29d2,2026-09-27T17:00:00Z,Indianapolis Colts,Houston Texans,draftkings,player_reception_yds,David Montgomery,Over,9.5,-109,2026-09-26T21:15:53Z,2026-09-26 17:16:47.708489
17a730b7d399feeab6a78c30767c29d2,2026-09-27T17:00:00Z,Indianapolis Colts,Houston Texans,draftkings,player_reception_yds,David Montgomery,Under,9.5,-115,2026-09-26T21:15:53Z,2026-09-26 17:16:47.708489
17a730b7d399feeab6a78c30767c29d2,2026-09-27T17:00:00Z,Indianapolis Colts,Houston Texans,fanduel,player_reception_yds,Keenan Allen,Over,32.5,-113,2026-09-26T21:16:22Z,2026-09-26 17:16:47.708489
17a730b7d399feeab6a78c30767c29d2,2026-09-27T17:00:00Z,Indianapolis Colts,Houston Texans,fanduel,player_reception_yds,Keenan Allen,Under,32.5,-113,2026-09-26T21:16:22Z,2026-09-26 17:16:47.708489
17a730b7d399feeab6a78c30767c29d2,2026-09-27T17:00:00Z,Indianapolis Colts,Houston Texans,fanduel,player_reception_yds,Kayshon Boutte,Over,37.5,-113,2026-09-26T21:16:22Z,2026-09-26 17:16:47.708489
17a730b7d399feeab6a78c30767c29d2,2026-09-27T17:00:00Z,Indianapolis Colts,Houston Texans,fanduel,player_reception_yds,Kayshon Boutte,Under,37.5,-113,2026-09-26T21:16:22Z,2026-09-26 17:16:47.708489
17a730b7d399feeab6a78c30767c29d2,2026-09-27T17:00:00Z,Indianapolis Colts,Houston Texans,fanduel,player_reception_yds,Jonathan Taylor,Over,21.5,-113,2026-09-26T21:16:22Z,2026-09-26 17:16:47.708489
17a730b7d399feeab6a78c30767c29d2,2026-09-27T17:00:00Z,Indianapolis Colts,Houston Texans,fanduel,player_reception_yds,Jonathan Taylor,Under,21.5,-113,2026-09-26T21:16:22Z,2026-09-26 17:16:47.708489
17a730b7d399feeab6a78c30767c29d2,2026-09-27T17:00:00Z,Indianapolis Colts,Houston Texans,fanduel,player_reception_yds,David Montgomery,Over,9.5,-113,2026-09-26T21:16:22Z,2026-09-26 17:16:47.708489
17a730b7d399feeab6a78c30767c29d2,2026-09-27T17:00:00Z,Indianapolis Colts,Houston Texans,fanduel,player_reception_yds,David Montgomery,Under,9.5,-113,2026-09-26T21:16:22Z,2026-09-26 17:16:47.708489
17a730b7d399feeab6a78c30767c29d2,2026-09-27T17:00:00Z,Indianapolis Colts,Houston Texans,fanduel,player_reception_yds,Jaylin Noel,Over,27.5,-113,2026-09-26T21:16:22Z,2026-09-26 17:16:47.708489
17a730b7d399feeab6a78c30767c29d2,2026-09-27T17:00:00Z,Indianapolis Colts,Houston Texans,fanduel,player_reception_yds,Jaylin Noel,Under,27.5,-113,2026-09-26T21:16:22Z,2026-09-26 17:16:47.708489
17a730b7d399feeab6a78c30767c29d2,2026-09-27T17:00:00Z,Indianapolis Colts,Houston Texans,fanduel,player_reception_yds,Jared Wayne,Over,16.5,-113,2026-09-26T21:16:22Z,2026-09-26 17:16:47.708489
17a730b7d399feeab6a78c30767c29d2,2026-09-27T17:00:00Z,Indianapolis Colts,Houston Texans,fanduel,player_reception_yds,Jared Wayne,Under,16.5,-113,2026-09-26T21:16:22Z,2026-09-26 17:16:47.708489
17a730b7d399feeab6a78c30767c29d2,2026-09-27T17:00:00Z,Indianapolis Colts,Houston Texans,fanduel,player_reception_yds,Woody Marks,Over,11.5,-113,2026-09-26T21:16:22Z,2026-09-26 17:16:47.708489
17a730b7d399feeab6a78c30767c29d2,2026-09-27T17:00:00Z,Indianapolis Colts,Houston Texans,fanduel,player_reception_yds,Woody Marks,Under,11.5,-113,2026-09-26T21:16:22Z,2026-09-26 17:16:47.708489
17a730b7d399feeab6a78c30767c29d2,2026-09-27T17:00:00Z,Indianapolis Colts,Houston Texans,fanduel,player_reception_yds,Laquon Treadwell,Over,18.5,-113,2026-09-26T21:16:22Z,2026-09-26 17:16:47.708489
17a730b7d399feeab6a78c30767c29d2,2026-09-27T17:00:00Z,Indianapolis Colts,Houston Texans,fanduel,player_reception_yds,Laquon Treadwell,Under,18.5,-113,2026-09-26T21:16:22Z,2026-09-26 17:16:47.708489
17a730b7d399feeab6a78c30767c29d2,2026-09-27T17:00:00Z,Indianapolis Colts,Houston Texans,fanduel,player_reception_yds,Dalton Schultz,Over,49.5,-113,2026-09-26T21:16:22Z,2026-09-26 17:16:47.708489
17a730b7d399feeab6a78c30767c29d2,2026-09-27T17:00:00Z,Indianapolis Colts,Houston Texans,fanduel,player_reception_yds,Dalton Schultz,Under,49.5,-113,2026-09-26T21:16:22Z,2026-09-26 17:16:47.708489
17a730b7d399feeab6a78c30767c29d2,2026-09-27T17:00:00Z,Indianapolis Colts,Houston Texans,fanduel,player_reception_yds,Tyler Warren,Over,46.5,-113,2026-09-26T21:16:22Z,2026-09-26 17:16:47.708489
17a730b7d399feeab6a78c30767c29d2,2026-09-27T17:00:00Z,Indianapolis Colts,Houston Texans,fanduel,player_reception_yds,Tyler Warren,Under,46.5,-113,2026-09-26T21:16:22Z,2026-09-26 17:16:47.708489
17a730b7d399feeab6a78c30767c29d2,2026-09-27T17:00:00Z,Indianapolis Colts,Houston Texans,fanduel,player_reception_yds,Xavier Hutchinson,Over,38.5,-113,2026-09-26T21:16:22Z,2026-09-26 17:16:47.708489
17a730b7d399feeab6a78c30767c29d2,2026-09-27T17:00:00Z,Indianapolis Colts,Houston Texans,fanduel,player_reception_yds,Xavier Hutchinson,Under,38.5,-113,2026-09-26T21:16:22Z,2026-09-26 17:16:47.708489
17a730b7d399feeab6a78c30767c29d2,2026-09-27T17:00:00Z,Indianapolis Colts,Houston Texans,fanduel,player_reception_yds,Josh Downs,Over,50.5,-113,2026-09-26T21:16:22Z,2026-09-26 17:16:47.708489
17a730b7d399feeab6a78c30767c29d2,2026-09-27T17:00:00Z,Indianapolis Colts,Houston Texans,fanduel,player_reception_yds,Josh Downs,Under,50.5,-113,2026-09-26T21:16:22Z,2026-09-26 17:16:47.708489
17a730b7d399feeab6a78c30767c29d2,2026-09-27T17:00:00Z,Indianapolis Colts,Houston Texans,fanduel,player_reception_yds,Darius Slayton,Over,11.5,-113,2026-09-26T21:16:22Z,2026-09-26 17:16:47.708489
17a730b7d399feeab6a78c30767c29d2,2026-09-27T17:00:00Z,Indianapolis Colts,Houston Texans,fanduel,player_reception_yds,Darius Slayton,Under,11.5,-113,2026-09-26T21:16:22Z,2026-09-26 17:16:47.708489
17a730b7d399feeab6a78c30767c29d2,2026-09-27T17:00:00Z,Indianapolis Colts,Houston Texans,betrivers,player_reception_yds,Josh Downs,Over,49.5,-114,2026-09-26T21:16:08Z,2026-09-26 17:16:47.708489
17a730b7d399feeab6a78c30767c29d2,2026-09-27T17:00:00Z,Indianapolis Colts,Houston Texans,betrivers,player_reception_yds,Josh Downs,Under,49.5,-117,2026-09-26T21:16:08Z,2026-09-26 17:16:47.708489
17a730b7d399feeab6a78c30767c29d2,2026-09-27T17:00:00Z,Indianapolis Colts,Houston Texans,betrivers,player_reception_yds,Tyler Warren,Over,44.5,-118,2026-09-26T21:16:08Z,2026-09-26 17:16:47.708489
17a730b7d399feeab6a78c30767c29d2,2026-09-27T17:00:00Z,Indianapolis Colts,Houston Texans,betrivers,player_reception_yds,Tyler Warren,Under,44.5,-113,2026-09-26T21:16:08Z,2026-09-26 17:16:47.708489
17a730b7d399feeab6a78c30767c29d2,2026-09-27T17:00:00Z,Indianapolis Colts,Houston Texans,betrivers,player_reception_yds,Dalton Schultz,Over,49.5,-117,2026-09-26T21:16:08Z,2026-09-26 17:16:47.708489
17a730b7d399feeab6a78c30767c29d2,2026-09-27T17:00:00Z,Indianapolis Colts,Houston Texans,betrivers,player_reception_yds,Dalton Schultz,Under,49.5,-114,2026-09-26T21:16:08Z,2026-09-26 17:16:47.708489
17a730b7d399feeab6a78c30767c29d2,2026-09-27T17:00:00Z,Indianapolis Colts,Houston Texans,betrivers,player_reception_yds,Jared Wayne,Over,14.5,-118,2026-09-26T21:16:08Z,2026-09-26 17:16:47.708489
17a730b7d399feeab6a78c30767c29d2,2026-09-27T17:00:00Z,Indianapolis Colts,Houston Texans,betrivers,player_reception_yds,Jared Wayne,Under,14.5,-113,2026-09-26T21:16:08Z,2026-09-26 17:16:47.708489
17a730b7d399feeab6a78c30767c29d2,2026-09-27T17:00:00Z,Indianapolis Colts,Houston Texans,betrivers,player_reception_yds,Xavier Hutchinson,Over,38.5,-117,2026-09-26T21:16:08Z,2026-09-26 17:16:47.708489
17a730b7d399feeab6a78c30767c29d2,2026-09-27T17:00:00Z,Indianapolis Colts,Houston Texans,betrivers,player_reception_yds,Xavier Hutchinson,Under,38.5,-113,2026-09-26T21:16:08Z,2026-09-26 17:16:47.708489
17a730b7d399feeab6a78c30767c29d2,2026-09-27T17:00:00Z,Indianapolis Colts,Houston Texans,betrivers,player_reception_yds,Jonathan Taylor,Over,19.5,-117,2026-09-26T21:16:08Z,2026-09-26 17:16:47.708489
17a730b7d399feeab6a78c30767c29d2,2026-09-27T17:00:00Z,Indianapolis Colts,Houston Texans,betrivers,player_reception_yds,Jonathan Taylor,Under,19.5,-114,2026-09-26T21:16:08Z,2026-09-26 17:16:47.708489
17a730b7d399feeab6a78c30767c29d2,2026-09-27T17:00:00Z,Indianapolis Colts,Houston Texans,betrivers,player_reception_yds,Jaylin Noel,Over,26.5,-117,2026-09-26T21:16:08Z,2026-09-26 17:16:47.708489
17a730b7d399feeab6a78c30767c29d2,2026-09-27T17:00:00Z,Indianapolis Colts,Houston Texans,betrivers,player_reception_yds,Jaylin Noel,Under,26.5,-114,2026-09-26T21:16:08Z,2026-09-26 17:16:47.708489
17a730b7d399feeab6a78c30767c29d2,2026-09-27T17:00:00Z,Indianapolis Colts,Houston Texans,betrivers,player_reception_yds,Darius Slayton,Over,12.5,-112,2026-09-26T21:16:08Z,2026-09-26 17:16:47.708489
17a730b7d399feeab6a78c30767c29d2,2026-09-27T17:00:00Z,Indianapolis Colts,Houston Texans,betrivers,player_reception_yds,Darius Slayton,Under,12.5,-120,2026-09-26T21:16:08Z,2026-09-26 17:16:47.708489
17a730b7d399feeab6a78c30767c29d2,2026-09-27T17:00:00Z,Indianapolis Colts,Houston Texans,betrivers,player_reception_yds,Woody Marks,Over,10.5,-118,2026-09-26T21:16:08Z,2026-09-26 17:16:47.708489
17a730b7d399feeab6a78c30767c29d2,2026-09-27T17:00:00Z,Indianapolis Colts,Houston Texans,betrivers,player_reception_yds,Woody Marks,Under,10.5,-113,2026-09-26T21:16:08Z,2026-09-26 17:16:47.708489
17a730b7d399feeab6a78c30767c29d2,2026-09-27T17:00:00Z,Indianapolis Colts,Houston Texans,betrivers,player_reception_yds,Keenan Allen,Over,32.5,-112,2026-09-26T21:16:08Z,2026-09-26 17:16:47.708489
17a730b7d399feeab6a78c30767c29d2,2026-09-27T17:00:00Z,Indianapolis Colts,Houston Texans,betrivers,player_reception_yds,Keenan Allen,Under,32.5,-120,2026-09-26T21:16:08Z,2026-09-26 17:16:47.708489
17a730b7d399feeab6a78c30767c29d2,2026-09-27T17:00:00Z,Indianapolis Colts,Houston Texans,betrivers,player_reception_yds,Laquon Treadwell,Over,16.5,-114,2026-09-26T21:16:08Z,2026-09-26 17:16:47.708489
17a730b7d399feeab6a78c30767c29d2,2026-09-27T17:00:00Z,Indianapolis Colts,Houston Texans,betrivers,player_reception_yds,Laquon Treadwell,Under,16.5,-117,2026-09-26T21:16:08Z,2026-09-26 17:16:47.708489
17a730b7d399feeab6a78c30767c29d2,2026-09-27T17:00:00Z,Indianapolis Colts,Houston Texans,betrivers,player_reception_yds,Kayshon Boutte,Over,35.5,-113,2026-09-26T21:16:08Z,2026-09-26 17:16:47.708489
17a730b7d399feeab6a78c30767c29d2,2026-09-27T17:00:00Z,Indianapolis Colts,Houston Texans,betrivers,player_reception_yds,Kayshon Boutte,Under,35.5,-118,2026-09-26T21:16:08Z,2026-09-26 17:16:47.708489
17a730b7d399feeab6a78c30767c29d2,2026-09-27T17:00:00Z,Indianapolis Colts,Houston Texans,betonlineag,player_reception_yds,Dalton Schultz,Over,49.5,-114,2026-09-26T21:16:00Z,2026-09-26 17:16:47.708489
17a730b7d399feeab6a78c30767c29d2,2026-09-27T17:00:00Z,Indianapolis Colts,Houston Texans,betonlineag,player_reception_yds,Dalton Schultz,Under,49.5,-114,2026-09-26T21:16:00Z,2026-09-26 17:16:47.708489
17a730b7d399feeab6a78c30767c29d2,2026-09-27T17:00:00Z,Indianapolis Colts,Houston Texans,betonlineag,player_reception_yds,Josh Downs,Over,50.5,-116,2026-09-26T21:16:00Z,2026-09-26 17:16:47.708489
17a730b7d399feeab6a78c30767c29d2,2026-09-27T17:00:00Z,Indianapolis Colts,Houston Texans,betonlineag,player_reception_yds,Josh Downs,Under,50.5,-111,2026-09-26T21:16:00Z,2026-09-26 17:16:47.708489
17a730b7d399feeab6a78c30767c29d2,2026-09-27T17:00:00Z,Indianapolis Colts,Houston Texans,betonlineag,player_reception_yds,Kayshon Boutte,Over,37.5,-114,2026-09-26T21:16:00Z,2026-09-26 17:16:47.708489
17a730b7d399feeab6a78c30767c29d2,2026-09-27T17:00:00Z,Indianapolis Colts,Houston Texans,betonlineag,player_reception_yds,Kayshon Boutte,Under,37.5,-114,2026-09-26T21:16:00Z,2026-09-26 17:16:47.708489
17a730b7d399feeab6a78c30767c29d2,2026-09-27T17:00:00Z,Indianapolis Colts,Houston Texans,betonlineag,player_reception_yds,Xavier Hutchinson,Over,38.5,-115,2026-09-26T21:16:00Z,2026-09-26 17:16:47.708489
17a730b7d399feeab6a78c30767c29d2,2026-09-27T17:00:00Z,Indianapolis Colts,Houston Texans,betonlineag,player_reception_yds,Xavier Hutchinson,Under,38.5,-112,2026-09-26T21:16:00Z,2026-09-26 17:16:47.708489
17a730b7d399feeab6a78c30767c29d2,2026-09-27T17:00:00Z,Indianapolis Colts,Houston Texans,betonlineag,player_reception_yds,Keenan Allen,Over,32.5,-112,2026-09-26T21:16:00Z,2026-09-26 17:16:47.708489
17a730b7d399feeab6a78c30767c29d2,2026-09-27T17:00:00Z,Indianapolis Colts,Houston Texans,betonlineag,player_reception_yds,Keenan Allen,Under,32.5,-115,2026-09-26T21:16:00Z,2026-09-26 17:16:47.708489
17a730b7d399feeab6a78c30767c29d2,2026-09-27T17:00:00Z,Indianapolis Colts,Houston Texans,betonlineag,player_reception_yds,Jaylin Noel,Over,29.5,-114,2026-09-26T21:16:00Z,2026-09-26 17:16:47.708489
17a730b7d399feeab6a78c30767c29d2,2026-09-27T17:00:00Z,Indianapolis Colts,Houston Texans,betonlineag,player_reception_yds,Jaylin Noel,Under,29.5,-114,2026-09-26T21:16:00Z,2026-09-26 17:16:47.708489
17a730b7d399feeab6a78c30767c29d2,2026-09-27T17:00:00Z,Indianapolis Colts,Houston Texans,betonlineag,player_reception_yds,David Montgomery,Over,8.5,-119,2026-09-26T21:16:00Z,2026-09-26 17:16:47.708489
17a730b7d399feeab6a78c30767c29d2,2026-09-27T17:00:00Z,Indianapolis Colts,Houston Texans,betonlineag,player_reception_yds,David Montgomery,Under,8.5,-109,2026-09-26T21:16:00Z,2026-09-26 17:16:47.708489
17a730b7d399feeab6a78c30767c29d2,2026-09-27T17:00:00Z,Indianapolis Colts,Houston Texans,betonlineag,player_reception_yds,Woody Marks,Over,11.5,-111,2026-09-26T21:16:00Z,2026-09-26 17:16:47.708489
17a730b7d399feeab6a78c30767c29d2,2026-09-27T17:00:00Z,Indianapolis Colts,Houston Texans,betonlineag,player_reception_yds,Woody Marks,Under,11.5,-116,2026-09-26T21:16:00Z,2026-09-26 17:16:47.708489
17a730b7d399feeab6a78c30767c29d2,2026-09-27T17:00:00Z,Indianapolis Colts,Houston Texans,betonlineag,player_reception_yds,Jonathan Taylor,Over,21.5,-114,2026-09-26T21:16:00Z,2026-09-26 17:16:47.708489
17a730b7d399feeab6a78c30767c29d2,2026-09-27T17:00:00Z,Indianapolis Colts,Houston Texans,betonlineag,player_reception_yds,Jonathan Taylor,Under,21.5,-114,2026-09-26T21:16:00Z,2026-09-26 17:16:47.708489
17a730b7d399feeab6a78c30767c29d2,2026-09-27T17:00:00Z,Indianapolis Colts,Houston Texans,betonlineag,player_reception_yds,Tyler Warren,Over,46.5,-115,2026-09-26T21:16:00Z,2026-09-26 17:16:47.708489
17a730b7d399feeab6a78c30767c29d2,2026-09-27T17:00:00Z,Indianapolis Colts,Houston Texans,betonlineag,player_reception_yds,Tyler Warren,Under,46.5,-112,2026-09-26T21:16:00Z,2026-09-26 17:16:47.708489
17a730b7d399feeab6a78c30767c29d2,2026-09-27T17:00:00Z,Indianapolis Colts,Houston Texans,betonlineag,player_reception_yds,Jared Wayne,Over,15.5,-114,2026-09-26T21:16:00Z,2026-09-26 17:16:47.708489
17a730b7d399feeab6a78c30767c29d2,2026-09-27T17:00:00Z,Indianapolis Colts,Houston Texans,betonlineag,player_reception_yds,Jared Wayne,Under,15.5,-114,2026-09-26T21:16:00Z,2026-09-26 17:16:47.708489
17a730b7d399feeab6a78c30767c29d2,2026-09-27T17:00:00Z,Indianapolis Colts,Houston Texans,betonlineag,player_reception_yds,Darius Slayton,Over,10.5,-112,2026-09-26T21:16:00Z,2026-09-26 17:16:47.708489
17a730b7d399feeab6a78c30767c29d2,2026-09-27T17:00:00Z,Indianapolis Colts,Houston Texans,betonlineag,player_reception_yds,Darius Slayton,Under,10.5,-115,2026-09-26T21:16:00Z,2026-09-26 17:16:47.708489
17a730b7d399feeab6a78c30767c29d2,2026-09-27T17:00:00Z,Indianapolis Colts,Houston Texans,betonlineag,player_reception_yds,Laquon Treadwell,Over,18.5,-116,2026-09-26T21:16:00Z,2026-09-26 17:16:47.708489
17a730b7d399feeab6a78c30767c29d2,2026-09-27T17:00:00Z,Indianapolis Colts,Houston Texans,betonlineag,player_reception_yds,Laquon Treadwell,Under,18.5,-111,2026-09-26T21:16:00Z,2026-09-26 17:16:47.708489
17a730b7d399feeab6a78c30767c29d2,2026-09-27T17:00:00Z,Indianapolis Colts,Houston Texans,betmgm,player_reception_yds,David Montgomery,Over,8.5,-110,2026-09-26T21:15:52Z,2026-09-26 17:16:47.708489
17a730b7d399feeab6a78c30767c29d2,2026-09-27T17:00:00Z,Indianapolis Colts,Houston Texans,betmgm,player_reception_yds,David Montgomery,Under,8.5,-118,2026-09-26T21:15:52Z,2026-09-26 17:16:47.708489
17a730b7d399feeab6a78c30767c29d2,2026-09-27T17:00:00Z,Indianapolis Colts,Houston Texans,betmgm,player_reception_yds,Xavier Hutchinson,Over,40.5,-115,2026-09-26T21:15:52Z,2026-09-26 17:16:47.708489
17a730b7d399feeab6a78c30767c29d2,2026-09-27T17:00:00Z,Indianapolis Colts,Houston Texans,betmgm,player_reception_yds,Xavier Hutchinson,Under,40.5,-115,2026-09-26T21:15:52Z,2026-09-26 17:16:47.708489
17a730b7d399feeab6a78c30767c29d2,2026-09-27T17:00:00Z,Indianapolis Colts,Houston Texans,betmgm,player_reception_yds,Woody Marks,Over,10.5,-120,2026-09-26T21:15:52Z,2026-09-26 17:16:47.708489
17a730b7d399feeab6a78c30767c29d2,2026-09-27T17:00:00Z,Indianapolis Colts,Houston Texans,betmgm,player_reception_yds,Woody Marks,Under,10.5,-110,2026-09-26T21:15:52Z,2026-09-26 17:16:47.708489
17a730b7d399feeab6a78c30767c29d2,2026-09-27T17:00:00Z,Indianapolis Colts,Houston Texans,betmgm,player_reception_yds,Jaylin Noel,Over,25.5,-125,2026-09-26T21:15:52Z,2026-09-26 17:16:47.708489
17a730b7d399feeab6a78c30767c29d2,2026-09-27T17:00:00Z,Indianapolis Colts,Houston Texans,betmgm,player_reception_yds,Jaylin Noel,Under,25.5,-105,2026-09-26T21:15:52Z,2026-09-26 17:16:47.708489
17a730b7d399feeab6a78c30767c29d2,2026-09-27T17:00:00Z,Indianapolis Colts,Houston Texans,betmgm,player_reception_yds,Laquon Treadwell,Over,13.5,-135,2026-09-26T21:15:52Z,2026-09-26 17:16:47.708489
17a730b7d399feeab6a78c30767c29d2,2026-09-27T17:00:00Z,Indianapolis Colts,Houston Texans,betmgm,player_reception_yds,Laquon Treadwell,Under,13.5,100,2026-09-26T21:15:52Z,2026-09-26 17:16:47.708489
17a730b7d399feeab6a78c30767c29d2,2026-09-27T17:00:00Z,Indianapolis Colts,Houston Texans,betmgm,player_reception_yds,Jonathan Taylor,Over,20.5,-115,2026-09-26T21:15:52Z,2026-09-26 17:16:47.708489
17a730b7d399feeab6a78c30767c29d2,2026-09-27T17:00:00Z,Indianapolis Colts,Houston Texans,betmgm,player_reception_yds,Jonathan Taylor,Under,20.5,-115,2026-09-26T21:15:52Z,2026-09-26 17:16:47.708489
17a730b7d399feeab6a78c30767c29d2,2026-09-27T17:00:00Z,Indianapolis Colts,Houston Texans,betmgm,player_reception_yds,Tyler Warren,Over,44.5,-115,2026-09-26T21:15:52Z,2026-09-26 17:16:47.708489
17a730b7d399feeab6a78c30767c29d2,2026-09-27T17:00:00Z,Indianapolis Colts,Houston Texans,betmgm,player_reception_yds,Tyler Warren,Under,44.5,-115,2026-09-26T21:15:52Z,2026-09-26 17:16:47.708489
17a730b7d399feeab6a78c30767c29d2,2026-09-27T17:00:00Z,Indianapolis Colts,Houston Texans,betmgm,player_reception_yds,Josh Downs,Over,51.5,-115,2026-09-26T21:15:52Z,2026-09-26 17:16:47.708489
17a730b7d399feeab6a78c30767c29d2,2026-09-27T17:00:00Z,Indianapolis Colts,Houston Texans,betmgm,player_reception_yds,Josh Downs,Under,51.5,-115,2026-09-26T21:15:52Z,2026-09-26 17:16:47.708489
17a730b7d399feeab6a78c30767c29d2,2026-09-27T17:00:00Z,Indianapolis Colts,Houston Texans,betmgm,player_reception_yds,Keenan Allen,Over,31.5,-115,2026-09-26T21:15:52Z,2026-09-26 17:16:47.708489
17a730b7d399feeab6a78c30767c29d2,2026-09-27T17:00:00Z,Indianapolis Colts,Houston Texans,betmgm,player_reception_yds,Keenan Allen,Under,31.5,-115,2026-09-26T21:15:52Z,2026-09-26 17:16:47.708489
17a730b7d399feeab6a78c30767c29d2,2026-09-27T17:00:00Z,Indianapolis Colts,Houston Texans,betmgm,player_reception_yds,Jared Wayne,Over,13.5,-120,2026-09-26T21:15:52Z,2026-09-26 17:16:47.708489
17a730b7d399feeab6a78c30767c29d2,2026-09-27T17:00:00Z,Indianapolis Colts,Houston Texans,betmgm,player_reception_yds,Jared Wayne,Under,13.5,-111,2026-09-26T21:15:52Z,2026-09-26 17:16:47.708489
17a730b7d399feeab6a78c30767c29d2,2026-09-27T17:00:00Z,Indianapolis Colts,Houston Texans,betmgm,player_reception_yds,Dalton Schultz,Over,51.5,-105,2026-09-26T21:15:52Z,2026-09-26 17:16:47.708489
17a730b7d399feeab6a78c30767c29d2,2026-09-27T17:00:00Z,Indianapolis Colts,Houston Texans,betmgm,player_reception_yds,Dalton Schultz,Under,51.5,-125,2026-09-26T21:15:52Z,2026-09-26 17:16:47.708489
17a730b7d399feeab6a78c30767c29d2,2026-09-27T17:00:00Z,Indianapolis Colts,Houston Texans,betmgm,player_reception_yds,Kayshon Boutte,Over,37.5,-115,2026-09-26T21:15:52Z,2026-09-26 17:16:47.708489
17a730b7d399feeab6a78c30767c29d2,2026-09-27T17:00:00Z,Indianapolis Colts,Houston Texans,betmgm,player_reception_yds,Kayshon Boutte,Under,37.5,-115,2026-09-26T21:15:52Z,2026-09-26 17:16:47.708489
17a730b7d399feeab6a78c30767c29d2,2026-09-27T17:00:00Z,Indianapolis Colts,Houston Texans,bovada,player_reception_yds,Dalton Schultz,Over,48.5,-115,2026-09-26T21:14:38Z,2026-09-26 17:16:47.708489
17a730b7d399feeab6a78c30767c29d2,2026-09-27T17:00:00Z,Indianapolis Colts,Houston Texans,bovada,player_reception_yds,Dalton Schultz,Under,48.5,-115,2026-09-26T21:14:38Z,2026-09-26 17:16:47.708489
17a730b7d399feeab6a78c30767c29d2,2026-09-27T17:00:00Z,Indianapolis Colts,Houston Texans,bovada,player_reception_yds,David Montgomery,Over,9.5,-110,2026-09-26T21:14:38Z,2026-09-26 17:16:47.708489
17a730b7d399feeab6a78c30767c29d2,2026-09-27T17:00:00Z,Indianapolis Colts,Houston Texans,bovada,player_reception_yds,David Montgomery,Under,9.5,-120,2026-09-26T21:14:38Z,2026-09-26 17:16:47.708489
17a730b7d399feeab6a78c30767c29d2,2026-09-27T17:00:00Z,Indianapolis Colts,Houston Texans,bovada,player_reception_yds,Jared Wayne,Over,15.5,-115,2026-09-26T21:14:38Z,2026-09-26 17:16:47.708489
17a730b7d399feeab6a78c30767c29d2,2026-09-27T17:00:00Z,Indianapolis Colts,Houston Texans,bovada,player_reception_yds,Jared Wayne,Under,15.5,-115,2026-09-26T21:14:38Z,2026-09-26 17:16:47.708489
17a730b7d399feeab6a78c30767c29d2,2026-09-27T17:00:00Z,Indianapolis Colts,Houston Texans,bovada,player_reception_yds,Jaylin Noel,Over,28.5,-115,2026-09-26T21:14:38Z,2026-09-26 17:16:47.708489
17a730b7d399feeab6a78c30767c29d2,2026-09-27T17:00:00Z,Indianapolis Colts,Houston Texans,bovada,player_reception_yds,Jaylin Noel,Under,28.5,-115,2026-09-26T21:14:38Z,2026-09-26 17:16:47.708489
17a730b7d399feeab6a78c30767c29d2,2026-09-27T17:00:00Z,Indianapolis Colts,Houston Texans,bovada,player_reception_yds,Jonathan Taylor,Over,22.5,-115,2026-09-26T21:14:38Z,2026-09-26 17:16:47.708489
17a730b7d399feeab6a78c30767c29d2,2026-09-27T17:00:00Z,Indianapolis Colts,Houston Texans,bovada,player_reception_yds,Jonathan Taylor,Under,22.5,-115,2026-09-26T21:14:38Z,2026-09-26 17:16:47.708489
17a730b7d399feeab6a78c30767c29d2,2026-09-27T17:00:00Z,Indianapolis Colts,Houston Texans,bovada,player_reception_yds,Josh Downs,Over,50.5,-125,2026-09-26T21:14:38Z,2026-09-26 17:16:47.708489
17a730b7d399feeab6a78c30767c29d2,2026-09-27T17:00:00Z,Indianapolis Colts,Houston Texans,bovada,player_reception_yds,Josh Downs,Under,50.5,-105,2026-09-26T21:14:38Z,2026-09-26 17:16:47.708489
17a730b7d399feeab6a78c30767c29d2,2026-09-27T17:00:00Z,Indianapolis Colts,Houston Texans,bovada,player_reception_yds,Kayshon Boutte,Over,38.5,-115,2026-09-26T21:14:38Z,2026-09-26 17:16:47.708489
17a730b7d399feeab6a78c30767c29d2,2026-09-27T17:00:00Z,Indianapolis Colts,Houston Texans,bovada,player_reception_yds,Kayshon Boutte,Under,38.5,-115,2026-09-26T21:14:38Z,2026-09-26 17:16:47.708489
17a730b7d399feeab6a78c30767c29d2,2026-09-27T17:00:00Z,Indianapolis Colts,Houston Texans,bovada,player_reception_yds,Keenan Allen,Over,34.5,-110,2026-09-26T21:14:38Z,2026-09-26 17:16:47.708489
17a730b7d399feeab6a78c30767c29d2,2026-09-27T17:00:00Z,Indianapolis Colts,Houston Texans,bovada,player_reception_yds,Keenan Allen,Under,34.5,-120,2026-09-26T21:14:38Z,2026-09-26 17:16:47.708489
17a730b7d399feeab6a78c30767c29d2,2026-09-27T17:00:00Z,Indianapolis Colts,Houston Texans,bovada,player_reception_yds,Laquon Treadwell,Over,18.5,-120,2026-09-26T21:14:38Z,2026-09-26 17:16:47.708489
17a730b7d399feeab6a78c30767c29d2,2026-09-27T17:00:00Z,Indianapolis Colts,Houston Texans,bovada,player_reception_yds,Laquon Treadwell,Under,18.5,-110,2026-09-26T21:14:38Z,2026-09-26 17:16:47.708489
17a730b7d399feeab6a78c30767c29d2,2026-09-27T17:00:00Z,Indianapolis Colts,Houston Texans,bovada,player_reception_yds,Tyler Warren,Over,46.5,-115,2026-09-26T21:14:38Z,2026-09-26 17:16:47.708489
17a730b7d399feeab6a78c30767c29d2,2026-09-27T17:00:00Z,Indianapolis Colts,Houston Texans,bovada,player_reception_yds,Tyler Warren,Under,46.5,-115,2026-09-26T21:14:38Z,2026-09-26 17:16:47.708489
17a730b7d399feeab6a78c30767c29d2,2026-09-27T17:00:00Z,Indianapolis Colts,Houston Texans,bovada,player_reception_yds,Woody Marks,Over,11.5,-110,2026-09-26T21:14:38Z,2026-09-26 17:16:47.708489
17a730b7d399feeab6a78c30767c29d2,2026-09-27T17:00:00Z,Indianapolis Colts,Houston Texans,bovada,player_reception_yds,Woody Marks,Under,11.5,-120,2026-09-26T21:14:38Z,2026-09-26 17:16:47.708489
17a730b7d399feeab6a78c30767c29d2,2026-09-27T17:00:00Z,Indianapolis Colts,Houston Texans,bovada,player_reception_yds,Xavier Hutchinson,Over,39.5,-115,2026-09-26T21:14:38Z,2026-09-26 17:16:47.708489
17a730b7d399feeab6a78c30767c29d2,2026-09-27T17:00:00Z,Indianapolis Colts,Houston Texans,bovada,player_reception_yds,Xavier Hutchinson,Under,39.5,-115,2026-09-26T21:14:38Z,2026-09-26 17:16:47.708489
1f3cfd315a24d1a7dd5859a8e6b88e18,2026-09-27T17:00:00Z,Jacksonville Jaguars,New England Patriots,draftkings,player_reception_yds,Parker Washington,Over,67.5,-112,2026-09-26T21:16:35Z,2026-09-26 17:16:48.299994
1f3cfd315a24d1a7dd5859a8e6b88e18,2026-09-27T17:00:00Z,Jacksonville Jaguars,New England Patriots,draftkings,player_reception_yds,Parker Washington,Under,67.5,-112,2026-09-26T21:16:35Z,2026-09-26 17:16:48.299994
1f3cfd315a24d1a7dd5859a8e6b88e18,2026-09-27T17:00:00Z,Jacksonville Jaguars,New England Patriots,draftkings,player_reception_yds,Romeo Doubs,Over,43.5,-114,2026-09-26T21:16:35Z,2026-09-26 17:16:48.299994
1f3cfd315a24d1a7dd5859a8e6b88e18,2026-09-27T17:00:00Z,Jacksonville Jaguars,New England Patriots,draftkings,player_reception_yds,Romeo Doubs,Under,43.5,-110,2026-09-26T21:16:35Z,2026-09-26 17:16:48.299994
1f3cfd315a24d1a7dd5859a8e6b88e18,2026-09-27T17:00:00Z,Jacksonville Jaguars,New England Patriots,draftkings,player_reception_yds,Hunter Henry,Over,42.5,-114,2026-09-26T21:16:35Z,2026-09-26 17:16:48.299994
1f3cfd315a24d1a7dd5859a8e6b88e18,2026-09-27T17:00:00Z,Jacksonville Jaguars,New England Patriots,draftkings,player_reception_yds,Hunter Henry,Under,42.5,-110,2026-09-26T21:16:35Z,2026-09-26 17:16:48.299994
1f3cfd315a24d1a7dd5859a8e6b88e18,2026-09-27T17:00:00Z,Jacksonville Jaguars,New England Patriots,draftkings,player_reception_yds,Brian Thomas Jr,Over,37.5,-115,2026-09-26T21:16:35Z,2026-09-26 17:16:48.299994
1f3cfd315a24d1a7dd5859a8e6b88e18,2026-09-27T17:00:00Z,Jacksonville Jaguars,New England Patriots,draftkings,player_reception_yds,Brian Thomas Jr,Under,37.5,-109,2026-09-26T21:16:35Z,2026-09-26 17:16:48.299994
1f3cfd315a24d1a7dd5859a8e6b88e18,2026-09-27T17:00:00Z,Jacksonville Jaguars,New England Patriots,draftkings,player_reception_yds,Jakobi Meyers,Over,35.5,-111,2026-09-26T21:16:35Z,2026-09-26 17:16:48.299994
1f3cfd315a24d1a7dd5859a8e6b88e18,2026-09-27T17:00:00Z,Jacksonville Jaguars,New England Patriots,draftkings,player_reception_yds,Jakobi Meyers,Under,35.5,-113,2026-09-26T21:16:35Z,2026-09-26 17:16:48.299994
1f3cfd315a24d1a7dd5859a8e6b88e18,2026-09-27T17:00:00Z,Jacksonville Jaguars,New England Patriots,draftkings,player_reception_yds,Mack Hollins,Over,33.5,-114,2026-09-26T21:16:35Z,2026-09-26 17:16:48.299994
1f3cfd315a24d1a7dd5859a8e6b88e18,2026-09-27T17:00:00Z,Jacksonville Jaguars,New England Patriots,draftkings,player_reception_yds,Mack Hollins,Under,33.5,-110,2026-09-26T21:16:35Z,2026-09-26 17:16:48.299994
1f3cfd315a24d1a7dd5859a8e6b88e18,2026-09-27T17:00:00Z,Jacksonville Jaguars,New England Patriots,draftkings,player_reception_yds,DeMario Douglas,Over,29.5,-115,2026-09-26T21:16:35Z,2026-09-26 17:16:48.299994
1f3cfd315a24d1a7dd5859a8e6b88e18,2026-09-27T17:00:00Z,Jacksonville Jaguars,New England Patriots,draftkings,player_reception_yds,DeMario Douglas,Under,29.5,-109,2026-09-26T21:16:35Z,2026-09-26 17:16:48.299994
1f3cfd315a24d1a7dd5859a8e6b88e18,2026-09-27T17:00:00Z,Jacksonville Jaguars,New England Patriots,draftkings,player_reception_yds,Brenton Strange,Over,26.5,-111,2026-09-26T21:16:35Z,2026-09-26 17:16:48.299994
1f3cfd315a24d1a7dd5859a8e6b88e18,2026-09-27T17:00:00Z,Jacksonville Jaguars,New England Patriots,draftkings,player_reception_yds,Brenton Strange,Under,26.5,-113,2026-09-26T21:16:35Z,2026-09-26 17:16:48.299994
1f3cfd315a24d1a7dd5859a8e6b88e18,2026-09-27T17:00:00Z,Jacksonville Jaguars,New England Patriots,draftkings,player_reception_yds,Rhamondre Stevenson,Over,14.5,-109,2026-09-26T21:16:35Z,2026-09-26 17:16:48.299994
1f3cfd315a24d1a7dd5859a8e6b88e18,2026-09-27T17:00:00Z,Jacksonville Jaguars,New England Patriots,draftkings,player_reception_yds,Rhamondre Stevenson,Under,14.5,-115,2026-09-26T21:16:35Z,2026-09-26 17:16:48.299994
1f3cfd315a24d1a7dd5859a8e6b88e18,2026-09-27T17:00:00Z,Jacksonville Jaguars,New England Patriots,draftkings,player_reception_yds,Bhayshul Tuten,Over,10.5,-115,2026-09-26T21:16:35Z,2026-09-26 17:16:48.299994
1f3cfd315a24d1a7dd5859a8e6b88e18,2026-09-27T17:00:00Z,Jacksonville Jaguars,New England Patriots,draftkings,player_reception_yds,Bhayshul Tuten,Under,10.5,-109,2026-09-26T21:16:35Z,2026-09-26 17:16:48.299994
1f3cfd315a24d1a7dd5859a8e6b88e18,2026-09-27T17:00:00Z,Jacksonville Jaguars,New England Patriots,draftkings,player_reception_yds,TreVeyon Henderson,Over,9.5,-107,2026-09-26T21:16:35Z,2026-09-26 17:16:48.299994
1f3cfd315a24d1a7dd5859a8e6b88e18,2026-09-27T17:00:00Z,Jacksonville Jaguars,New England Patriots,draftkings,player_reception_yds,TreVeyon Henderson,Under,9.5,-117,2026-09-26T21:16:35Z,2026-09-26 17:16:48.299994
1f3cfd315a24d1a7dd5859a8e6b88e18,2026-09-27T17:00:00Z,Jacksonville Jaguars,New England Patriots,fanduel,player_reception_yds,Mack Hollins,Over,33.5,-113,2026-09-26T21:16:31Z,2026-09-26 17:16:48.299994
1f3cfd315a24d1a7dd5859a8e6b88e18,2026-09-27T17:00:00Z,Jacksonville Jaguars,New England Patriots,fanduel,player_reception_yds,Mack Hollins,Under,33.5,-113,2026-09-26T21:16:31Z,2026-09-26 17:16:48.299994
1f3cfd315a24d1a7dd5859a8e6b88e18,2026-09-27T17:00:00Z,Jacksonville Jaguars,New England Patriots,fanduel,player_reception_yds,Hunter Henry,Over,41.5,-113,2026-09-26T21:16:31Z,2026-09-26 17:16:48.299994
1f3cfd315a24d1a7dd5859a8e6b88e18,2026-09-27T17:00:00Z,Jacksonville Jaguars,New England Patriots,fanduel,player_reception_yds,Hunter Henry,Under,41.5,-113,2026-09-26T21:16:31Z,2026-09-26 17:16:48.299994
1f3cfd315a24d1a7dd5859a8e6b88e18,2026-09-27T17:00:00Z,Jacksonville Jaguars,New England Patriots,fanduel,player_reception_yds,Brenton Strange,Over,30.5,-113,2026-09-26T21:16:31Z,2026-09-26 17:16:48.299994
1f3cfd315a24d1a7dd5859a8e6b88e18,2026-09-27T17:00:00Z,Jacksonville Jaguars,New England Patriots,fanduel,player_reception_yds,Brenton Strange,Under,30.5,-113,2026-09-26T21:16:31Z,2026-09-26 17:16:48.299994
1f3cfd315a24d1a7dd5859a8e6b88e18,2026-09-27T17:00:00Z,Jacksonville Jaguars,New England Patriots,fanduel,player_reception_yds,Bhayshul Tuten,Over,9.5,-113,2026-09-26T21:16:31Z,2026-09-26 17:16:48.299994
1f3cfd315a24d1a7dd5859a8e6b88e18,2026-09-27T17:00:00Z,Jacksonville Jaguars,New England Patriots,fanduel,player_reception_yds,Bhayshul Tuten,Under,9.5,-113,2026-09-26T21:16:31Z,2026-09-26 17:16:48.299994
1f3cfd315a24d1a7dd5859a8e6b88e18,2026-09-27T17:00:00Z,Jacksonville Jaguars,New England Patriots,fanduel,player_reception_yds,Rhamondre Stevenson,Over,14.5,-113,2026-09-26T21:16:31Z,2026-09-26 17:16:48.299994
1f3cfd315a24d1a7dd5859a8e6b88e18,2026-09-27T17:00:00Z,Jacksonville Jaguars,New England Patriots,fanduel,player_reception_yds,Rhamondre Stevenson,Under,14.5,-113,2026-09-26T21:16:31Z,2026-09-26 17:16:48.299994
1f3cfd315a24d1a7dd5859a8e6b88e18,2026-09-27T17:00:00Z,Jacksonville Jaguars,New England Patriots,fanduel,player_reception_yds,Jakobi Meyers,Over,34.5,-113,2026-09-26T21:16:31Z,2026-09-26 17:16:48.299994
1f3cfd315a24d1a7dd5859a8e6b88e18,2026-09-27T17:00:00Z,Jacksonville Jaguars,New England Patriots,fanduel,player_reception_yds,Jakobi Meyers,Under,34.5,-113,2026-09-26T21:16:31Z,2026-09-26 17:16:48.299994
1f3cfd315a24d1a7dd5859a8e6b88e18,2026-09-27T17:00:00Z,Jacksonville Jaguars,New England Patriots,fanduel,player_reception_yds,Parker Washington,Over,67.5,-113,2026-09-26T21:16:31Z,2026-09-26 17:16:48.299994
1f3cfd315a24d1a7dd5859a8e6b88e18,2026-09-27T17:00:00Z,Jacksonville Jaguars,New England Patriots,fanduel,player_reception_yds,Parker Washington,Under,67.5,-113,2026-09-26T21:16:31Z,2026-09-26 17:16:48.299994
1f3cfd315a24d1a7dd5859a8e6b88e18,2026-09-27T17:00:00Z,Jacksonville Jaguars,New England Patriots,fanduel,player_reception_yds,TreVeyon Henderson,Over,9.5,-113,2026-09-26T21:16:31Z,2026-09-26 17:16:48.299994
1f3cfd315a24d1a7dd5859a8e6b88e18,2026-09-27T17:00:00Z,Jacksonville Jaguars,New England Patriots,fanduel,player_reception_yds,TreVeyon Henderson,Under,9.5,-113,2026-09-26T21:16:31Z,2026-09-26 17:16:48.299994
1f3cfd315a24d1a7dd5859a8e6b88e18,2026-09-27T17:00:00Z,Jacksonville Jaguars,New England Patriots,fanduel,player_reception_yds,Brian Thomas Jr,Over,36.5,-113,2026-09-26T21:16:31Z,2026-09-26 17:16:48.299994
1f3cfd315a24d1a7dd5859a8e6b88e18,2026-09-27T17:00:00Z,Jacksonville Jaguars,New England Patriots,fanduel,player_reception_yds,Brian Thomas Jr,Under,36.5,-113,2026-09-26T21:16:31Z,2026-09-26 17:16:48.299994
1f3cfd315a24d1a7dd5859a8e6b88e18,2026-09-27T17:00:00Z,Jacksonville Jaguars,New England Patriots,fanduel,player_reception_yds,DeMario Douglas,Over,28.5,-113,2026-09-26T21:16:31Z,2026-09-26 17:16:48.299994
1f3cfd315a24d1a7dd5859a8e6b88e18,2026-09-27T17:00:00Z,Jacksonville Jaguars,New England Patriots,fanduel,player_reception_yds,DeMario Douglas,Under,28.5,-113,2026-09-26T21:16:31Z,2026-09-26 17:16:48.299994
1f3cfd315a24d1a7dd5859a8e6b88e18,2026-09-27T17:00:00Z,Jacksonville Jaguars,New England Patriots,fanduel,player_reception_yds,Romeo Doubs,Over,42.5,-113,2026-09-26T21:16:31Z,2026-09-26 17:16:48.299994
1f3cfd315a24d1a7dd5859a8e6b88e18,2026-09-27T17:00:00Z,Jacksonville Jaguars,New England Patriots,fanduel,player_reception_yds,Romeo Doubs,Under,42.5,-113,2026-09-26T21:16:31Z,2026-09-26 17:16:48.299994
1f3cfd315a24d1a7dd5859a8e6b88e18,2026-09-27T17:00:00Z,Jacksonville Jaguars,New England Patriots,betrivers,player_reception_yds,Rhamondre Stevenson,Over,15.5,-113,2026-09-26T21:16:46Z,2026-09-26 17:16:48.299994
1f3cfd315a24d1a7dd5859a8e6b88e18,2026-09-27T17:00:00Z,Jacksonville Jaguars,New England Patriots,betrivers,player_reception_yds,Rhamondre Stevenson,Under,15.5,-118,2026-09-26T21:16:46Z,2026-09-26 17:16:48.299994
1f3cfd315a24d1a7dd5859a8e6b88e18,2026-09-27T17:00:00Z,Jacksonville Jaguars,New England Patriots,betrivers,player_reception_yds,Mack Hollins,Over,34.5,-114,2026-09-26T21:16:46Z,2026-09-26 17:16:48.299994
1f3cfd315a24d1a7dd5859a8e6b88e18,2026-09-27T17:00:00Z,Jacksonville Jaguars,New England Patriots,betrivers,player_reception_yds,Mack Hollins,Under,34.5,-115,2026-09-26T21:16:46Z,2026-09-26 17:16:48.299994
1f3cfd315a24d1a7dd5859a8e6b88e18,2026-09-27T17:00:00Z,Jacksonville Jaguars,New England Patriots,betrivers,player_reception_yds,Parker Washington,Over,64.5,-117,2026-09-26T21:16:46Z,2026-09-26 17:16:48.299994
1f3cfd315a24d1a7dd5859a8e6b88e18,2026-09-27T17:00:00Z,Jacksonville Jaguars,New England Patriots,betrivers,player_reception_yds,Parker Washington,Under,64.5,-114,2026-09-26T21:16:46Z,2026-09-26 17:16:48.299994
1f3cfd315a24d1a7dd5859a8e6b88e18,2026-09-27T17:00:00Z,Jacksonville Jaguars,New England Patriots,betrivers,player_reception_yds,Brenton Strange,Over,28.5,-120,2026-09-26T21:16:46Z,2026-09-26 17:16:48.299994
1f3cfd315a24d1a7dd5859a8e6b88e18,2026-09-27T17:00:00Z,Jacksonville Jaguars,New England Patriots,betrivers,player_reception_yds,Brenton Strange,Under,28.5,-112,2026-09-26T21:16:46Z,2026-09-26 17:16:48.299994
1f3cfd315a24d1a7dd5859a8e6b88e18,2026-09-27T17:00:00Z,Jacksonville Jaguars,New England Patriots,betrivers,player_reception_yds,Bhayshul Tuten,Over,10.5,-120,2026-09-26T21:16:46Z,2026-09-26 17:16:48.299994
1f3cfd315a24d1a7dd5859a8e6b88e18,2026-09-27T17:00:00Z,Jacksonville Jaguars,New England Patriots,betrivers,player_reception_yds,Bhayshul Tuten,Under,10.5,-112,2026-09-26T21:16:46Z,2026-09-26 17:16:48.299994
1f3cfd315a24d1a7dd5859a8e6b88e18,2026-09-27T17:00:00Z,Jacksonville Jaguars,New England Patriots,betrivers,player_reception_yds,Jakobi Meyers,Over,34.5,-115,2026-09-26T21:16:46Z,2026-09-26 17:16:48.299994
1f3cfd315a24d1a7dd5859a8e6b88e18,2026-09-27T17:00:00Z,Jacksonville Jaguars,New England Patriots,betrivers,player_reception_yds,Jakobi Meyers,Under,34.5,-115,2026-09-26T21:16:46Z,2026-09-26 17:16:48.299994
1f3cfd315a24d1a7dd5859a8e6b88e18,2026-09-27T17:00:00Z,Jacksonville Jaguars,New England Patriots,betrivers,player_reception_yds,Hunter Henry,Over,42.5,-115,2026-09-26T21:16:46Z,2026-09-26 17:16:48.299994
1f3cfd315a24d1a7dd5859a8e6b88e18,2026-09-27T17:00:00Z,Jacksonville Jaguars,New England Patriots,betrivers,player_reception_yds,Hunter Henry,Under,42.5,-115,2026-09-26T21:16:46Z,2026-09-26 17:16:48.299994
1f3cfd315a24d1a7dd5859a8e6b88e18,2026-09-27T17:00:00Z,Jacksonville Jaguars,New England Patriots,betrivers,player_reception_yds,Romeo Doubs,Over,42.5,-115,2026-09-26T21:16:46Z,2026-09-26 17:16:48.299994
1f3cfd315a24d1a7dd5859a8e6b88e18,2026-09-27T17:00:00Z,Jacksonville Jaguars,New England Patriots,betrivers,player_reception_yds,Romeo Doubs,Under,42.5,-114,2026-09-26T21:16:46Z,2026-09-26 17:16:48.299994
1f3cfd315a24d1a7dd5859a8e6b88e18,2026-09-27T17:00:00Z,Jacksonville Jaguars,New England Patriots,betrivers,player_reception_yds,Brian Thomas Jr,Over,36.5,-117,2026-09-26T21:16:46Z,2026-09-26 17:16:48.299994
1f3cfd315a24d1a7dd5859a8e6b88e18,2026-09-27T17:00:00Z,Jacksonville Jaguars,New England Patriots,betrivers,player_reception_yds,Brian Thomas Jr,Under,36.5,-114,2026-09-26T21:16:46Z,2026-09-26 17:16:48.299994
1f3cfd315a24d1a7dd5859a8e6b88e18,2026-09-27T17:00:00Z,Jacksonville Jaguars,New England Patriots,betrivers,player_reception_yds,TreVeyon Henderson,Over,8.5,-118,2026-09-26T21:16:46Z,2026-09-26 17:16:48.299994
1f3cfd315a24d1a7dd5859a8e6b88e18,2026-09-27T17:00:00Z,Jacksonville Jaguars,New England Patriots,betrivers,player_reception_yds,TreVeyon Henderson,Under,8.5,-113,2026-09-26T21:16:46Z,2026-09-26 17:16:48.299994
1f3cfd315a24d1a7dd5859a8e6b88e18,2026-09-27T17:00:00Z,Jacksonville Jaguars,New England Patriots,betrivers,player_reception_yds,DeMario Douglas,Over,29.5,-117,2026-09-26T21:16:46Z,2026-09-26 17:16:48.299994
1f3cfd315a24d1a7dd5859a8e6b88e18,2026-09-27T17:00:00Z,Jacksonville Jaguars,New England Patriots,betrivers,player_reception_yds,DeMario Douglas,Under,29.5,-113,2026-09-26T21:16:46Z,2026-09-26 17:16:48.299994
1f3cfd315a24d1a7dd5859a8e6b88e18,2026-09-27T17:00:00Z,Jacksonville Jaguars,New England Patriots,betonlineag,player_reception_yds,Bhayshul Tuten,Over,9.5,-125,2026-09-26T21:16:37Z,2026-09-26 17:16:48.299994
1f3cfd315a24d1a7dd5859a8e6b88e18,2026-09-27T17:00:00Z,Jacksonville Jaguars,New England Patriots,betonlineag,player_reception_yds,Bhayshul Tuten,Under,9.5,-103,2026-09-26T21:16:37Z,2026-09-26 17:16:48.299994
1f3cfd315a24d1a7dd5859a8e6b88e18,2026-09-27T17:00:00Z,Jacksonville Jaguars,New England Patriots,betonlineag,player_reception_yds,Brenton Strange,Over,28.5,-112,2026-09-26T21:16:37Z,2026-09-26 17:16:48.299994
1f3cfd315a24d1a7dd5859a8e6b88e18,2026-09-27T17:00:00Z,Jacksonville Jaguars,New England Patriots,betonlineag,player_reception_yds,Brenton Strange,Under,28.5,-115,2026-09-26T21:16:37Z,2026-09-26 17:16:48.299994
1f3cfd315a24d1a7dd5859a8e6b88e18,2026-09-27T17:00:00Z,Jacksonville Jaguars,New England Patriots,betonlineag,player_reception_yds,DeMario Douglas,Over,29.5,-119,2026-09-26T21:16:37Z,2026-09-26 17:16:48.299994
1f3cfd315a24d1a7dd5859a8e6b88e18,2026-09-27T17:00:00Z,Jacksonville Jaguars,New England Patriots,betonlineag,player_reception_yds,DeMario Douglas,Under,29.5,-109,2026-09-26T21:16:37Z,2026-09-26 17:16:48.299994
1f3cfd315a24d1a7dd5859a8e6b88e18,2026-09-27T17:00:00Z,Jacksonville Jaguars,New England Patriots,betonlineag,player_reception_yds,Mack Hollins,Over,33.5,-115,2026-09-26T21:16:37Z,2026-09-26 17:16:48.299994
1f3cfd315a24d1a7dd5859a8e6b88e18,2026-09-27T17:00:00Z,Jacksonville Jaguars,New England Patriots,betonlineag,player_reception_yds,Mack Hollins,Under,33.5,-112,2026-09-26T21:16:37Z,2026-09-26 17:16:48.299994
1f3cfd315a24d1a7dd5859a8e6b88e18,2026-09-27T17:00:00Z,Jacksonville Jaguars,New England Patriots,betonlineag,player_reception_yds,Hunter Henry,Over,41.5,-114,2026-09-26T21:16:37Z,2026-09-26 17:16:48.299994
1f3cfd315a24d1a7dd5859a8e6b88e18,2026-09-27T17:00:00Z,Jacksonville Jaguars,New England Patriots,betonlineag,player_reception_yds,Hunter Henry,Under,41.5,-114,2026-09-26T21:16:37Z,2026-09-26 17:16:48.299994
1f3cfd315a24d1a7dd5859a8e6b88e18,2026-09-27T17:00:00Z,Jacksonville Jaguars,New England Patriots,betonlineag,player_reception_yds,Rhamondre Stevenson,Over,14.5,-112,2026-09-26T21:16:37Z,2026-09-26 17:16:48.299994
1f3cfd315a24d1a7dd5859a8e6b88e18,2026-09-27T17:00:00Z,Jacksonville Jaguars,New England Patriots,betonlineag,player_reception_yds,Rhamondre Stevenson,Under,14.5,-115,2026-09-26T21:16:37Z,2026-09-26 17:16:48.299994
1f3cfd315a24d1a7dd5859a8e6b88e18,2026-09-27T17:00:00Z,Jacksonville Jaguars,New England Patriots,betonlineag,player_reception_yds,TreVeyon Henderson,Over,9.5,-112,2026-09-26T21:16:37Z,2026-09-26 17:16:48.299994
1f3cfd315a24d1a7dd5859a8e6b88e18,2026-09-27T17:00:00Z,Jacksonville Jaguars,New England Patriots,betonlineag,player_reception_yds,TreVeyon Henderson,Under,9.5,-115,2026-09-26T21:16:37Z,2026-09-26 17:16:48.299994
1f3cfd315a24d1a7dd5859a8e6b88e18,2026-09-27T17:00:00Z,Jacksonville Jaguars,New England Patriots,betonlineag,player_reception_yds,Brian Thomas Jr,Over,36.5,-114,2026-09-26T21:16:37Z,2026-09-26 17:16:48.299994
1f3cfd315a24d1a7dd5859a8e6b88e18,2026-09-27T17:00:00Z,Jacksonville Jaguars,New England Patriots,betonlineag,player_reception_yds,Brian Thomas Jr,Under,36.5,-114,2026-09-26T21:16:37Z,2026-09-26 17:16:48.299994
1f3cfd315a24d1a7dd5859a8e6b88e18,2026-09-27T17:00:00Z,Jacksonville Jaguars,New England Patriots,betonlineag,player_reception_yds,Jakobi Meyers,Over,35.5,-112,2026-09-26T21:16:37Z,2026-09-26 17:16:48.299994
1f3cfd315a24d1a7dd5859a8e6b88e18,2026-09-27T17:00:00Z,Jacksonville Jaguars,New England Patriots,betonlineag,player_reception_yds,Jakobi Meyers,Under,35.5,-115,2026-09-26T21:16:37Z,2026-09-26 17:16:48.299994
1f3cfd315a24d1a7dd5859a8e6b88e18,2026-09-27T17:00:00Z,Jacksonville Jaguars,New England Patriots,betonlineag,player_reception_yds,Romeo Doubs,Over,43.5,-114,2026-09-26T21:16:37Z,2026-09-26 17:16:48.299994
1f3cfd315a24d1a7dd5859a8e6b88e18,2026-09-27T17:00:00Z,Jacksonville Jaguars,New England Patriots,betonlineag,player_reception_yds,Romeo Doubs,Under,43.5,-114,2026-09-26T21:16:37Z,2026-09-26 17:16:48.299994
1f3cfd315a24d1a7dd5859a8e6b88e18,2026-09-27T17:00:00Z,Jacksonville Jaguars,New England Patriots,betonlineag,player_reception_yds,Parker Washington,Over,67.5,-114,2026-09-26T21:16:37Z,2026-09-26 17:16:48.299994
1f3cfd315a24d1a7dd5859a8e6b88e18,2026-09-27T17:00:00Z,Jacksonville Jaguars,New England Patriots,betonlineag,player_reception_yds,Parker Washington,Under,67.5,-114,2026-09-26T21:16:37Z,2026-09-26 17:16:48.299994
1f3cfd315a24d1a7dd5859a8e6b88e18,2026-09-27T17:00:00Z,Jacksonville Jaguars,New England Patriots,betmgm,player_reception_yds,Bhayshul Tuten,Over,8.5,-135,2026-09-26T21:16:16Z,2026-09-26 17:16:48.299994
1f3cfd315a24d1a7dd5859a8e6b88e18,2026-09-27T17:00:00Z,Jacksonville Jaguars,New England Patriots,betmgm,player_reception_yds,Bhayshul Tuten,Under,8.5,100,2026-09-26T21:16:16Z,2026-09-26 17:16:48.299994
1f3cfd315a24d1a7dd5859a8e6b88e18,2026-09-27T17:00:00Z,Jacksonville Jaguars,New England Patriots,betmgm,player_reception_yds,Rhamondre Stevenson,Over,13.5,-120,2026-09-26T21:16:16Z,2026-09-26 17:16:48.299994
1f3cfd315a24d1a7dd5859a8e6b88e18,2026-09-27T17:00:00Z,Jacksonville Jaguars,New England Patriots,betmgm,player_reception_yds,Rhamondre Stevenson,Under,13.5,-110,2026-09-26T21:16:16Z,2026-09-26 17:16:48.299994
1f3cfd315a24d1a7dd5859a8e6b88e18,2026-09-27T17:00:00Z,Jacksonville Jaguars,New England Patriots,betmgm,player_reception_yds,Mack Hollins,Over,35.5,-115,2026-09-26T21:16:16Z,2026-09-26 17:16:48.299994
1f3cfd315a24d1a7dd5859a8e6b88e18,2026-09-27T17:00:00Z,Jacksonville Jaguars,New England Patriots,betmgm,player_reception_yds,Mack Hollins,Under,35.5,-115,2026-09-26T21:16:16Z,2026-09-26 17:16:48.299994
1f3cfd315a24d1a7dd5859a8e6b88e18,2026-09-27T17:00:00Z,Jacksonville Jaguars,New England Patriots,betmgm,player_reception_yds,Romeo Doubs,Over,43.5,-115,2026-09-26T21:16:16Z,2026-09-26 17:16:48.299994
1f3cfd315a24d1a7dd5859a8e6b88e18,2026-09-27T17:00:00Z,Jacksonville Jaguars,New England Patriots,betmgm,player_reception_yds,Romeo Doubs,Under,43.5,-115,2026-09-26T21:16:16Z,2026-09-26 17:16:48.299994
1f3cfd315a24d1a7dd5859a8e6b88e18,2026-09-27T17:00:00Z,Jacksonville Jaguars,New England Patriots,betmgm,player_reception_yds,DeMario Douglas,Over,30.5,-111,2026-09-26T21:16:16Z,2026-09-26 17:16:48.299994
1f3cfd315a24d1a7dd5859a8e6b88e18,2026-09-27T17:00:00Z,Jacksonville Jaguars,New England Patriots,betmgm,player_reception_yds,DeMario Douglas,Under,30.5,-118,2026-09-26T21:16:16Z,2026-09-26 17:16:48.299994
1f3cfd315a24d1a7dd5859a8e6b88e18,2026-09-27T17:00:00Z,Jacksonville Jaguars,New England Patriots,betmgm,player_reception_yds,Hunter Henry,Over,40.5,-115,2026-09-26T21:16:16Z,2026-09-26 17:16:48.299994
1f3cfd315a24d1a7dd5859a8e6b88e18,2026-09-27T17:00:00Z,Jacksonville Jaguars,New England Patriots,betmgm,player_reception_yds,Hunter Henry,Under,40.5,-115,2026-09-26T21:16:16Z,2026-09-26 17:16:48.299994
1f3cfd315a24d1a7dd5859a8e6b88e18,2026-09-27T17:00:00Z,Jacksonville Jaguars,New England Patriots,betmgm,player_reception_yds,Brian Thomas Jr,Over,38.5,-115,2026-09-26T21:16:16Z,2026-09-26 17:16:48.299994
1f3cfd315a24d1a7dd5859a8e6b88e18,2026-09-27T17:00:00Z,Jacksonville Jaguars,New England Patriots,betmgm,player_reception_yds,Brian Thomas Jr,Under,38.5,-115,2026-09-26T21:16:16Z,2026-09-26 17:16:48.299994
1f3cfd315a24d1a7dd5859a8e6b88e18,2026-09-27T17:00:00Z,Jacksonville Jaguars,New England Patriots,betmgm,player_reception_yds,Brenton Strange,Over,28.5,-110,2026-09-26T21:16:16Z,2026-09-26 17:16:48.299994
1f3cfd315a24d1a7dd5859a8e6b88e18,2026-09-27T17:00:00Z,Jacksonville Jaguars,New England Patriots,betmgm,player_reception_yds,Brenton Strange,Under,28.5,-120,2026-09-26T21:16:16Z,2026-09-26 17:16:48.299994
1f3cfd315a24d1a7dd5859a8e6b88e18,2026-09-27T17:00:00Z,Jacksonville Jaguars,New England Patriots,betmgm,player_reception_yds,TreVeyon Henderson,Over,9.5,-115,2026-09-26T21:16:16Z,2026-09-26 17:16:48.299994
1f3cfd315a24d1a7dd5859a8e6b88e18,2026-09-27T17:00:00Z,Jacksonville Jaguars,New England Patriots,betmgm,player_reception_yds,TreVeyon Henderson,Under,9.5,-115,2026-09-26T21:16:16Z,2026-09-26 17:16:48.299994
1f3cfd315a24d1a7dd5859a8e6b88e18,2026-09-27T17:00:00Z,Jacksonville Jaguars,New England Patriots,betmgm,player_reception_yds,Jakobi Meyers,Over,35.5,-115,2026-09-26T21:16:16Z,2026-09-26 17:16:48.299994
1f3cfd315a24d1a7dd5859a8e6b88e18,2026-09-27T17:00:00Z,Jacksonville Jaguars,New England Patriots,betmgm,player_reception_yds,Jakobi Meyers,Under,35.5,-115,2026-09-26T21:16:16Z,2026-09-26 17:16:48.299994
1f3cfd315a24d1a7dd5859a8e6b88e18,2026-09-27T17:00:00Z,Jacksonville Jaguars,New England Patriots,betmgm,player_reception_yds,Parker Washington,Over,65.5,-115,2026-09-26T21:16:16Z,2026-09-26 17:16:48.299994
1f3cfd315a24d1a7dd5859a8e6b88e18,2026-09-27T17:00:00Z,Jacksonville Jaguars,New England Patriots,betmgm,player_reception_yds,Parker Washington,Under,65.5,-115,2026-09-26T21:16:16Z,2026-09-26 17:16:48.299994
1f3cfd315a24d1a7dd5859a8e6b88e18,2026-09-27T17:00:00Z,Jacksonville Jaguars,New England Patriots,bovada,player_reception_yds,Bhayshul Tuten,Over,10.5,-120,2026-09-26T21:16:48Z,2026-09-26 17:16:48.299994
1f3cfd315a24d1a7dd5859a8e6b88e18,2026-09-27T17:00:00Z,Jacksonville Jaguars,New England Patriots,bovada,player_reception_yds,Bhayshul Tuten,Under,10.5,-110,2026-09-26T21:16:48Z,2026-09-26 17:16:48.299994
1f3cfd315a24d1a7dd5859a8e6b88e18,2026-09-27T17:00:00Z,Jacksonville Jaguars,New England Patriots,bovada,player_reception_yds,Brenton Strange,Over,26.5,-115,2026-09-26T21:16:48Z,2026-09-26 17:16:48.299994
1f3cfd315a24d1a7dd5859a8e6b88e18,2026-09-27T17:00:00Z,Jacksonville Jaguars,New England Patriots,bovada,player_reception_yds,Brenton Strange,Under,26.5,-115,2026-09-26T21:16:48Z,2026-09-26 17:16:48.299994
1f3cfd315a24d1a7dd5859a8e6b88e18,2026-09-27T17:00:00Z,Jacksonville Jaguars,New England Patriots,bovada,player_reception_yds,Brian Thomas Jr,Over,37.5,-120,2026-09-26T21:16:48Z,2026-09-26 17:16:48.299994
1f3cfd315a24d1a7dd5859a8e6b88e18,2026-09-27T17:00:00Z,Jacksonville Jaguars,New England Patriots,bovada,player_reception_yds,Brian Thomas Jr,Under,37.5,-110,2026-09-26T21:16:48Z,2026-09-26 17:16:48.299994
1f3cfd315a24d1a7dd5859a8e6b88e18,2026-09-27T17:00:00Z,Jacksonville Jaguars,New England Patriots,bovada,player_reception_yds,DeMario Douglas,Over,29.5,-120,2026-09-26T21:16:48Z,2026-09-26 17:16:48.299994
1f3cfd315a24d1a7dd5859a8e6b88e18,2026-09-27T17:00:00Z,Jacksonville Jaguars,New England Patriots,bovada,player_reception_yds,DeMario Douglas,Under,29.5,-110,2026-09-26T21:16:48Z,2026-09-26 17:16:48.299994
1f3cfd315a24d1a7dd5859a8e6b88e18,2026-09-27T17:00:00Z,Jacksonville Jaguars,New England Patriots,bovada,player_reception_yds,Hunter Henry,Over,42.5,-115,2026-09-26T21:16:48Z,2026-09-26 17:16:48.299994
1f3cfd315a24d1a7dd5859a8e6b88e18,2026-09-27T17:00:00Z,Jacksonville Jaguars,New England Patriots,bovada,player_reception_yds,Hunter Henry,Under,42.5,-115,2026-09-26T21:16:48Z,2026-09-26 17:16:48.299994
1f3cfd315a24d1a7dd5859a8e6b88e18,2026-09-27T17:00:00Z,Jacksonville Jaguars,New England Patriots,bovada,player_reception_yds,Jakobi Meyers,Over,35.5,-115,2026-09-26T21:16:48Z,2026-09-26 17:16:48.299994
1f3cfd315a24d1a7dd5859a8e6b88e18,2026-09-27T17:00:00Z,Jacksonville Jaguars,New England Patriots,bovada,player_reception_yds,Jakobi Meyers,Under,35.5,-115,2026-09-26T21:16:48Z,2026-09-26 17:16:48.299994
1f3cfd315a24d1a7dd5859a8e6b88e18,2026-09-27T17:00:00Z,Jacksonville Jaguars,New England Patriots,bovada,player_reception_yds,Mack Hollins,Over,33.5,-115,2026-09-26T21:16:48Z,2026-09-26 17:16:48.299994
1f3cfd315a24d1a7dd5859a8e6b88e18,2026-09-27T17:00:00Z,Jacksonville Jaguars,New England Patriots,bovada,player_reception_yds,Mack Hollins,Under,33.5,-115,2026-09-26T21:16:48Z,2026-09-26 17:16:48.299994
1f3cfd315a24d1a7dd5859a8e6b88e18,2026-09-27T17:00:00Z,Jacksonville Jaguars,New England Patriots,bovada,player_reception_yds,Parker Washington,Over,67.5,-115,2026-09-26T21:16:48Z,2026-09-26 17:16:48.299994
1f3cfd315a24d1a7dd5859a8e6b88e18,2026-09-27T17:00:00Z,Jacksonville Jaguars,New England Patriots,bovada,player_reception_yds,Parker Washington,Under,67.5,-115,2026-09-26T21:16:48Z,2026-09-26 17:16:48.299994
1f3cfd315a24d1a7dd5859a8e6b88e18,2026-09-27T17:00:00Z,Jacksonville Jaguars,New England Patriots,bovada,player_reception_yds,Rhamondre Stevenson,Over,14.5,-110,2026-09-26T21:16:48Z,2026-09-26 17:16:48.299994
1f3cfd315a24d1a7dd5859a8e6b88e18,2026-09-27T17:00:00Z,Jacksonville Jaguars,New England Patriots,bovada,player_reception_yds,Rhamondre Stevenson,Under,14.5,-120,2026-09-26T21:16:48Z,2026-09-26 17:16:48.299994
1f3cfd315a24d1a7dd5859a8e6b88e18,2026-09-27T17:00:00Z,Jacksonville Jaguars,New England Patriots,bovada,player_reception_yds,Romeo Doubs,Over,43.5,-115,2026-09-26T21:16:48Z,2026-09-26 17:16:48.299994
1f3cfd315a24d1a7dd5859a8e6b88e18,2026-09-27T17:00:00Z,Jacksonville Jaguars,New England Patriots,bovada,player_reception_yds,Romeo Doubs,Under,43.5,-115,2026-09-26T21:16:48Z,2026-09-26 17:16:48.299994
1f3cfd315a24d1a7dd5859a8e6b88e18,2026-09-27T17:00:00Z,Jacksonville Jaguars,New England Patriots,bovada,player_reception_yds,TreVeyon Henderson,Over,9.5,-110,2026-09-26T21:16:48Z,2026-09-26 17:16:48.299994
1f3cfd315a24d1a7dd5859a8e6b88e18,2026-09-27T17:00:00Z,Jacksonville Jaguars,New England Patriots,bovada,player_reception_yds,TreVeyon Henderson,Under,9.5,-120,2026-09-26T21:16:48Z,2026-09-26 17:16:48.299994
0339a0e41bcee12820eb3e64bb5fadb4,2026-09-27T17:00:00Z,Miami Dolphins,Kansas City Chiefs,draftkings,player_reception_yds,Travis Kelce,Over,50.5,-114,2026-09-26T21:16:11Z,2026-09-26 17:16:48.891336
0339a0e41bcee12820eb3e64bb5fadb4,2026-09-27T17:00:00Z,Miami Dolphins,Kansas City Chiefs,draftkings,player_reception_yds,Travis Kelce,Under,50.5,-110,2026-09-26T21:16:11Z,2026-09-26 17:16:48.891336
0339a0e41bcee12820eb3e64bb5fadb4,2026-09-27T17:00:00Z,Miami Dolphins,Kansas City Chiefs,draftkings,player_reception_yds,Rashee Rice,Over,49.5,-109,2026-09-26T21:16:11Z,2026-09-26 17:16:48.891336
0339a0e41bcee12820eb3e64bb5fadb4,2026-09-27T17:00:00Z,Miami Dolphins,Kansas City Chiefs,draftkings,player_reception_yds,Rashee Rice,Under,49.5,-115,2026-09-26T21:16:11Z,2026-09-26 17:16:48.891336
0339a0e41bcee12820eb3e64bb5fadb4,2026-09-27T17:00:00Z,Miami Dolphins,Kansas City Chiefs,draftkings,player_reception_yds,Malik Washington,Over,38.5,-109,2026-09-26T21:16:11Z,2026-09-26 17:16:48.891336
0339a0e41bcee12820eb3e64bb5fadb4,2026-09-27T17:00:00Z,Miami Dolphins,Kansas City Chiefs,draftkings,player_reception_yds,Malik Washington,Under,38.5,-115,2026-09-26T21:16:11Z,2026-09-26 17:16:48.891336
0339a0e41bcee12820eb3e64bb5fadb4,2026-09-27T17:00:00Z,Miami Dolphins,Kansas City Chiefs,draftkings,player_reception_yds,Xavier Worthy,Over,37.5,-114,2026-09-26T21:16:11Z,2026-09-26 17:16:48.891336
0339a0e41bcee12820eb3e64bb5fadb4,2026-09-27T17:00:00Z,Miami Dolphins,Kansas City Chiefs,draftkings,player_reception_yds,Xavier Worthy,Under,37.5,-110,2026-09-26T21:16:11Z,2026-09-26 17:16:48.891336
0339a0e41bcee12820eb3e64bb5fadb4,2026-09-27T17:00:00Z,Miami Dolphins,Kansas City Chiefs,draftkings,player_reception_yds,De'Von Achane,Over,27.5,-114,2026-09-26T21:16:11Z,2026-09-26 17:16:48.891336
0339a0e41bcee12820eb3e64bb5fadb4,2026-09-27T17:00:00Z,Miami Dolphins,Kansas City Chiefs,draftkings,player_reception_yds,De'Von Achane,Under,27.5,-110,2026-09-26T21:16:11Z,2026-09-26 17:16:48.891336
0339a0e41bcee12820eb3e64bb5fadb4,2026-09-27T17:00:00Z,Miami Dolphins,Kansas City Chiefs,draftkings,player_reception_yds,Greg Dulcich,Over,23.5,-115,2026-09-26T21:16:11Z,2026-09-26 17:16:48.891336
0339a0e41bcee12820eb3e64bb5fadb4,2026-09-27T17:00:00Z,Miami Dolphins,Kansas City Chiefs,draftkings,player_reception_yds,Greg Dulcich,Under,23.5,-109,2026-09-26T21:16:11Z,2026-09-26 17:16:48.891336
0339a0e41bcee12820eb3e64bb5fadb4,2026-09-27T17:00:00Z,Miami Dolphins,Kansas City Chiefs,draftkings,player_reception_yds,Kenneth Walker III,Over,23.5,-112,2026-09-26T21:16:11Z,2026-09-26 17:16:48.891336
0339a0e41bcee12820eb3e64bb5fadb4,2026-09-27T17:00:00Z,Miami Dolphins,Kansas City Chiefs,draftkings,player_reception_yds,Kenneth Walker III,Under,23.5,-112,2026-09-26T21:16:11Z,2026-09-26 17:16:48.891336
0339a0e41bcee12820eb3e64bb5fadb4,2026-09-27T17:00:00Z,Miami Dolphins,Kansas City Chiefs,draftkings,player_reception_yds,Tyquan Thornton,Over,19.5,-116,2026-09-26T21:16:11Z,2026-09-26 17:16:48.891336
0339a0e41bcee12820eb3e64bb5fadb4,2026-09-27T17:00:00Z,Miami Dolphins,Kansas City Chiefs,draftkings,player_reception_yds,Tyquan Thornton,Under,19.5,-108,2026-09-26T21:16:11Z,2026-09-26 17:16:48.891336
0339a0e41bcee12820eb3e64bb5fadb4,2026-09-27T17:00:00Z,Miami Dolphins,Kansas City Chiefs,draftkings,player_reception_yds,Chris Bell,Over,19.5,-109,2026-09-26T21:16:11Z,2026-09-26 17:16:48.891336
0339a0e41bcee12820eb3e64bb5fadb4,2026-09-27T17:00:00Z,Miami Dolphins,Kansas City Chiefs,draftkings,player_reception_yds,Chris Bell,Under,19.5,-115,2026-09-26T21:16:11Z,2026-09-26 17:16:48.891336
0339a0e41bcee12820eb3e64bb5fadb4,2026-09-27T17:00:00Z,Miami Dolphins,Kansas City Chiefs,draftkings,player_reception_yds,Kevin Coleman Jr.,Over,15.5,-114,2026-09-26T21:16:11Z,2026-09-26 17:16:48.891336
0339a0e41bcee12820eb3e64bb5fadb4,2026-09-27T17:00:00Z,Miami Dolphins,Kansas City Chiefs,draftkings,player_reception_yds,Kevin Coleman Jr.,Under,15.5,-110,2026-09-26T21:16:11Z,2026-09-26 17:16:48.891336
0339a0e41bcee12820eb3e64bb5fadb4,2026-09-27T17:00:00Z,Miami Dolphins,Kansas City Chiefs,draftkings,player_reception_yds,Emmett Johnson,Over,10.5,-109,2026-09-26T21:16:11Z,2026-09-26 17:16:48.891336
0339a0e41bcee12820eb3e64bb5fadb4,2026-09-27T17:00:00Z,Miami Dolphins,Kansas City Chiefs,draftkings,player_reception_yds,Emmett Johnson,Under,10.5,-115,2026-09-26T21:16:11Z,2026-09-26 17:16:48.891336
0339a0e41bcee12820eb3e64bb5fadb4,2026-09-27T17:00:00Z,Miami Dolphins,Kansas City Chiefs,fanduel,player_reception_yds,Travis Kelce,Over,52.5,-113,2026-09-26T21:16:38Z,2026-09-26 17:16:48.891336
0339a0e41bcee12820eb3e64bb5fadb4,2026-09-27T17:00:00Z,Miami Dolphins,Kansas City Chiefs,fanduel,player_reception_yds,Travis Kelce,Under,52.5,-113,2026-09-26T21:16:38Z,2026-09-26 17:16:48.891336
0339a0e41bcee12820eb3e64bb5fadb4,2026-09-27T17:00:00Z,Miami Dolphins,Kansas City Chiefs,fanduel,player_reception_yds,Xavier Worthy,Over,38.5,-113,2026-09-26T21:16:38Z,2026-09-26 17:16:48.891336
0339a0e41bcee12820eb3e64bb5fadb4,2026-09-27T17:00:00Z,Miami Dolphins,Kansas City Chiefs,fanduel,player_reception_yds,Xavier Worthy,Under,38.5,-113,2026-09-26T21:16:38Z,2026-09-26 17:16:48.891336
0339a0e41bcee12820eb3e64bb5fadb4,2026-09-27T17:00:00Z,Miami Dolphins,Kansas City Chiefs,fanduel,player_reception_yds,Rashee Rice,Over,46.5,-113,2026-09-26T21:16:38Z,2026-09-26 17:16:48.891336
0339a0e41bcee12820eb3e64bb5fadb4,2026-09-27T17:00:00Z,Miami Dolphins,Kansas City Chiefs,fanduel,player_reception_yds,Rashee Rice,Under,46.5,-113,2026-09-26T21:16:38Z,2026-09-26 17:16:48.891336
0339a0e41bcee12820eb3e64bb5fadb4,2026-09-27T17:00:00Z,Miami Dolphins,Kansas City Chiefs,fanduel,player_reception_yds,Kevin Coleman Jr.,Over,14.5,-113,2026-09-26T21:16:38Z,2026-09-26 17:16:48.891336
0339a0e41bcee12820eb3e64bb5fadb4,2026-09-27T17:00:00Z,Miami Dolphins,Kansas City Chiefs,fanduel,player_reception_yds,Kevin Coleman Jr.,Under,14.5,-113,2026-09-26T21:16:38Z,2026-09-26 17:16:48.891336
0339a0e41bcee12820eb3e64bb5fadb4,2026-09-27T17:00:00Z,Miami Dolphins,Kansas City Chiefs,fanduel,player_reception_yds,De'Von Achane,Over,26.5,-113,2026-09-26T21:16:38Z,2026-09-26 17:16:48.891336
0339a0e41bcee12820eb3e64bb5fadb4,2026-09-27T17:00:00Z,Miami Dolphins,Kansas City Chiefs,fanduel,player_reception_yds,De'Von Achane,Under,26.5,-113,2026-09-26T21:16:38Z,2026-09-26 17:16:48.891336
0339a0e41bcee12820eb3e64bb5fadb4,2026-09-27T17:00:00Z,Miami Dolphins,Kansas City Chiefs,fanduel,player_reception_yds,Emmett Johnson,Over,10.5,-113,2026-09-26T21:16:38Z,2026-09-26 17:16:48.891336
0339a0e41bcee12820eb3e64bb5fadb4,2026-09-27T17:00:00Z,Miami Dolphins,Kansas City Chiefs,fanduel,player_reception_yds,Emmett Johnson,Under,10.5,-113,2026-09-26T21:16:38Z,2026-09-26 17:16:48.891336
0339a0e41bcee12820eb3e64bb5fadb4,2026-09-27T17:00:00Z,Miami Dolphins,Kansas City Chiefs,fanduel,player_reception_yds,Kenneth Walker III,Over,22.5,-113,2026-09-26T21:16:38Z,2026-09-26 17:16:48.891336
0339a0e41bcee12820eb3e64bb5fadb4,2026-09-27T17:00:00Z,Miami Dolphins,Kansas City Chiefs,fanduel,player_reception_yds,Kenneth Walker III,Under,22.5,-113,2026-09-26T21:16:38Z,2026-09-26 17:16:48.891336
0339a0e41bcee12820eb3e64bb5fadb4,2026-09-27T17:00:00Z,Miami Dolphins,Kansas City Chiefs,fanduel,player_reception_yds,Malik Washington,Over,36.5,-113,2026-09-26T21:16:38Z,2026-09-26 17:16:48.891336
0339a0e41bcee12820eb3e64bb5fadb4,2026-09-27T17:00:00Z,Miami Dolphins,Kansas City Chiefs,fanduel,player_reception_yds,Malik Washington,Under,36.5,-113,2026-09-26T21:16:38Z,2026-09-26 17:16:48.891336
0339a0e41bcee12820eb3e64bb5fadb4,2026-09-27T17:00:00Z,Miami Dolphins,Kansas City Chiefs,fanduel,player_reception_yds,Tyquan Thornton,Over,18.5,-113,2026-09-26T21:16:38Z,2026-09-26 17:16:48.891336
0339a0e41bcee12820eb3e64bb5fadb4,2026-09-27T17:00:00Z,Miami Dolphins,Kansas City Chiefs,fanduel,player_reception_yds,Tyquan Thornton,Under,18.5,-113,2026-09-26T21:16:38Z,2026-09-26 17:16:48.891336
0339a0e41bcee12820eb3e64bb5fadb4,2026-09-27T17:00:00Z,Miami Dolphins,Kansas City Chiefs,fanduel,player_reception_yds,Chris Bell,Over,19.5,-113,2026-09-26T21:16:38Z,2026-09-26 17:16:48.891336
0339a0e41bcee12820eb3e64bb5fadb4,2026-09-27T17:00:00Z,Miami Dolphins,Kansas City Chiefs,fanduel,player_reception_yds,Chris Bell,Under,19.5,-113,2026-09-26T21:16:38Z,2026-09-26 17:16:48.891336
0339a0e41bcee12820eb3e64bb5fadb4,2026-09-27T17:00:00Z,Miami Dolphins,Kansas City Chiefs,fanduel,player_reception_yds,Greg Dulcich,Over,22.5,-113,2026-09-26T21:16:38Z,2026-09-26 17:16:48.891336
0339a0e41bcee12820eb3e64bb5fadb4,2026-09-27T17:00:00Z,Miami Dolphins,Kansas City Chiefs,fanduel,player_reception_yds,Greg Dulcich,Under,22.5,-113,2026-09-26T21:16:38Z,2026-09-26 17:16:48.891336
0339a0e41bcee12820eb3e64bb5fadb4,2026-09-27T17:00:00Z,Miami Dolphins,Kansas City Chiefs,betrivers,player_reception_yds,Emmett Johnson,Over,10.5,-109,2026-09-26T21:16:17Z,2026-09-26 17:16:48.891336
0339a0e41bcee12820eb3e64bb5fadb4,2026-09-27T17:00:00Z,Miami Dolphins,Kansas City Chiefs,betrivers,player_reception_yds,Emmett Johnson,Under,10.5,-122,2026-09-26T21:16:17Z,2026-09-26 17:16:48.891336
0339a0e41bcee12820eb3e64bb5fadb4,2026-09-27T17:00:00Z,Miami Dolphins,Kansas City Chiefs,betrivers,player_reception_yds,Tyquan Thornton,Over,18.5,-115,2026-09-26T21:16:17Z,2026-09-26 17:16:48.891336
0339a0e41bcee12820eb3e64bb5fadb4,2026-09-27T17:00:00Z,Miami Dolphins,Kansas City Chiefs,betrivers,player_reception_yds,Tyquan Thornton,Under,18.5,-115,2026-09-26T21:16:17Z,2026-09-26 17:16:48.891336
0339a0e41bcee12820eb3e64bb5fadb4,2026-09-27T17:00:00Z,Miami Dolphins,Kansas City Chiefs,betrivers,player_reception_yds,Greg Dulcich,Over,21.5,-118,2026-09-26T21:16:17Z,2026-09-26 17:16:48.891336
0339a0e41bcee12820eb3e64bb5fadb4,2026-09-27T17:00:00Z,Miami Dolphins,Kansas City Chiefs,betrivers,player_reception_yds,Greg Dulcich,Under,21.5,-113,2026-09-26T21:16:17Z,2026-09-26 17:16:48.891336
0339a0e41bcee12820eb3e64bb5fadb4,2026-09-27T17:00:00Z,Miami Dolphins,Kansas City Chiefs,betrivers,player_reception_yds,Malik Washington,Over,36.5,-118,2026-09-26T21:16:17Z,2026-09-26 17:16:48.891336
0339a0e41bcee12820eb3e64bb5fadb4,2026-09-27T17:00:00Z,Miami Dolphins,Kansas City Chiefs,betrivers,player_reception_yds,Malik Washington,Under,36.5,-113,2026-09-26T21:16:17Z,2026-09-26 17:16:48.891336
0339a0e41bcee12820eb3e64bb5fadb4,2026-09-27T17:00:00Z,Miami Dolphins,Kansas City Chiefs,betrivers,player_reception_yds,Chris Bell,Over,18.5,-117,2026-09-26T21:16:17Z,2026-09-26 17:16:48.891336
0339a0e41bcee12820eb3e64bb5fadb4,2026-09-27T17:00:00Z,Miami Dolphins,Kansas City Chiefs,betrivers,player_reception_yds,Chris Bell,Under,18.5,-114,2026-09-26T21:16:17Z,2026-09-26 17:16:48.891336
0339a0e41bcee12820eb3e64bb5fadb4,2026-09-27T17:00:00Z,Miami Dolphins,Kansas City Chiefs,betrivers,player_reception_yds,De'Von Achane,Over,26.5,-118,2026-09-26T21:16:17Z,2026-09-26 17:16:48.891336
0339a0e41bcee12820eb3e64bb5fadb4,2026-09-27T17:00:00Z,Miami Dolphins,Kansas City Chiefs,betrivers,player_reception_yds,De'Von Achane,Under,26.5,-113,2026-09-26T21:16:17Z,2026-09-26 17:16:48.891336
0339a0e41bcee12820eb3e64bb5fadb4,2026-09-27T17:00:00Z,Miami Dolphins,Kansas City Chiefs,betrivers,player_reception_yds,Kevin Coleman Jr.,Over,14.5,-120,2026-09-26T21:16:17Z,2026-09-26 17:16:48.891336
0339a0e41bcee12820eb3e64bb5fadb4,2026-09-27T17:00:00Z,Miami Dolphins,Kansas City Chiefs,betrivers,player_reception_yds,Kevin Coleman Jr.,Under,14.5,-112,2026-09-26T21:16:17Z,2026-09-26 17:16:48.891336
0339a0e41bcee12820eb3e64bb5fadb4,2026-09-27T17:00:00Z,Miami Dolphins,Kansas City Chiefs,betrivers,player_reception_yds,Travis Kelce,Over,51.5,-114,2026-09-26T21:16:17Z,2026-09-26 17:16:48.891336
0339a0e41bcee12820eb3e64bb5fadb4,2026-09-27T17:00:00Z,Miami Dolphins,Kansas City Chiefs,betrivers,player_reception_yds,Travis Kelce,Under,51.5,-117,2026-09-26T21:16:17Z,2026-09-26 17:16:48.891336
0339a0e41bcee12820eb3e64bb5fadb4,2026-09-27T17:00:00Z,Miami Dolphins,Kansas City Chiefs,betrivers,player_reception_yds,Kenneth Walker III,Over,23.5,-117,2026-09-26T21:16:17Z,2026-09-26 17:16:48.891336
0339a0e41bcee12820eb3e64bb5fadb4,2026-09-27T17:00:00Z,Miami Dolphins,Kansas City Chiefs,betrivers,player_reception_yds,Kenneth Walker III,Under,23.5,-114,2026-09-26T21:16:17Z,2026-09-26 17:16:48.891336
0339a0e41bcee12820eb3e64bb5fadb4,2026-09-27T17:00:00Z,Miami Dolphins,Kansas City Chiefs,betrivers,player_reception_yds,Rashee Rice,Over,47.5,-114,2026-09-26T21:16:17Z,2026-09-26 17:16:48.891336
0339a0e41bcee12820eb3e64bb5fadb4,2026-09-27T17:00:00Z,Miami Dolphins,Kansas City Chiefs,betrivers,player_reception_yds,Rashee Rice,Under,47.5,-117,2026-09-26T21:16:17Z,2026-09-26 17:16:48.891336
0339a0e41bcee12820eb3e64bb5fadb4,2026-09-27T17:00:00Z,Miami Dolphins,Kansas City Chiefs,betrivers,player_reception_yds,Xavier Worthy,Over,36.5,-117,2026-09-26T21:16:17Z,2026-09-26 17:16:48.891336
0339a0e41bcee12820eb3e64bb5fadb4,2026-09-27T17:00:00Z,Miami Dolphins,Kansas City Chiefs,betrivers,player_reception_yds,Xavier Worthy,Under,36.5,-114,2026-09-26T21:16:17Z,2026-09-26 17:16:48.891336
0339a0e41bcee12820eb3e64bb5fadb4,2026-09-27T17:00:00Z,Miami Dolphins,Kansas City Chiefs,betonlineag,player_reception_yds,Travis Kelce,Over,50.5,-112,2026-09-26T21:16:02Z,2026-09-26 17:16:48.891336
0339a0e41bcee12820eb3e64bb5fadb4,2026-09-27T17:00:00Z,Miami Dolphins,Kansas City Chiefs,betonlineag,player_reception_yds,Travis Kelce,Under,50.5,-115,2026-09-26T21:16:02Z,2026-09-26 17:16:48.891336
0339a0e41bcee12820eb3e64bb5fadb4,2026-09-27T17:00:00Z,Miami Dolphins,Kansas City Chiefs,betonlineag,player_reception_yds,Kenneth Walker III,Over,22.5,-116,2026-09-26T21:16:02Z,2026-09-26 17:16:48.891336
0339a0e41bcee12820eb3e64bb5fadb4,2026-09-27T17:00:00Z,Miami Dolphins,Kansas City Chiefs,betonlineag,player_reception_yds,Kenneth Walker III,Under,22.5,-111,2026-09-26T21:16:02Z,2026-09-26 17:16:48.891336
0339a0e41bcee12820eb3e64bb5fadb4,2026-09-27T17:00:00Z,Miami Dolphins,Kansas City Chiefs,betonlineag,player_reception_yds,Rashee Rice,Over,49.5,-112,2026-09-26T21:16:02Z,2026-09-26 17:16:48.891336
0339a0e41bcee12820eb3e64bb5fadb4,2026-09-27T17:00:00Z,Miami Dolphins,Kansas City Chiefs,betonlineag,player_reception_yds,Rashee Rice,Under,49.5,-115,2026-09-26T21:16:02Z,2026-09-26 17:16:48.891336
0339a0e41bcee12820eb3e64bb5fadb4,2026-09-27T17:00:00Z,Miami Dolphins,Kansas City Chiefs,betonlineag,player_reception_yds,Emmett Johnson,Over,10.5,-111,2026-09-26T21:16:02Z,2026-09-26 17:16:48.891336
0339a0e41bcee12820eb3e64bb5fadb4,2026-09-27T17:00:00Z,Miami Dolphins,Kansas City Chiefs,betonlineag,player_reception_yds,Emmett Johnson,Under,10.5,-116,2026-09-26T21:16:02Z,2026-09-26 17:16:48.891336
0339a0e41bcee12820eb3e64bb5fadb4,2026-09-27T17:00:00Z,Miami Dolphins,Kansas City Chiefs,betonlineag,player_reception_yds,De'Von Achane,Over,26.5,-115,2026-09-26T21:16:02Z,2026-09-26 17:16:48.891336
0339a0e41bcee12820eb3e64bb5fadb4,2026-09-27T17:00:00Z,Miami Dolphins,Kansas City Chiefs,betonlineag,player_reception_yds,De'Von Achane,Under,26.5,-112,2026-09-26T21:16:02Z,2026-09-26 17:16:48.891336
0339a0e41bcee12820eb3e64bb5fadb4,2026-09-27T17:00:00Z,Miami Dolphins,Kansas City Chiefs,betonlineag,player_reception_yds,Greg Dulcich,Over,22.5,-114,2026-09-26T21:16:02Z,2026-09-26 17:16:48.891336
0339a0e41bcee12820eb3e64bb5fadb4,2026-09-27T17:00:00Z,Miami Dolphins,Kansas City Chiefs,betonlineag,player_reception_yds,Greg Dulcich,Under,22.5,-114,2026-09-26T21:16:02Z,2026-09-26 17:16:48.891336
0339a0e41bcee12820eb3e64bb5fadb4,2026-09-27T17:00:00Z,Miami Dolphins,Kansas City Chiefs,betonlineag,player_reception_yds,Tyquan Thornton,Over,19.5,-116,2026-09-26T21:16:02Z,2026-09-26 17:16:48.891336
0339a0e41bcee12820eb3e64bb5fadb4,2026-09-27T17:00:00Z,Miami Dolphins,Kansas City Chiefs,betonlineag,player_reception_yds,Tyquan Thornton,Under,19.5,-111,2026-09-26T21:16:02Z,2026-09-26 17:16:48.891336
0339a0e41bcee12820eb3e64bb5fadb4,2026-09-27T17:00:00Z,Miami Dolphins,Kansas City Chiefs,betonlineag,player_reception_yds,Malik Washington,Over,38.5,-110,2026-09-26T21:16:02Z,2026-09-26 17:16:48.891336
0339a0e41bcee12820eb3e64bb5fadb4,2026-09-27T17:00:00Z,Miami Dolphins,Kansas City Chiefs,betonlineag,player_reception_yds,Malik Washington,Under,38.5,-118,2026-09-26T21:16:02Z,2026-09-26 17:16:48.891336
0339a0e41bcee12820eb3e64bb5fadb4,2026-09-27T17:00:00Z,Miami Dolphins,Kansas City Chiefs,betonlineag,player_reception_yds,Chris Bell,Over,19.5,-112,2026-09-26T21:16:02Z,2026-09-26 17:16:48.891336
0339a0e41bcee12820eb3e64bb5fadb4,2026-09-27T17:00:00Z,Miami Dolphins,Kansas City Chiefs,betonlineag,player_reception_yds,Chris Bell,Under,19.5,-115,2026-09-26T21:16:02Z,2026-09-26 17:16:48.891336
0339a0e41bcee12820eb3e64bb5fadb4,2026-09-27T17:00:00Z,Miami Dolphins,Kansas City Chiefs,betonlineag,player_reception_yds,Xavier Worthy,Over,40.5,-114,2026-09-26T21:16:02Z,2026-09-26 17:16:48.891336
0339a0e41bcee12820eb3e64bb5fadb4,2026-09-27T17:00:00Z,Miami Dolphins,Kansas City Chiefs,betonlineag,player_reception_yds,Xavier Worthy,Under,40.5,-114,2026-09-26T21:16:02Z,2026-09-26 17:16:48.891336
0339a0e41bcee12820eb3e64bb5fadb4,2026-09-27T17:00:00Z,Miami Dolphins,Kansas City Chiefs,betonlineag,player_reception_yds,Kevin Coleman Jr.,Over,15.5,-115,2026-09-26T21:16:02Z,2026-09-26 17:16:48.891336
0339a0e41bcee12820eb3e64bb5fadb4,2026-09-27T17:00:00Z,Miami Dolphins,Kansas City Chiefs,betonlineag,player_reception_yds,Kevin Coleman Jr.,Under,15.5,-112,2026-09-26T21:16:02Z,2026-09-26 17:16:48.891336
0339a0e41bcee12820eb3e64bb5fadb4,2026-09-27T17:00:00Z,Miami Dolphins,Kansas City Chiefs,bovada,player_reception_yds,Chris Bell,Over,19.5,-110,2026-09-26T21:15:05Z,2026-09-26 17:16:48.891336
0339a0e41bcee12820eb3e64bb5fadb4,2026-09-27T17:00:00Z,Miami Dolphins,Kansas City Chiefs,bovada,player_reception_yds,Chris Bell,Under,19.5,-120,2026-09-26T21:15:05Z,2026-09-26 17:16:48.891336
0339a0e41bcee12820eb3e64bb5fadb4,2026-09-27T17:00:00Z,Miami Dolphins,Kansas City Chiefs,bovada,player_reception_yds,De'Von Achane,Over,27.5,-115,2026-09-26T21:15:05Z,2026-09-26 17:16:48.891336
0339a0e41bcee12820eb3e64bb5fadb4,2026-09-27T17:00:00Z,Miami Dolphins,Kansas City Chiefs,bovada,player_reception_yds,De'Von Achane,Under,27.5,-115,2026-09-26T21:15:05Z,2026-09-26 17:16:48.891336
0339a0e41bcee12820eb3e64bb5fadb4,2026-09-27T17:00:00Z,Miami Dolphins,Kansas City Chiefs,bovada,player_reception_yds,Emmett Johnson,Over,10.5,-110,2026-09-26T21:15:05Z,2026-09-26 17:16:48.891336
0339a0e41bcee12820eb3e64bb5fadb4,2026-09-27T17:00:00Z,Miami Dolphins,Kansas City Chiefs,bovada,player_reception_yds,Emmett Johnson,Under,10.5,-120,2026-09-26T21:15:05Z,2026-09-26 17:16:48.891336
0339a0e41bcee12820eb3e64bb5fadb4,2026-09-27T17:00:00Z,Miami Dolphins,Kansas City Chiefs,bovada,player_reception_yds,Greg Dulcich,Over,23.5,-120,2026-09-26T21:15:05Z,2026-09-26 17:16:48.891336
0339a0e41bcee12820eb3e64bb5fadb4,2026-09-27T17:00:00Z,Miami Dolphins,Kansas City Chiefs,bovada,player_reception_yds,Greg Dulcich,Under,23.5,-110,2026-09-26T21:15:05Z,2026-09-26 17:16:48.891336
0339a0e41bcee12820eb3e64bb5fadb4,2026-09-27T17:00:00Z,Miami Dolphins,Kansas City Chiefs,bovada,player_reception_yds,Kenneth Walker III,Over,23.5,-115,2026-09-26T21:15:05Z,2026-09-26 17:16:48.891336
0339a0e41bcee12820eb3e64bb5fadb4,2026-09-27T17:00:00Z,Miami Dolphins,Kansas City Chiefs,bovada,player_reception_yds,Kenneth Walker III,Under,23.5,-115,2026-09-26T21:15:05Z,2026-09-26 17:16:48.891336
0339a0e41bcee12820eb3e64bb5fadb4,2026-09-27T17:00:00Z,Miami Dolphins,Kansas City Chiefs,bovada,player_reception_yds,Kevin Coleman Jr.,Over,15.5,-115,2026-09-26T21:15:05Z,2026-09-26 17:16:48.891336
0339a0e41bcee12820eb3e64bb5fadb4,2026-09-27T17:00:00Z,Miami Dolphins,Kansas City Chiefs,bovada,player_reception_yds,Kevin Coleman Jr.,Under,15.5,-115,2026-09-26T21:15:05Z,2026-09-26 17:16:48.891336
0339a0e41bcee12820eb3e64bb5fadb4,2026-09-27T17:00:00Z,Miami Dolphins,Kansas City Chiefs,bovada,player_reception_yds,Malik Washington,Over,38.5,-110,2026-09-26T21:15:05Z,2026-09-26 17:16:48.891336
0339a0e41bcee12820eb3e64bb5fadb4,2026-09-27T17:00:00Z,Miami Dolphins,Kansas City Chiefs,bovada,player_reception_yds,Malik Washington,Under,38.5,-120,2026-09-26T21:15:05Z,2026-09-26 17:16:48.891336
0339a0e41bcee12820eb3e64bb5fadb4,2026-09-27T17:00:00Z,Miami Dolphins,Kansas City Chiefs,bovada,player_reception_yds,Rashee Rice,Over,49.5,-110,2026-09-26T21:15:05Z,2026-09-26 17:16:48.891336
0339a0e41bcee12820eb3e64bb5fadb4,2026-09-27T17:00:00Z,Miami Dolphins,Kansas City Chiefs,bovada,player_reception_yds,Rashee Rice,Under,49.5,-120,2026-09-26T21:15:05Z,2026-09-26 17:16:48.891336
0339a0e41bcee12820eb3e64bb5fadb4,2026-09-27T17:00:00Z,Miami Dolphins,Kansas City Chiefs,bovada,player_reception_yds,Travis Kelce,Over,50.5,-115,2026-09-26T21:15:05Z,2026-09-26 17:16:48.891336
0339a0e41bcee12820eb3e64bb5fadb4,2026-09-27T17:00:00Z,Miami Dolphins,Kansas City Chiefs,bovada,player_reception_yds,Travis Kelce,Under,50.5,-115,2026-09-26T21:15:05Z,2026-09-26 17:16:48.891336
0339a0e41bcee12820eb3e64bb5fadb4,2026-09-27T17:00:00Z,Miami Dolphins,Kansas City Chiefs,bovada,player_reception_yds,Tyquan Thornton,Over,19.5,-120,2026-09-26T21:15:05Z,2026-09-26 17:16:48.891336
0339a0e41bcee12820eb3e64bb5fadb4,2026-09-27T17:00:00Z,Miami Dolphins,Kansas City Chiefs,bovada,player_reception_yds,Tyquan Thornton,Under,19.5,-110,2026-09-26T21:15:05Z,2026-09-26 17:16:48.891336
0339a0e41bcee12820eb3e64bb5fadb4,2026-09-27T17:00:00Z,Miami Dolphins,Kansas City Chiefs,bovada,player_reception_yds,Xavier Worthy,Over,37.5,-115,2026-09-26T21:15:05Z,2026-09-26 17:16:48.891336
0339a0e41bcee12820eb3e64bb5fadb4,2026-09-27T17:00:00Z,Miami Dolphins,Kansas City Chiefs,bovada,player_reception_yds,Xavier Worthy,Under,37.5,-115,2026-09-26T21:15:05Z,2026-09-26 17:16:48.891336
555afd4a27aaa392662881cffa8f2eef,2026-09-27T17:00:00Z,New York Giants,Tennessee Titans,draftkings,player_reception_yds,Malik Nabers,Over,54.5,-115,2026-09-26T21:15:47Z,2026-09-26 17:16:49.500475
555afd4a27aaa392662881cffa8f2eef,2026-09-27T17:00:00Z,New York Giants,Tennessee Titans,draftkings,player_reception_yds,Malik Nabers,Under,54.5,-109,2026-09-26T21:15:47Z,2026-09-26 17:16:49.500475
555afd4a27aaa392662881cffa8f2eef,2026-09-27T17:00:00Z,New York Giants,Tennessee Titans,draftkings,player_reception_yds,Isaiah Likely,Over,40.5,-111,2026-09-26T21:15:47Z,2026-09-26 17:16:49.500475
555afd4a27aaa392662881cffa8f2eef,2026-09-27T17:00:00Z,New York Giants,Tennessee Titans,draftkings,player_reception_yds,Isaiah Likely,Under,40.5,-113,2026-09-26T21:15:47Z,2026-09-26 17:16:49.500475
555afd4a27aaa392662881cffa8f2eef,2026-09-27T17:00:00Z,New York Giants,Tennessee Titans,draftkings,player_reception_yds,Carnell Tate,Over,38.5,-111,2026-09-26T21:15:47Z,2026-09-26 17:16:49.500475
555afd4a27aaa392662881cffa8f2eef,2026-09-27T17:00:00Z,New York Giants,Tennessee Titans,draftkings,player_reception_yds,Carnell Tate,Under,38.5,-113,2026-09-26T21:15:47Z,2026-09-26 17:16:49.500475
555afd4a27aaa392662881cffa8f2eef,2026-09-27T17:00:00Z,New York Giants,Tennessee Titans,draftkings,player_reception_yds,Wan'Dale Robinson,Over,30.5,-114,2026-09-26T21:15:47Z,2026-09-26 17:16:49.500475
555afd4a27aaa392662881cffa8f2eef,2026-09-27T17:00:00Z,New York Giants,Tennessee Titans,draftkings,player_reception_yds,Wan'Dale Robinson,Under,30.5,-110,2026-09-26T21:15:47Z,2026-09-26 17:16:49.500475
555afd4a27aaa392662881cffa8f2eef,2026-09-27T17:00:00Z,New York Giants,Tennessee Titans,draftkings,player_reception_yds,Malachi Fields,Over,23.5,-111,2026-09-26T21:15:47Z,2026-09-26 17:16:49.500475
555afd4a27aaa392662881cffa8f2eef,2026-09-27T17:00:00Z,New York Giants,Tennessee Titans,draftkings,player_reception_yds,Malachi Fields,Under,23.5,-113,2026-09-26T21:15:47Z,2026-09-26 17:16:49.500475
555afd4a27aaa392662881cffa8f2eef,2026-09-27T17:00:00Z,New York Giants,Tennessee Titans,draftkings,player_reception_yds,Gunnar Helm,Over,19.5,-117,2026-09-26T21:15:47Z,2026-09-26 17:16:49.500475
555afd4a27aaa392662881cffa8f2eef,2026-09-27T17:00:00Z,New York Giants,Tennessee Titans,draftkings,player_reception_yds,Gunnar Helm,Under,19.5,-107,2026-09-26T21:15:47Z,2026-09-26 17:16:49.500475
555afd4a27aaa392662881cffa8f2eef,2026-09-27T17:00:00Z,New York Giants,Tennessee Titans,draftkings,player_reception_yds,Darnell Mooney,Over,17.5,-112,2026-09-26T21:15:47Z,2026-09-26 17:16:49.500475
555afd4a27aaa392662881cffa8f2eef,2026-09-27T17:00:00Z,New York Giants,Tennessee Titans,draftkings,player_reception_yds,Darnell Mooney,Under,17.5,-111,2026-09-26T21:15:47Z,2026-09-26 17:16:49.500475
555afd4a27aaa392662881cffa8f2eef,2026-09-27T17:00:00Z,New York Giants,Tennessee Titans,draftkings,player_reception_yds,Calvin Ridley,Over,14.5,-113,2026-09-26T21:15:47Z,2026-09-26 17:16:49.500475
555afd4a27aaa392662881cffa8f2eef,2026-09-27T17:00:00Z,New York Giants,Tennessee Titans,draftkings,player_reception_yds,Calvin Ridley,Under,14.5,-111,2026-09-26T21:15:47Z,2026-09-26 17:16:49.500475
555afd4a27aaa392662881cffa8f2eef,2026-09-27T17:00:00Z,New York Giants,Tennessee Titans,draftkings,player_reception_yds,Elic Ayomanor,Over,13.5,-117,2026-09-26T21:15:47Z,2026-09-26 17:16:49.500475
555afd4a27aaa392662881cffa8f2eef,2026-09-27T17:00:00Z,New York Giants,Tennessee Titans,draftkings,player_reception_yds,Elic Ayomanor,Under,13.5,-108,2026-09-26T21:15:47Z,2026-09-26 17:16:49.500475
555afd4a27aaa392662881cffa8f2eef,2026-09-27T17:00:00Z,New York Giants,Tennessee Titans,draftkings,player_reception_yds,Cam Skattebo,Over,12.5,-110,2026-09-26T21:15:47Z,2026-09-26 17:16:49.500475
555afd4a27aaa392662881cffa8f2eef,2026-09-27T17:00:00Z,New York Giants,Tennessee Titans,draftkings,player_reception_yds,Cam Skattebo,Under,12.5,-114,2026-09-26T21:15:47Z,2026-09-26 17:16:49.500475
555afd4a27aaa392662881cffa8f2eef,2026-09-27T17:00:00Z,New York Giants,Tennessee Titans,draftkings,player_reception_yds,Tony Pollard,Over,6.5,-109,2026-09-26T21:15:47Z,2026-09-26 17:16:49.500475
555afd4a27aaa392662881cffa8f2eef,2026-09-27T17:00:00Z,New York Giants,Tennessee Titans,draftkings,player_reception_yds,Tony Pollard,Under,6.5,-115,2026-09-26T21:15:47Z,2026-09-26 17:16:49.500475
555afd4a27aaa392662881cffa8f2eef,2026-09-27T17:00:00Z,New York Giants,Tennessee Titans,fanduel,player_reception_yds,Carnell Tate,Over,38.5,-113,2026-09-26T21:16:09Z,2026-09-26 17:16:49.500475
555afd4a27aaa392662881cffa8f2eef,2026-09-27T17:00:00Z,New York Giants,Tennessee Titans,fanduel,player_reception_yds,Carnell Tate,Under,38.5,-113,2026-09-26T21:16:09Z,2026-09-26 17:16:49.500475
555afd4a27aaa392662881cffa8f2eef,2026-09-27T17:00:00Z,New York Giants,Tennessee Titans,fanduel,player_reception_yds,Malachi Fields,Over,20.5,-113,2026-09-26T21:16:09Z,2026-09-26 17:16:49.500475
555afd4a27aaa392662881cffa8f2eef,2026-09-27T17:00:00Z,New York Giants,Tennessee Titans,fanduel,player_reception_yds,Malachi Fields,Under,20.5,-113,2026-09-26T21:16:09Z,2026-09-26 17:16:49.500475
555afd4a27aaa392662881cffa8f2eef,2026-09-27T17:00:00Z,New York Giants,Tennessee Titans,fanduel,player_reception_yds,Gunnar Helm,Over,21.5,-113,2026-09-26T21:16:09Z,2026-09-26 17:16:49.500475
555afd4a27aaa392662881cffa8f2eef,2026-09-27T17:00:00Z,New York Giants,Tennessee Titans,fanduel,player_reception_yds,Gunnar Helm,Under,21.5,-113,2026-09-26T21:16:09Z,2026-09-26 17:16:49.500475
555afd4a27aaa392662881cffa8f2eef,2026-09-27T17:00:00Z,New York Giants,Tennessee Titans,fanduel,player_reception_yds,Elic Ayomanor,Over,13.5,-113,2026-09-26T21:16:09Z,2026-09-26 17:16:49.500475
555afd4a27aaa392662881cffa8f2eef,2026-09-27T17:00:00Z,New York Giants,Tennessee Titans,fanduel,player_reception_yds,Elic Ayomanor,Under,13.5,-113,2026-09-26T21:16:09Z,2026-09-26 17:16:49.500475
555afd4a27aaa392662881cffa8f2eef,2026-09-27T17:00:00Z,New York Giants,Tennessee Titans,fanduel,player_reception_yds,Wan'Dale Robinson,Over,30.5,-113,2026-09-26T21:16:09Z,2026-09-26 17:16:49.500475
555afd4a27aaa392662881cffa8f2eef,2026-09-27T17:00:00Z,New York Giants,Tennessee Titans,fanduel,player_reception_yds,Wan'Dale Robinson,Under,30.5,-113,2026-09-26T21:16:09Z,2026-09-26 17:16:49.500475
555afd4a27aaa392662881cffa8f2eef,2026-09-27T17:00:00Z,New York Giants,Tennessee Titans,fanduel,player_reception_yds,Calvin Ridley,Over,13.5,-113,2026-09-26T21:16:09Z,2026-09-26 17:16:49.500475
555afd4a27aaa392662881cffa8f2eef,2026-09-27T17:00:00Z,New York Giants,Tennessee Titans,fanduel,player_reception_yds,Calvin Ridley,Under,13.5,-113,2026-09-26T21:16:09Z,2026-09-26 17:16:49.500475
555afd4a27aaa392662881cffa8f2eef,2026-09-27T17:00:00Z,New York Giants,Tennessee Titans,fanduel,player_reception_yds,Darnell Mooney,Over,15.5,-113,2026-09-26T21:16:09Z,2026-09-26 17:16:49.500475
555afd4a27aaa392662881cffa8f2eef,2026-09-27T17:00:00Z,New York Giants,Tennessee Titans,fanduel,player_reception_yds,Darnell Mooney,Under,15.5,-113,2026-09-26T21:16:09Z,2026-09-26 17:16:49.500475
555afd4a27aaa392662881cffa8f2eef,2026-09-27T17:00:00Z,New York Giants,Tennessee Titans,fanduel,player_reception_yds,Tony Pollard,Over,6.5,-113,2026-09-26T21:16:09Z,2026-09-26 17:16:49.500475
555afd4a27aaa392662881cffa8f2eef,2026-09-27T17:00:00Z,New York Giants,Tennessee Titans,fanduel,player_reception_yds,Tony Pollard,Under,6.5,-113,2026-09-26T21:16:09Z,2026-09-26 17:16:49.500475
555afd4a27aaa392662881cffa8f2eef,2026-09-27T17:00:00Z,New York Giants,Tennessee Titans,fanduel,player_reception_yds,Cam Skattebo,Over,11.5,-113,2026-09-26T21:16:09Z,2026-09-26 17:16:49.500475
555afd4a27aaa392662881cffa8f2eef,2026-09-27T17:00:00Z,New York Giants,Tennessee Titans,fanduel,player_reception_yds,Cam Skattebo,Under,11.5,-113,2026-09-26T21:16:09Z,2026-09-26 17:16:49.500475
555afd4a27aaa392662881cffa8f2eef,2026-09-27T17:00:00Z,New York Giants,Tennessee Titans,fanduel,player_reception_yds,Isaiah Likely,Over,40.5,-113,2026-09-26T21:16:09Z,2026-09-26 17:16:49.500475
555afd4a27aaa392662881cffa8f2eef,2026-09-27T17:00:00Z,New York Giants,Tennessee Titans,fanduel,player_reception_yds,Isaiah Likely,Under,40.5,-113,2026-09-26T21:16:09Z,2026-09-26 17:16:49.500475
555afd4a27aaa392662881cffa8f2eef,2026-09-27T17:00:00Z,New York Giants,Tennessee Titans,fanduel,player_reception_yds,Malik Nabers,Over,52.5,-113,2026-09-26T21:16:09Z,2026-09-26 17:16:49.500475
555afd4a27aaa392662881cffa8f2eef,2026-09-27T17:00:00Z,New York Giants,Tennessee Titans,fanduel,player_reception_yds,Malik Nabers,Under,52.5,-113,2026-09-26T21:16:09Z,2026-09-26 17:16:49.500475
555afd4a27aaa392662881cffa8f2eef,2026-09-27T17:00:00Z,New York Giants,Tennessee Titans,fanduel,player_reception_yds,Devin Singletary,Over,6.5,-113,2026-09-26T21:16:09Z,2026-09-26 17:16:49.500475
555afd4a27aaa392662881cffa8f2eef,2026-09-27T17:00:00Z,New York Giants,Tennessee Titans,fanduel,player_reception_yds,Devin Singletary,Under,6.5,-113,2026-09-26T21:16:09Z,2026-09-26 17:16:49.500475
555afd4a27aaa392662881cffa8f2eef,2026-09-27T17:00:00Z,New York Giants,Tennessee Titans,betrivers,player_reception_yds,Isaiah Likely,Over,39.5,-117,2026-09-26T21:16:17Z,2026-09-26 17:16:49.500475
555afd4a27aaa392662881cffa8f2eef,2026-09-27T17:00:00Z,New York Giants,Tennessee Titans,betrivers,player_reception_yds,Isaiah Likely,Under,39.5,-114,2026-09-26T21:16:17Z,2026-09-26 17:16:49.500475
555afd4a27aaa392662881cffa8f2eef,2026-09-27T17:00:00Z,New York Giants,Tennessee Titans,betrivers,player_reception_yds,Gunnar Helm,Over,22.5,-115,2026-09-26T21:16:17Z,2026-09-26 17:16:49.500475
555afd4a27aaa392662881cffa8f2eef,2026-09-27T17:00:00Z,New York Giants,Tennessee Titans,betrivers,player_reception_yds,Gunnar Helm,Under,22.5,-114,2026-09-26T21:16:17Z,2026-09-26 17:16:49.500475
555afd4a27aaa392662881cffa8f2eef,2026-09-27T17:00:00Z,New York Giants,Tennessee Titans,betrivers,player_reception_yds,Wan'Dale Robinson,Over,30.5,-114,2026-09-26T21:16:17Z,2026-09-26 17:16:49.500475
555afd4a27aaa392662881cffa8f2eef,2026-09-27T17:00:00Z,New York Giants,Tennessee Titans,betrivers,player_reception_yds,Wan'Dale Robinson,Under,30.5,-117,2026-09-26T21:16:17Z,2026-09-26 17:16:49.500475
555afd4a27aaa392662881cffa8f2eef,2026-09-27T17:00:00Z,New York Giants,Tennessee Titans,betrivers,player_reception_yds,Tyjae Spears,Over,13.5,-115,2026-09-26T21:16:17Z,2026-09-26 17:16:49.500475
555afd4a27aaa392662881cffa8f2eef,2026-09-27T17:00:00Z,New York Giants,Tennessee Titans,betrivers,player_reception_yds,Tyjae Spears,Under,13.5,-115,2026-09-26T21:16:17Z,2026-09-26 17:16:49.500475
555afd4a27aaa392662881cffa8f2eef,2026-09-27T17:00:00Z,New York Giants,Tennessee Titans,betrivers,player_reception_yds,Calvin Ridley,Over,13.5,-113,2026-09-26T21:16:17Z,2026-09-26 17:16:49.500475
555afd4a27aaa392662881cffa8f2eef,2026-09-27T17:00:00Z,New York Giants,Tennessee Titans,betrivers,player_reception_yds,Calvin Ridley,Under,13.5,-117,2026-09-26T21:16:17Z,2026-09-26 17:16:49.500475
555afd4a27aaa392662881cffa8f2eef,2026-09-27T17:00:00Z,New York Giants,Tennessee Titans,betrivers,player_reception_yds,Malik Nabers,Over,55.5,-114,2026-09-26T21:16:17Z,2026-09-26 17:16:49.500475
555afd4a27aaa392662881cffa8f2eef,2026-09-27T17:00:00Z,New York Giants,Tennessee Titans,betrivers,player_reception_yds,Malik Nabers,Under,55.5,-117,2026-09-26T21:16:17Z,2026-09-26 17:16:49.500475
555afd4a27aaa392662881cffa8f2eef,2026-09-27T17:00:00Z,New York Giants,Tennessee Titans,betrivers,player_reception_yds,Malachi Fields,Over,23.5,-113,2026-09-26T21:16:17Z,2026-09-26 17:16:49.500475
555afd4a27aaa392662881cffa8f2eef,2026-09-27T17:00:00Z,New York Giants,Tennessee Titans,betrivers,player_reception_yds,Malachi Fields,Under,23.5,-118,2026-09-26T21:16:17Z,2026-09-26 17:16:49.500475
555afd4a27aaa392662881cffa8f2eef,2026-09-27T17:00:00Z,New York Giants,Tennessee Titans,betrivers,player_reception_yds,Darnell Mooney,Over,16.5,-114,2026-09-26T21:16:17Z,2026-09-26 17:16:49.500475
555afd4a27aaa392662881cffa8f2eef,2026-09-27T17:00:00Z,New York Giants,Tennessee Titans,betrivers,player_reception_yds,Darnell Mooney,Under,16.5,-117,2026-09-26T21:16:17Z,2026-09-26 17:16:49.500475
555afd4a27aaa392662881cffa8f2eef,2026-09-27T17:00:00Z,New York Giants,Tennessee Titans,betrivers,player_reception_yds,Carnell Tate,Over,37.5,-118,2026-09-26T21:16:17Z,2026-09-26 17:16:49.500475
555afd4a27aaa392662881cffa8f2eef,2026-09-27T17:00:00Z,New York Giants,Tennessee Titans,betrivers,player_reception_yds,Carnell Tate,Under,37.5,-113,2026-09-26T21:16:17Z,2026-09-26 17:16:49.500475
555afd4a27aaa392662881cffa8f2eef,2026-09-27T17:00:00Z,New York Giants,Tennessee Titans,betrivers,player_reception_yds,Elic Ayomanor,Over,14.5,-118,2026-09-26T21:16:17Z,2026-09-26 17:16:49.500475
555afd4a27aaa392662881cffa8f2eef,2026-09-27T17:00:00Z,New York Giants,Tennessee Titans,betrivers,player_reception_yds,Elic Ayomanor,Under,14.5,-113,2026-09-26T21:16:17Z,2026-09-26 17:16:49.500475
555afd4a27aaa392662881cffa8f2eef,2026-09-27T17:00:00Z,New York Giants,Tennessee Titans,betrivers,player_reception_yds,Tony Pollard,Over,7.5,-108,2026-09-26T21:16:17Z,2026-09-26 17:16:49.500475
555afd4a27aaa392662881cffa8f2eef,2026-09-27T17:00:00Z,New York Giants,Tennessee Titans,betrivers,player_reception_yds,Tony Pollard,Under,7.5,-124,2026-09-26T21:16:17Z,2026-09-26 17:16:49.500475
555afd4a27aaa392662881cffa8f2eef,2026-09-27T17:00:00Z,New York Giants,Tennessee Titans,betrivers,player_reception_yds,Cam Skattebo,Over,11.5,-114,2026-09-26T21:16:17Z,2026-09-26 17:16:49.500475
555afd4a27aaa392662881cffa8f2eef,2026-09-27T17:00:00Z,New York Giants,Tennessee Titans,betrivers,player_reception_yds,Cam Skattebo,Under,11.5,-117,2026-09-26T21:16:17Z,2026-09-26 17:16:49.500475
555afd4a27aaa392662881cffa8f2eef,2026-09-27T17:00:00Z,New York Giants,Tennessee Titans,betonlineag,player_reception_yds,Cam Skattebo,Over,12.5,-111,2026-09-26T21:15:04Z,2026-09-26 17:16:49.500475
555afd4a27aaa392662881cffa8f2eef,2026-09-27T17:00:00Z,New York Giants,Tennessee Titans,betonlineag,player_reception_yds,Cam Skattebo,Under,12.5,-116,2026-09-26T21:15:04Z,2026-09-26 17:16:49.500475
555afd4a27aaa392662881cffa8f2eef,2026-09-27T17:00:00Z,New York Giants,Tennessee Titans,betonlineag,player_reception_yds,Isaiah Likely,Over,40.5,-114,2026-09-26T21:15:04Z,2026-09-26 17:16:49.500475
555afd4a27aaa392662881cffa8f2eef,2026-09-27T17:00:00Z,New York Giants,Tennessee Titans,betonlineag,player_reception_yds,Isaiah Likely,Under,40.5,-114,2026-09-26T21:15:04Z,2026-09-26 17:16:49.500475
555afd4a27aaa392662881cffa8f2eef,2026-09-27T17:00:00Z,New York Giants,Tennessee Titans,betonlineag,player_reception_yds,Malachi Fields,Over,23.5,-114,2026-09-26T21:15:04Z,2026-09-26 17:16:49.500475
555afd4a27aaa392662881cffa8f2eef,2026-09-27T17:00:00Z,New York Giants,Tennessee Titans,betonlineag,player_reception_yds,Malachi Fields,Under,23.5,-114,2026-09-26T21:15:04Z,2026-09-26 17:16:49.500475
555afd4a27aaa392662881cffa8f2eef,2026-09-27T17:00:00Z,New York Giants,Tennessee Titans,betonlineag,player_reception_yds,Darnell Mooney,Over,15.5,-114,2026-09-26T21:15:04Z,2026-09-26 17:16:49.500475
555afd4a27aaa392662881cffa8f2eef,2026-09-27T17:00:00Z,New York Giants,Tennessee Titans,betonlineag,player_reception_yds,Darnell Mooney,Under,15.5,-114,2026-09-26T21:15:04Z,2026-09-26 17:16:49.500475
555afd4a27aaa392662881cffa8f2eef,2026-09-27T17:00:00Z,New York Giants,Tennessee Titans,betonlineag,player_reception_yds,Calvin Ridley,Over,14.5,-115,2026-09-26T21:15:04Z,2026-09-26 17:16:49.500475
555afd4a27aaa392662881cffa8f2eef,2026-09-27T17:00:00Z,New York Giants,Tennessee Titans,betonlineag,player_reception_yds,Calvin Ridley,Under,14.5,-112,2026-09-26T21:15:04Z,2026-09-26 17:16:49.500475
555afd4a27aaa392662881cffa8f2eef,2026-09-27T17:00:00Z,New York Giants,Tennessee Titans,betonlineag,player_reception_yds,Gunnar Helm,Over,20.5,-112,2026-09-26T21:15:04Z,2026-09-26 17:16:49.500475
555afd4a27aaa392662881cffa8f2eef,2026-09-27T17:00:00Z,New York Giants,Tennessee Titans,betonlineag,player_reception_yds,Gunnar Helm,Under,20.5,-115,2026-09-26T21:15:04Z,2026-09-26 17:16:49.500475
555afd4a27aaa392662881cffa8f2eef,2026-09-27T17:00:00Z,New York Giants,Tennessee Titans,betonlineag,player_reception_yds,Carnell Tate,Over,38.5,-114,2026-09-26T21:15:04Z,2026-09-26 17:16:49.500475
555afd4a27aaa392662881cffa8f2eef,2026-09-27T17:00:00Z,New York Giants,Tennessee Titans,betonlineag,player_reception_yds,Carnell Tate,Under,38.5,-114,2026-09-26T21:15:04Z,2026-09-26 17:16:49.500475
555afd4a27aaa392662881cffa8f2eef,2026-09-27T17:00:00Z,New York Giants,Tennessee Titans,betonlineag,player_reception_yds,Tony Pollard,Over,6.5,-114,2026-09-26T21:15:04Z,2026-09-26 17:16:49.500475
555afd4a27aaa392662881cffa8f2eef,2026-09-27T17:00:00Z,New York Giants,Tennessee Titans,betonlineag,player_reception_yds,Tony Pollard,Under,6.5,-114,2026-09-26T21:15:04Z,2026-09-26 17:16:49.500475
555afd4a27aaa392662881cffa8f2eef,2026-09-27T17:00:00Z,New York Giants,Tennessee Titans,betonlineag,player_reception_yds,Wan'Dale Robinson,Over,30.5,-120,2026-09-26T21:15:04Z,2026-09-26 17:16:49.500475
555afd4a27aaa392662881cffa8f2eef,2026-09-27T17:00:00Z,New York Giants,Tennessee Titans,betonlineag,player_reception_yds,Wan'Dale Robinson,Under,30.5,-108,2026-09-26T21:15:04Z,2026-09-26 17:16:49.500475
555afd4a27aaa392662881cffa8f2eef,2026-09-27T17:00:00Z,New York Giants,Tennessee Titans,betonlineag,player_reception_yds,Elic Ayomanor,Over,13.5,-118,2026-09-26T21:15:04Z,2026-09-26 17:16:49.500475
555afd4a27aaa392662881cffa8f2eef,2026-09-27T17:00:00Z,New York Giants,Tennessee Titans,betonlineag,player_reception_yds,Elic Ayomanor,Under,13.5,-110,2026-09-26T21:15:04Z,2026-09-26 17:16:49.500475
555afd4a27aaa392662881cffa8f2eef,2026-09-27T17:00:00Z,New York Giants,Tennessee Titans,betonlineag,player_reception_yds,Malik Nabers,Over,54.5,-119,2026-09-26T21:15:04Z,2026-09-26 17:16:49.500475
555afd4a27aaa392662881cffa8f2eef,2026-09-27T17:00:00Z,New York Giants,Tennessee Titans,betonlineag,player_reception_yds,Malik Nabers,Under,54.5,-109,2026-09-26T21:15:04Z,2026-09-26 17:16:49.500475
555afd4a27aaa392662881cffa8f2eef,2026-09-27T17:00:00Z,New York Giants,Tennessee Titans,betmgm,player_reception_yds,Elic Ayomanor,Over,16.5,-115,2026-09-26T21:16:06Z,2026-09-26 17:16:49.500475
555afd4a27aaa392662881cffa8f2eef,2026-09-27T17:00:00Z,New York Giants,Tennessee Titans,betmgm,player_reception_yds,Elic Ayomanor,Under,16.5,-115,2026-09-26T21:16:06Z,2026-09-26 17:16:49.500475
555afd4a27aaa392662881cffa8f2eef,2026-09-27T17:00:00Z,New York Giants,Tennessee Titans,betmgm,player_reception_yds,Calvin Ridley,Over,15.5,-115,2026-09-26T21:16:06Z,2026-09-26 17:16:49.500475
555afd4a27aaa392662881cffa8f2eef,2026-09-27T17:00:00Z,New York Giants,Tennessee Titans,betmgm,player_reception_yds,Calvin Ridley,Under,15.5,-115,2026-09-26T21:16:06Z,2026-09-26 17:16:49.500475
555afd4a27aaa392662881cffa8f2eef,2026-09-27T17:00:00Z,New York Giants,Tennessee Titans,betmgm,player_reception_yds,Carnell Tate,Over,39.5,-115,2026-09-26T21:16:06Z,2026-09-26 17:16:49.500475
555afd4a27aaa392662881cffa8f2eef,2026-09-27T17:00:00Z,New York Giants,Tennessee Titans,betmgm,player_reception_yds,Carnell Tate,Under,39.5,-115,2026-09-26T21:16:06Z,2026-09-26 17:16:49.500475
555afd4a27aaa392662881cffa8f2eef,2026-09-27T17:00:00Z,New York Giants,Tennessee Titans,betmgm,player_reception_yds,Cam Skattebo,Over,12.5,-110,2026-09-26T21:16:06Z,2026-09-26 17:16:49.500475
555afd4a27aaa392662881cffa8f2eef,2026-09-27T17:00:00Z,New York Giants,Tennessee Titans,betmgm,player_reception_yds,Cam Skattebo,Under,12.5,-120,2026-09-26T21:16:06Z,2026-09-26 17:16:49.500475
555afd4a27aaa392662881cffa8f2eef,2026-09-27T17:00:00Z,New York Giants,Tennessee Titans,betmgm,player_reception_yds,Tyjae Spears,Over,14.5,-115,2026-09-26T21:16:06Z,2026-09-26 17:16:49.500475
555afd4a27aaa392662881cffa8f2eef,2026-09-27T17:00:00Z,New York Giants,Tennessee Titans,betmgm,player_reception_yds,Tyjae Spears,Under,14.5,-115,2026-09-26T21:16:06Z,2026-09-26 17:16:49.500475
555afd4a27aaa392662881cffa8f2eef,2026-09-27T17:00:00Z,New York Giants,Tennessee Titans,betmgm,player_reception_yds,Malachi Fields,Over,24.5,100,2026-09-26T21:16:06Z,2026-09-26 17:16:49.500475
555afd4a27aaa392662881cffa8f2eef,2026-09-27T17:00:00Z,New York Giants,Tennessee Titans,betmgm,player_reception_yds,Malachi Fields,Under,24.5,-135,2026-09-26T21:16:06Z,2026-09-26 17:16:49.500475
555afd4a27aaa392662881cffa8f2eef,2026-09-27T17:00:00Z,New York Giants,Tennessee Titans,betmgm,player_reception_yds,Darnell Mooney,Over,17.5,-115,2026-09-26T21:16:06Z,2026-09-26 17:16:49.500475
555afd4a27aaa392662881cffa8f2eef,2026-09-27T17:00:00Z,New York Giants,Tennessee Titans,betmgm,player_reception_yds,Darnell Mooney,Under,17.5,-115,2026-09-26T21:16:06Z,2026-09-26 17:16:49.500475
555afd4a27aaa392662881cffa8f2eef,2026-09-27T17:00:00Z,New York Giants,Tennessee Titans,betmgm,player_reception_yds,Gunnar Helm,Over,23.5,105,2026-09-26T21:16:06Z,2026-09-26 17:16:49.500475
555afd4a27aaa392662881cffa8f2eef,2026-09-27T17:00:00Z,New York Giants,Tennessee Titans,betmgm,player_reception_yds,Gunnar Helm,Under,23.5,-140,2026-09-26T21:16:06Z,2026-09-26 17:16:49.500475
555afd4a27aaa392662881cffa8f2eef,2026-09-27T17:00:00Z,New York Giants,Tennessee Titans,betmgm,player_reception_yds,Isaiah Likely,Over,38.5,-115,2026-09-26T21:16:06Z,2026-09-26 17:16:49.500475
555afd4a27aaa392662881cffa8f2eef,2026-09-27T17:00:00Z,New York Giants,Tennessee Titans,betmgm,player_reception_yds,Isaiah Likely,Under,38.5,-115,2026-09-26T21:16:06Z,2026-09-26 17:16:49.500475
555afd4a27aaa392662881cffa8f2eef,2026-09-27T17:00:00Z,New York Giants,Tennessee Titans,betmgm,player_reception_yds,Malik Nabers,Over,55.5,-115,2026-09-26T21:16:06Z,2026-09-26 17:16:49.500475
555afd4a27aaa392662881cffa8f2eef,2026-09-27T17:00:00Z,New York Giants,Tennessee Titans,betmgm,player_reception_yds,Malik Nabers,Under,55.5,-115,2026-09-26T21:16:06Z,2026-09-26 17:16:49.500475
555afd4a27aaa392662881cffa8f2eef,2026-09-27T17:00:00Z,New York Giants,Tennessee Titans,betmgm,player_reception_yds,Wan'Dale Robinson,Over,33.5,-111,2026-09-26T21:16:06Z,2026-09-26 17:16:49.500475
555afd4a27aaa392662881cffa8f2eef,2026-09-27T17:00:00Z,New York Giants,Tennessee Titans,betmgm,player_reception_yds,Wan'Dale Robinson,Under,33.5,-120,2026-09-26T21:16:06Z,2026-09-26 17:16:49.500475
555afd4a27aaa392662881cffa8f2eef,2026-09-27T17:00:00Z,New York Giants,Tennessee Titans,bovada,player_reception_yds,Calvin Ridley,Over,14.5,-115,2026-09-26T21:16:22Z,2026-09-26 17:16:49.500475
555afd4a27aaa392662881cffa8f2eef,2026-09-27T17:00:00Z,New York Giants,Tennessee Titans,bovada,player_reception_yds,Calvin Ridley,Under,14.5,-115,2026-09-26T21:16:22Z,2026-09-26 17:16:49.500475
555afd4a27aaa392662881cffa8f2eef,2026-09-27T17:00:00Z,New York Giants,Tennessee Titans,bovada,player_reception_yds,Cam Skattebo,Over,12.5,-115,2026-09-26T21:16:22Z,2026-09-26 17:16:49.500475
555afd4a27aaa392662881cffa8f2eef,2026-09-27T17:00:00Z,New York Giants,Tennessee Titans,bovada,player_reception_yds,Cam Skattebo,Under,12.5,-115,2026-09-26T21:16:22Z,2026-09-26 17:16:49.500475
555afd4a27aaa392662881cffa8f2eef,2026-09-27T17:00:00Z,New York Giants,Tennessee Titans,bovada,player_reception_yds,Carnell Tate,Over,38.5,-115,2026-09-26T21:16:22Z,2026-09-26 17:16:49.500475
555afd4a27aaa392662881cffa8f2eef,2026-09-27T17:00:00Z,New York Giants,Tennessee Titans,bovada,player_reception_yds,Carnell Tate,Under,38.5,-115,2026-09-26T21:16:22Z,2026-09-26 17:16:49.500475
555afd4a27aaa392662881cffa8f2eef,2026-09-27T17:00:00Z,New York Giants,Tennessee Titans,bovada,player_reception_yds,Darnell Mooney,Over,17.5,-115,2026-09-26T21:16:22Z,2026-09-26 17:16:49.500475
555afd4a27aaa392662881cffa8f2eef,2026-09-27T17:00:00Z,New York Giants,Tennessee Titans,bovada,player_reception_yds,Darnell Mooney,Under,17.5,-115,2026-09-26T21:16:22Z,2026-09-26 17:16:49.500475
555afd4a27aaa392662881cffa8f2eef,2026-09-27T17:00:00Z,New York Giants,Tennessee Titans,bovada,player_reception_yds,Elic Ayomanor,Over,13.5,-120,2026-09-26T21:16:22Z,2026-09-26 17:16:49.500475
555afd4a27aaa392662881cffa8f2eef,2026-09-27T17:00:00Z,New York Giants,Tennessee Titans,bovada,player_reception_yds,Elic Ayomanor,Under,13.5,-110,2026-09-26T21:16:22Z,2026-09-26 17:16:49.500475
555afd4a27aaa392662881cffa8f2eef,2026-09-27T17:00:00Z,New York Giants,Tennessee Titans,bovada,player_reception_yds,Gunnar Helm,Over,19.5,-120,2026-09-26T21:16:22Z,2026-09-26 17:16:49.500475
555afd4a27aaa392662881cffa8f2eef,2026-09-27T17:00:00Z,New York Giants,Tennessee Titans,bovada,player_reception_yds,Gunnar Helm,Under,19.5,-110,2026-09-26T21:16:22Z,2026-09-26 17:16:49.500475
555afd4a27aaa392662881cffa8f2eef,2026-09-27T17:00:00Z,New York Giants,Tennessee Titans,bovada,player_reception_yds,Isaiah Likely,Over,40.5,-115,2026-09-26T21:16:22Z,2026-09-26 17:16:49.500475
555afd4a27aaa392662881cffa8f2eef,2026-09-27T17:00:00Z,New York Giants,Tennessee Titans,bovada,player_reception_yds,Isaiah Likely,Under,40.5,-115,2026-09-26T21:16:22Z,2026-09-26 17:16:49.500475
555afd4a27aaa392662881cffa8f2eef,2026-09-27T17:00:00Z,New York Giants,Tennessee Titans,bovada,player_reception_yds,Malachi Fields,Over,23.5,-115,2026-09-26T21:16:22Z,2026-09-26 17:16:49.500475
555afd4a27aaa392662881cffa8f2eef,2026-09-27T17:00:00Z,New York Giants,Tennessee Titans,bovada,player_reception_yds,Malachi Fields,Under,23.5,-115,2026-09-26T21:16:22Z,2026-09-26 17:16:49.500475
555afd4a27aaa392662881cffa8f2eef,2026-09-27T17:00:00Z,New York Giants,Tennessee Titans,bovada,player_reception_yds,Malik Nabers,Over,54.5,-120,2026-09-26T21:16:22Z,2026-09-26 17:16:49.500475
555afd4a27aaa392662881cffa8f2eef,2026-09-27T17:00:00Z,New York Giants,Tennessee Titans,bovada,player_reception_yds,Malik Nabers,Under,54.5,-110,2026-09-26T21:16:22Z,2026-09-26 17:16:49.500475
555afd4a27aaa392662881cffa8f2eef,2026-09-27T17:00:00Z,New York Giants,Tennessee Titans,bovada,player_reception_yds,Tony Pollard,Over,6.5,-110,2026-09-26T21:16:22Z,2026-09-26 17:16:49.500475
555afd4a27aaa392662881cffa8f2eef,2026-09-27T17:00:00Z,New York Giants,Tennessee Titans,bovada,player_reception_yds,Tony Pollard,Under,6.5,-120,2026-09-26T21:16:22Z,2026-09-26 17:16:49.500475
555afd4a27aaa392662881cffa8f2eef,2026-09-27T17:00:00Z,New York Giants,Tennessee Titans,bovada,player_reception_yds,Wan'Dale Robinson,Over,30.5,-130,2026-09-26T21:16:22Z,2026-09-26 17:16:49.500475
555afd4a27aaa392662881cffa8f2eef,2026-09-27T17:00:00Z,New York Giants,Tennessee Titans,bovada,player_reception_yds,Wan'Dale Robinson,Under,30.5,100,2026-09-26T21:16:22Z,2026-09-26 17:16:49.500475
2a529c108305ffa049d8b6cfdbaa4d36,2026-09-27T17:00:00Z,Washington Commanders,Seattle Seahawks,draftkings,player_reception_yds,Jaxon Smith-Njigba,Over,91.5,-113,2026-09-26T21:15:53Z,2026-09-26 17:16:50.09887
2a529c108305ffa049d8b6cfdbaa4d36,2026-09-27T17:00:00Z,Washington Commanders,Seattle Seahawks,draftkings,player_reception_yds,Jaxon Smith-Njigba,Under,91.5,-111,2026-09-26T21:15:53Z,2026-09-26 17:16:50.09887
2a529c108305ffa049d8b6cfdbaa4d36,2026-09-27T17:00:00Z,Washington Commanders,Seattle Seahawks,draftkings,player_reception_yds,Terry McLaurin,Over,40.5,-115,2026-09-26T21:15:53Z,2026-09-26 17:16:50.09887
2a529c108305ffa049d8b6cfdbaa4d36,2026-09-27T17:00:00Z,Washington Commanders,Seattle Seahawks,draftkings,player_reception_yds,Terry McLaurin,Under,40.5,-109,2026-09-26T21:15:53Z,2026-09-26 17:16:50.09887
2a529c108305ffa049d8b6cfdbaa4d36,2026-09-27T17:00:00Z,Washington Commanders,Seattle Seahawks,draftkings,player_reception_yds,Stefon Diggs,Over,35.5,-114,2026-09-26T21:15:53Z,2026-09-26 17:16:50.09887
2a529c108305ffa049d8b6cfdbaa4d36,2026-09-27T17:00:00Z,Washington Commanders,Seattle Seahawks,draftkings,player_reception_yds,Stefon Diggs,Under,35.5,-110,2026-09-26T21:15:53Z,2026-09-26 17:16:50.09887
2a529c108305ffa049d8b6cfdbaa4d36,2026-09-27T17:00:00Z,Washington Commanders,Seattle Seahawks,draftkings,player_reception_yds,Rashid Shaheed,Over,27.5,-114,2026-09-26T21:15:53Z,2026-09-26 17:16:50.09887
2a529c108305ffa049d8b6cfdbaa4d36,2026-09-27T17:00:00Z,Washington Commanders,Seattle Seahawks,draftkings,player_reception_yds,Rashid Shaheed,Under,27.5,-110,2026-09-26T21:15:53Z,2026-09-26 17:16:50.09887
2a529c108305ffa049d8b6cfdbaa4d36,2026-09-27T17:00:00Z,Washington Commanders,Seattle Seahawks,draftkings,player_reception_yds,Cooper Kupp,Over,21.5,-109,2026-09-26T21:15:53Z,2026-09-26 17:16:50.09887
2a529c108305ffa049d8b6cfdbaa4d36,2026-09-27T17:00:00Z,Washington Commanders,Seattle Seahawks,draftkings,player_reception_yds,Cooper Kupp,Under,21.5,-115,2026-09-26T21:15:53Z,2026-09-26 17:16:50.09887
2a529c108305ffa049d8b6cfdbaa4d36,2026-09-27T17:00:00Z,Washington Commanders,Seattle Seahawks,draftkings,player_reception_yds,AJ Barner,Over,20.5,-114,2026-09-26T21:15:53Z,2026-09-26 17:16:50.09887
2a529c108305ffa049d8b6cfdbaa4d36,2026-09-27T17:00:00Z,Washington Commanders,Seattle Seahawks,draftkings,player_reception_yds,AJ Barner,Under,20.5,-110,2026-09-26T21:15:53Z,2026-09-26 17:16:50.09887
2a529c108305ffa049d8b6cfdbaa4d36,2026-09-27T17:00:00Z,Washington Commanders,Seattle Seahawks,draftkings,player_reception_yds,Rachaad White,Over,16.5,-109,2026-09-26T21:15:53Z,2026-09-26 17:16:50.09887
2a529c108305ffa049d8b6cfdbaa4d36,2026-09-27T17:00:00Z,Washington Commanders,Seattle Seahawks,draftkings,player_reception_yds,Rachaad White,Under,16.5,-115,2026-09-26T21:15:53Z,2026-09-26 17:16:50.09887
2a529c108305ffa049d8b6cfdbaa4d36,2026-09-27T17:00:00Z,Washington Commanders,Seattle Seahawks,draftkings,player_reception_yds,Antonio Williams,Over,14.5,-110,2026-09-26T21:15:53Z,2026-09-26 17:16:50.09887
2a529c108305ffa049d8b6cfdbaa4d36,2026-09-27T17:00:00Z,Washington Commanders,Seattle Seahawks,draftkings,player_reception_yds,Antonio Williams,Under,14.5,-114,2026-09-26T21:15:53Z,2026-09-26 17:16:50.09887
2a529c108305ffa049d8b6cfdbaa4d36,2026-09-27T17:00:00Z,Washington Commanders,Seattle Seahawks,draftkings,player_reception_yds,Elijah Arroyo,Over,3.5,-115,2026-09-26T21:15:53Z,2026-09-26 17:16:50.09887
2a529c108305ffa049d8b6cfdbaa4d36,2026-09-27T17:00:00Z,Washington Commanders,Seattle Seahawks,draftkings,player_reception_yds,Elijah Arroyo,Under,3.5,-109,2026-09-26T21:15:53Z,2026-09-26 17:16:50.09887
2a529c108305ffa049d8b6cfdbaa4d36,2026-09-27T17:00:00Z,Washington Commanders,Seattle Seahawks,fanduel,player_reception_yds,Terry McLaurin,Over,42.5,-113,2026-09-26T21:16:22Z,2026-09-26 17:16:50.09887
2a529c108305ffa049d8b6cfdbaa4d36,2026-09-27T17:00:00Z,Washington Commanders,Seattle Seahawks,fanduel,player_reception_yds,Terry McLaurin,Under,42.5,-113,2026-09-26T21:16:22Z,2026-09-26 17:16:50.09887
2a529c108305ffa049d8b6cfdbaa4d36,2026-09-27T17:00:00Z,Washington Commanders,Seattle Seahawks,fanduel,player_reception_yds,AJ Barner,Over,20.5,-113,2026-09-26T21:16:22Z,2026-09-26 17:16:50.09887
2a529c108305ffa049d8b6cfdbaa4d36,2026-09-27T17:00:00Z,Washington Commanders,Seattle Seahawks,fanduel,player_reception_yds,AJ Barner,Under,20.5,-113,2026-09-26T21:16:22Z,2026-09-26 17:16:50.09887
2a529c108305ffa049d8b6cfdbaa4d36,2026-09-27T17:00:00Z,Washington Commanders,Seattle Seahawks,fanduel,player_reception_yds,Antonio Williams,Over,14.5,-113,2026-09-26T21:16:22Z,2026-09-26 17:16:50.09887
2a529c108305ffa049d8b6cfdbaa4d36,2026-09-27T17:00:00Z,Washington Commanders,Seattle Seahawks,fanduel,player_reception_yds,Antonio Williams,Under,14.5,-113,2026-09-26T21:16:22Z,2026-09-26 17:16:50.09887
2a529c108305ffa049d8b6cfdbaa4d36,2026-09-27T17:00:00Z,Washington Commanders,Seattle Seahawks,fanduel,player_reception_yds,Rachaad White,Over,16.5,-113,2026-09-26T21:16:22Z,2026-09-26 17:16:50.09887
2a529c108305ffa049d8b6cfdbaa4d36,2026-09-27T17:00:00Z,Washington Commanders,Seattle Seahawks,fanduel,player_reception_yds,Rachaad White,Under,16.5,-113,2026-09-26T21:16:22Z,2026-09-26 17:16:50.09887
2a529c108305ffa049d8b6cfdbaa4d36,2026-09-27T17:00:00Z,Washington Commanders,Seattle Seahawks,fanduel,player_reception_yds,Jaxon Smith-Njigba,Over,90.5,-113,2026-09-26T21:16:22Z,2026-09-26 17:16:50.09887
2a529c108305ffa049d8b6cfdbaa4d36,2026-09-27T17:00:00Z,Washington Commanders,Seattle Seahawks,fanduel,player_reception_yds,Jaxon Smith-Njigba,Under,90.5,-113,2026-09-26T21:16:22Z,2026-09-26 17:16:50.09887
2a529c108305ffa049d8b6cfdbaa4d36,2026-09-27T17:00:00Z,Washington Commanders,Seattle Seahawks,fanduel,player_reception_yds,Stefon Diggs,Over,33.5,-113,2026-09-26T21:16:22Z,2026-09-26 17:16:50.09887
2a529c108305ffa049d8b6cfdbaa4d36,2026-09-27T17:00:00Z,Washington Commanders,Seattle Seahawks,fanduel,player_reception_yds,Stefon Diggs,Under,33.5,-113,2026-09-26T21:16:22Z,2026-09-26 17:16:50.09887
2a529c108305ffa049d8b6cfdbaa4d36,2026-09-27T17:00:00Z,Washington Commanders,Seattle Seahawks,fanduel,player_reception_yds,Rashid Shaheed,Over,28.5,-113,2026-09-26T21:16:22Z,2026-09-26 17:16:50.09887
2a529c108305ffa049d8b6cfdbaa4d36,2026-09-27T17:00:00Z,Washington Commanders,Seattle Seahawks,fanduel,player_reception_yds,Rashid Shaheed,Under,28.5,-113,2026-09-26T21:16:22Z,2026-09-26 17:16:50.09887
2a529c108305ffa049d8b6cfdbaa4d36,2026-09-27T17:00:00Z,Washington Commanders,Seattle Seahawks,fanduel,player_reception_yds,Cooper Kupp,Over,21.5,-113,2026-09-26T21:16:22Z,2026-09-26 17:16:50.09887
2a529c108305ffa049d8b6cfdbaa4d36,2026-09-27T17:00:00Z,Washington Commanders,Seattle Seahawks,fanduel,player_reception_yds,Cooper Kupp,Under,21.5,-113,2026-09-26T21:16:22Z,2026-09-26 17:16:50.09887
2a529c108305ffa049d8b6cfdbaa4d36,2026-09-27T17:00:00Z,Washington Commanders,Seattle Seahawks,fanduel,player_reception_yds,Elijah Arroyo,Over,4.5,-113,2026-09-26T21:16:22Z,2026-09-26 17:16:50.09887
2a529c108305ffa049d8b6cfdbaa4d36,2026-09-27T17:00:00Z,Washington Commanders,Seattle Seahawks,fanduel,player_reception_yds,Elijah Arroyo,Under,4.5,-113,2026-09-26T21:16:22Z,2026-09-26 17:16:50.09887
2a529c108305ffa049d8b6cfdbaa4d36,2026-09-27T17:00:00Z,Washington Commanders,Seattle Seahawks,betrivers,player_reception_yds,AJ Barner,Over,21.5,-118,2026-09-26T21:16:06Z,2026-09-26 17:16:50.09887
2a529c108305ffa049d8b6cfdbaa4d36,2026-09-27T17:00:00Z,Washington Commanders,Seattle Seahawks,betrivers,player_reception_yds,AJ Barner,Under,21.5,-113,2026-09-26T21:16:06Z,2026-09-26 17:16:50.09887
2a529c108305ffa049d8b6cfdbaa4d36,2026-09-27T17:00:00Z,Washington Commanders,Seattle Seahawks,betrivers,player_reception_yds,Terry McLaurin,Over,41.5,-114,2026-09-26T21:16:06Z,2026-09-26 17:16:50.09887
2a529c108305ffa049d8b6cfdbaa4d36,2026-09-27T17:00:00Z,Washington Commanders,Seattle Seahawks,betrivers,player_reception_yds,Terry McLaurin,Under,41.5,-115,2026-09-26T21:16:06Z,2026-09-26 17:16:50.09887
2a529c108305ffa049d8b6cfdbaa4d36,2026-09-27T17:00:00Z,Washington Commanders,Seattle Seahawks,betrivers,player_reception_yds,Cooper Kupp,Over,21.5,-117,2026-09-26T21:16:06Z,2026-09-26 17:16:50.09887
2a529c108305ffa049d8b6cfdbaa4d36,2026-09-27T17:00:00Z,Washington Commanders,Seattle Seahawks,betrivers,player_reception_yds,Cooper Kupp,Under,21.5,-114,2026-09-26T21:16:06Z,2026-09-26 17:16:50.09887
2a529c108305ffa049d8b6cfdbaa4d36,2026-09-27T17:00:00Z,Washington Commanders,Seattle Seahawks,betrivers,player_reception_yds,Jaxon Smith-Njigba,Over,90.5,-114,2026-09-26T21:16:06Z,2026-09-26 17:16:50.09887
2a529c108305ffa049d8b6cfdbaa4d36,2026-09-27T17:00:00Z,Washington Commanders,Seattle Seahawks,betrivers,player_reception_yds,Jaxon Smith-Njigba,Under,90.5,-117,2026-09-26T21:16:06Z,2026-09-26 17:16:50.09887
2a529c108305ffa049d8b6cfdbaa4d36,2026-09-27T17:00:00Z,Washington Commanders,Seattle Seahawks,betrivers,player_reception_yds,Rashid Shaheed,Over,28.5,-115,2026-09-26T21:16:06Z,2026-09-26 17:16:50.09887
2a529c108305ffa049d8b6cfdbaa4d36,2026-09-27T17:00:00Z,Washington Commanders,Seattle Seahawks,betrivers,player_reception_yds,Rashid Shaheed,Under,28.5,-115,2026-09-26T21:16:06Z,2026-09-26 17:16:50.09887
2a529c108305ffa049d8b6cfdbaa4d36,2026-09-27T17:00:00Z,Washington Commanders,Seattle Seahawks,betrivers,player_reception_yds,Rachaad White,Over,15.5,-117,2026-09-26T21:16:06Z,2026-09-26 17:16:50.09887
2a529c108305ffa049d8b6cfdbaa4d36,2026-09-27T17:00:00Z,Washington Commanders,Seattle Seahawks,betrivers,player_reception_yds,Rachaad White,Under,15.5,-114,2026-09-26T21:16:06Z,2026-09-26 17:16:50.09887
2a529c108305ffa049d8b6cfdbaa4d36,2026-09-27T17:00:00Z,Washington Commanders,Seattle Seahawks,betrivers,player_reception_yds,Antonio Williams,Over,14.5,-117,2026-09-26T21:16:06Z,2026-09-26 17:16:50.09887
2a529c108305ffa049d8b6cfdbaa4d36,2026-09-27T17:00:00Z,Washington Commanders,Seattle Seahawks,betrivers,player_reception_yds,Antonio Williams,Under,14.5,-114,2026-09-26T21:16:06Z,2026-09-26 17:16:50.09887
2a529c108305ffa049d8b6cfdbaa4d36,2026-09-27T17:00:00Z,Washington Commanders,Seattle Seahawks,betrivers,player_reception_yds,Elijah Arroyo,Over,4.5,-117,2026-09-26T21:16:06Z,2026-09-26 17:16:50.09887
2a529c108305ffa049d8b6cfdbaa4d36,2026-09-27T17:00:00Z,Washington Commanders,Seattle Seahawks,betrivers,player_reception_yds,Elijah Arroyo,Under,4.5,-114,2026-09-26T21:16:06Z,2026-09-26 17:16:50.09887
2a529c108305ffa049d8b6cfdbaa4d36,2026-09-27T17:00:00Z,Washington Commanders,Seattle Seahawks,betrivers,player_reception_yds,Stefon Diggs,Over,34.5,-114,2026-09-26T21:16:06Z,2026-09-26 17:16:50.09887
2a529c108305ffa049d8b6cfdbaa4d36,2026-09-27T17:00:00Z,Washington Commanders,Seattle Seahawks,betrivers,player_reception_yds,Stefon Diggs,Under,34.5,-117,2026-09-26T21:16:06Z,2026-09-26 17:16:50.09887
2a529c108305ffa049d8b6cfdbaa4d36,2026-09-27T17:00:00Z,Washington Commanders,Seattle Seahawks,betonlineag,player_reception_yds,Jaxon Smith-Njigba,Over,90.5,-114,2026-09-26T21:16:24Z,2026-09-26 17:16:50.09887
2a529c108305ffa049d8b6cfdbaa4d36,2026-09-27T17:00:00Z,Washington Commanders,Seattle Seahawks,betonlineag,player_reception_yds,Jaxon Smith-Njigba,Under,90.5,-114,2026-09-26T21:16:24Z,2026-09-26 17:16:50.09887
2a529c108305ffa049d8b6cfdbaa4d36,2026-09-27T17:00:00Z,Washington Commanders,Seattle Seahawks,betonlineag,player_reception_yds,Cooper Kupp,Over,21.5,-114,2026-09-26T21:16:24Z,2026-09-26 17:16:50.09887
2a529c108305ffa049d8b6cfdbaa4d36,2026-09-27T17:00:00Z,Washington Commanders,Seattle Seahawks,betonlineag,player_reception_yds,Cooper Kupp,Under,21.5,-114,2026-09-26T21:16:24Z,2026-09-26 17:16:50.09887
2a529c108305ffa049d8b6cfdbaa4d36,2026-09-27T17:00:00Z,Washington Commanders,Seattle Seahawks,betonlineag,player_reception_yds,AJ Barner,Over,21.5,-116,2026-09-26T21:16:24Z,2026-09-26 17:16:50.09887
2a529c108305ffa049d8b6cfdbaa4d36,2026-09-27T17:00:00Z,Washington Commanders,Seattle Seahawks,betonlineag,player_reception_yds,AJ Barner,Under,21.5,-111,2026-09-26T21:16:24Z,2026-09-26 17:16:50.09887
2a529c108305ffa049d8b6cfdbaa4d36,2026-09-27T17:00:00Z,Washington Commanders,Seattle Seahawks,betonlineag,player_reception_yds,Terry McLaurin,Over,42.5,-114,2026-09-26T21:16:24Z,2026-09-26 17:16:50.09887
2a529c108305ffa049d8b6cfdbaa4d36,2026-09-27T17:00:00Z,Washington Commanders,Seattle Seahawks,betonlineag,player_reception_yds,Terry McLaurin,Under,42.5,-114,2026-09-26T21:16:24Z,2026-09-26 17:16:50.09887
2a529c108305ffa049d8b6cfdbaa4d36,2026-09-27T17:00:00Z,Washington Commanders,Seattle Seahawks,betonlineag,player_reception_yds,Rashid Shaheed,Over,28.5,-114,2026-09-26T21:16:24Z,2026-09-26 17:16:50.09887
2a529c108305ffa049d8b6cfdbaa4d36,2026-09-27T17:00:00Z,Washington Commanders,Seattle Seahawks,betonlineag,player_reception_yds,Rashid Shaheed,Under,28.5,-114,2026-09-26T21:16:24Z,2026-09-26 17:16:50.09887
2a529c108305ffa049d8b6cfdbaa4d36,2026-09-27T17:00:00Z,Washington Commanders,Seattle Seahawks,betonlineag,player_reception_yds,Stefon Diggs,Over,33.5,-115,2026-09-26T21:16:24Z,2026-09-26 17:16:50.09887
2a529c108305ffa049d8b6cfdbaa4d36,2026-09-27T17:00:00Z,Washington Commanders,Seattle Seahawks,betonlineag,player_reception_yds,Stefon Diggs,Under,33.5,-112,2026-09-26T21:16:24Z,2026-09-26 17:16:50.09887
2a529c108305ffa049d8b6cfdbaa4d36,2026-09-27T17:00:00Z,Washington Commanders,Seattle Seahawks,betonlineag,player_reception_yds,Antonio Williams,Over,14.5,-116,2026-09-26T21:16:24Z,2026-09-26 17:16:50.09887
2a529c108305ffa049d8b6cfdbaa4d36,2026-09-27T17:00:00Z,Washington Commanders,Seattle Seahawks,betonlineag,player_reception_yds,Antonio Williams,Under,14.5,-111,2026-09-26T21:16:24Z,2026-09-26 17:16:50.09887
2a529c108305ffa049d8b6cfdbaa4d36,2026-09-27T17:00:00Z,Washington Commanders,Seattle Seahawks,betonlineag,player_reception_yds,Rachaad White,Over,16.5,-114,2026-09-26T21:16:24Z,2026-09-26 17:16:50.09887
2a529c108305ffa049d8b6cfdbaa4d36,2026-09-27T17:00:00Z,Washington Commanders,Seattle Seahawks,betonlineag,player_reception_yds,Rachaad White,Under,16.5,-114,2026-09-26T21:16:24Z,2026-09-26 17:16:50.09887
2a529c108305ffa049d8b6cfdbaa4d36,2026-09-27T17:00:00Z,Washington Commanders,Seattle Seahawks,betonlineag,player_reception_yds,Elijah Arroyo,Over,4.5,-116,2026-09-26T21:16:24Z,2026-09-26 17:16:50.09887
2a529c108305ffa049d8b6cfdbaa4d36,2026-09-27T17:00:00Z,Washington Commanders,Seattle Seahawks,betonlineag,player_reception_yds,Elijah Arroyo,Under,4.5,-111,2026-09-26T21:16:24Z,2026-09-26 17:16:50.09887
2a529c108305ffa049d8b6cfdbaa4d36,2026-09-27T17:00:00Z,Washington Commanders,Seattle Seahawks,betmgm,player_reception_yds,Cooper Kupp,Over,20.5,-110,2026-09-26T21:16:04Z,2026-09-26 17:16:50.09887
2a529c108305ffa049d8b6cfdbaa4d36,2026-09-27T17:00:00Z,Washington Commanders,Seattle Seahawks,betmgm,player_reception_yds,Cooper Kupp,Under,20.5,-120,2026-09-26T21:16:04Z,2026-09-26 17:16:50.09887
2a529c108305ffa049d8b6cfdbaa4d36,2026-09-27T17:00:00Z,Washington Commanders,Seattle Seahawks,betmgm,player_reception_yds,Stefon Diggs,Over,34.5,-115,2026-09-26T21:16:04Z,2026-09-26 17:16:50.09887
2a529c108305ffa049d8b6cfdbaa4d36,2026-09-27T17:00:00Z,Washington Commanders,Seattle Seahawks,betmgm,player_reception_yds,Stefon Diggs,Under,34.5,-115,2026-09-26T21:16:04Z,2026-09-26 17:16:50.09887
2a529c108305ffa049d8b6cfdbaa4d36,2026-09-27T17:00:00Z,Washington Commanders,Seattle Seahawks,betmgm,player_reception_yds,AJ Barner,Over,22.5,-115,2026-09-26T21:16:04Z,2026-09-26 17:16:50.09887
2a529c108305ffa049d8b6cfdbaa4d36,2026-09-27T17:00:00Z,Washington Commanders,Seattle Seahawks,betmgm,player_reception_yds,AJ Barner,Under,22.5,-115,2026-09-26T21:16:04Z,2026-09-26 17:16:50.09887
2a529c108305ffa049d8b6cfdbaa4d36,2026-09-27T17:00:00Z,Washington Commanders,Seattle Seahawks,betmgm,player_reception_yds,Rashid Shaheed,Over,28.5,-111,2026-09-26T21:16:04Z,2026-09-26 17:16:50.09887
2a529c108305ffa049d8b6cfdbaa4d36,2026-09-27T17:00:00Z,Washington Commanders,Seattle Seahawks,betmgm,player_reception_yds,Rashid Shaheed,Under,28.5,-118,2026-09-26T21:16:04Z,2026-09-26 17:16:50.09887
2a529c108305ffa049d8b6cfdbaa4d36,2026-09-27T17:00:00Z,Washington Commanders,Seattle Seahawks,betmgm,player_reception_yds,Jaxon Smith-Njigba,Over,88.5,-115,2026-09-26T21:16:04Z,2026-09-26 17:16:50.09887
2a529c108305ffa049d8b6cfdbaa4d36,2026-09-27T17:00:00Z,Washington Commanders,Seattle Seahawks,betmgm,player_reception_yds,Jaxon Smith-Njigba,Under,88.5,-115,2026-09-26T21:16:04Z,2026-09-26 17:16:50.09887
2a529c108305ffa049d8b6cfdbaa4d36,2026-09-27T17:00:00Z,Washington Commanders,Seattle Seahawks,betmgm,player_reception_yds,Rachaad White,Over,13.5,-120,2026-09-26T21:16:04Z,2026-09-26 17:16:50.09887
2a529c108305ffa049d8b6cfdbaa4d36,2026-09-27T17:00:00Z,Washington Commanders,Seattle Seahawks,betmgm,player_reception_yds,Rachaad White,Under,13.5,-111,2026-09-26T21:16:04Z,2026-09-26 17:16:50.09887
2a529c108305ffa049d8b6cfdbaa4d36,2026-09-27T17:00:00Z,Washington Commanders,Seattle Seahawks,betmgm,player_reception_yds,Antonio Williams,Over,15.5,-111,2026-09-26T21:16:04Z,2026-09-26 17:16:50.09887
2a529c108305ffa049d8b6cfdbaa4d36,2026-09-27T17:00:00Z,Washington Commanders,Seattle Seahawks,betmgm,player_reception_yds,Antonio Williams,Under,15.5,-120,2026-09-26T21:16:04Z,2026-09-26 17:16:50.09887
2a529c108305ffa049d8b6cfdbaa4d36,2026-09-27T17:00:00Z,Washington Commanders,Seattle Seahawks,betmgm,player_reception_yds,Tory Horton,Over,0.5,-115,2026-09-26T21:16:04Z,2026-09-26 17:16:50.09887
2a529c108305ffa049d8b6cfdbaa4d36,2026-09-27T17:00:00Z,Washington Commanders,Seattle Seahawks,betmgm,player_reception_yds,Tory Horton,Under,0.5,-115,2026-09-26T21:16:04Z,2026-09-26 17:16:50.09887
2a529c108305ffa049d8b6cfdbaa4d36,2026-09-27T17:00:00Z,Washington Commanders,Seattle Seahawks,betmgm,player_reception_yds,Terry McLaurin,Over,42.5,-115,2026-09-26T21:16:04Z,2026-09-26 17:16:50.09887
2a529c108305ffa049d8b6cfdbaa4d36,2026-09-27T17:00:00Z,Washington Commanders,Seattle Seahawks,betmgm,player_reception_yds,Terry McLaurin,Under,42.5,-115,2026-09-26T21:16:04Z,2026-09-26 17:16:50.09887
2a529c108305ffa049d8b6cfdbaa4d36,2026-09-27T17:00:00Z,Washington Commanders,Seattle Seahawks,bovada,player_reception_yds,AJ Barner,Over,20.5,-115,2026-09-26T21:16:35Z,2026-09-26 17:16:50.09887
2a529c108305ffa049d8b6cfdbaa4d36,2026-09-27T17:00:00Z,Washington Commanders,Seattle Seahawks,bovada,player_reception_yds,AJ Barner,Under,20.5,-115,2026-09-26T21:16:35Z,2026-09-26 17:16:50.09887
2a529c108305ffa049d8b6cfdbaa4d36,2026-09-27T17:00:00Z,Washington Commanders,Seattle Seahawks,bovada,player_reception_yds,Antonio Williams,Over,14.5,-115,2026-09-26T21:16:35Z,2026-09-26 17:16:50.09887
2a529c108305ffa049d8b6cfdbaa4d36,2026-09-27T17:00:00Z,Washington Commanders,Seattle Seahawks,bovada,player_reception_yds,Antonio Williams,Under,14.5,-115,2026-09-26T21:16:35Z,2026-09-26 17:16:50.09887
2a529c108305ffa049d8b6cfdbaa4d36,2026-09-27T17:00:00Z,Washington Commanders,Seattle Seahawks,bovada,player_reception_yds,Cooper Kupp,Over,21.5,-110,2026-09-26T21:16:35Z,2026-09-26 17:16:50.09887
2a529c108305ffa049d8b6cfdbaa4d36,2026-09-27T17:00:00Z,Washington Commanders,Seattle Seahawks,bovada,player_reception_yds,Cooper Kupp,Under,21.5,-120,2026-09-26T21:16:35Z,2026-09-26 17:16:50.09887
2a529c108305ffa049d8b6cfdbaa4d36,2026-09-27T17:00:00Z,Washington Commanders,Seattle Seahawks,bovada,player_reception_yds,Elijah Arroyo,Over,3.5,-120,2026-09-26T21:16:35Z,2026-09-26 17:16:50.09887
2a529c108305ffa049d8b6cfdbaa4d36,2026-09-27T17:00:00Z,Washington Commanders,Seattle Seahawks,bovada,player_reception_yds,Elijah Arroyo,Under,3.5,-110,2026-09-26T21:16:35Z,2026-09-26 17:16:50.09887
2a529c108305ffa049d8b6cfdbaa4d36,2026-09-27T17:00:00Z,Washington Commanders,Seattle Seahawks,bovada,player_reception_yds,Jaxon Smith-Njigba,Over,91.5,-115,2026-09-26T21:16:35Z,2026-09-26 17:16:50.09887
2a529c108305ffa049d8b6cfdbaa4d36,2026-09-27T17:00:00Z,Washington Commanders,Seattle Seahawks,bovada,player_reception_yds,Jaxon Smith-Njigba,Under,91.5,-115,2026-09-26T21:16:35Z,2026-09-26 17:16:50.09887
2a529c108305ffa049d8b6cfdbaa4d36,2026-09-27T17:00:00Z,Washington Commanders,Seattle Seahawks,bovada,player_reception_yds,Rachaad White,Over,16.5,-115,2026-09-26T21:16:35Z,2026-09-26 17:16:50.09887
2a529c108305ffa049d8b6cfdbaa4d36,2026-09-27T17:00:00Z,Washington Commanders,Seattle Seahawks,bovada,player_reception_yds,Rachaad White,Under,16.5,-115,2026-09-26T21:16:35Z,2026-09-26 17:16:50.09887
2a529c108305ffa049d8b6cfdbaa4d36,2026-09-27T17:00:00Z,Washington Commanders,Seattle Seahawks,bovada,player_reception_yds,Rashid Shaheed,Over,27.5,-115,2026-09-26T21:16:35Z,2026-09-26 17:16:50.09887
2a529c108305ffa049d8b6cfdbaa4d36,2026-09-27T17:00:00Z,Washington Commanders,Seattle Seahawks,bovada,player_reception_yds,Rashid Shaheed,Under,27.5,-115,2026-09-26T21:16:35Z,2026-09-26 17:16:50.09887
2a529c108305ffa049d8b6cfdbaa4d36,2026-09-27T17:00:00Z,Washington Commanders,Seattle Seahawks,bovada,player_reception_yds,Stefon Diggs,Over,35.5,-115,2026-09-26T21:16:35Z,2026-09-26 17:16:50.09887
2a529c108305ffa049d8b6cfdbaa4d36,2026-09-27T17:00:00Z,Washington Commanders,Seattle Seahawks,bovada,player_reception_yds,Stefon Diggs,Under,35.5,-115,2026-09-26T21:16:35Z,2026-09-26 17:16:50.09887
2a529c108305ffa049d8b6cfdbaa4d36,2026-09-27T17:00:00Z,Washington Commanders,Seattle Seahawks,bovada,player_reception_yds,Terry McLaurin,Over,40.5,-120,2026-09-26T21:16:35Z,2026-09-26 17:16:50.09887
2a529c108305ffa049d8b6cfdbaa4d36,2026-09-27T17:00:00Z,Washington Commanders,Seattle Seahawks,bovada,player_reception_yds,Terry McLaurin,Under,40.5,-110,2026-09-26T21:16:35Z,2026-09-26 17:16:50.09887
9d2b09e0f9b6dd5ce0d985894f4f98fa,2026-09-27T20:05:00Z,San Francisco 49ers,Arizona Cardinals,draftkings,player_reception_yds,Trey McBride,Over,67.5,-113,2026-09-26T21:16:07Z,2026-09-26 17:16:50.698946
9d2b09e0f9b6dd5ce0d985894f4f98fa,2026-09-27T20:05:00Z,San Francisco 49ers,Arizona Cardinals,draftkings,player_reception_yds,Trey McBride,Under,67.5,-111,2026-09-26T21:16:07Z,2026-09-26 17:16:50.698946
9d2b09e0f9b6dd5ce0d985894f4f98fa,2026-09-27T20:05:00Z,San Francisco 49ers,Arizona Cardinals,draftkings,player_reception_yds,Mike Evans,Over,52.5,-114,2026-09-26T21:16:07Z,2026-09-26 17:16:50.698946
9d2b09e0f9b6dd5ce0d985894f4f98fa,2026-09-27T20:05:00Z,San Francisco 49ers,Arizona Cardinals,draftkings,player_reception_yds,Mike Evans,Under,52.5,-110,2026-09-26T21:16:07Z,2026-09-26 17:16:50.698946
9d2b09e0f9b6dd5ce0d985894f4f98fa,2026-09-27T20:05:00Z,San Francisco 49ers,Arizona Cardinals,draftkings,player_reception_yds,George Kittle,Over,47.5,-110,2026-09-26T21:16:07Z,2026-09-26 17:16:50.698946
9d2b09e0f9b6dd5ce0d985894f4f98fa,2026-09-27T20:05:00Z,San Francisco 49ers,Arizona Cardinals,draftkings,player_reception_yds,George Kittle,Under,47.5,-114,2026-09-26T21:16:07Z,2026-09-26 17:16:50.698946
9d2b09e0f9b6dd5ce0d985894f4f98fa,2026-09-27T20:05:00Z,San Francisco 49ers,Arizona Cardinals,draftkings,player_reception_yds,Michael Wilson,Over,45.5,-111,2026-09-26T21:16:07Z,2026-09-26 17:16:50.698946
9d2b09e0f9b6dd5ce0d985894f4f98fa,2026-09-27T20:05:00Z,San Francisco 49ers,Arizona Cardinals,draftkings,player_reception_yds,Michael Wilson,Under,45.5,-113,2026-09-26T21:16:07Z,2026-09-26 17:16:50.698946
9d2b09e0f9b6dd5ce0d985894f4f98fa,2026-09-27T20:05:00Z,San Francisco 49ers,Arizona Cardinals,draftkings,player_reception_yds,Deebo Samuel,Over,40.5,-113,2026-09-26T21:16:07Z,2026-09-26 17:16:50.698946
9d2b09e0f9b6dd5ce0d985894f4f98fa,2026-09-27T20:05:00Z,San Francisco 49ers,Arizona Cardinals,draftkings,player_reception_yds,Deebo Samuel,Under,40.5,-111,2026-09-26T21:16:07Z,2026-09-26 17:16:50.698946
9d2b09e0f9b6dd5ce0d985894f4f98fa,2026-09-27T20:05:00Z,San Francisco 49ers,Arizona Cardinals,draftkings,player_reception_yds,Christian McCaffrey,Over,38.5,-114,2026-09-26T21:16:07Z,2026-09-26 17:16:50.698946
9d2b09e0f9b6dd5ce0d985894f4f98fa,2026-09-27T20:05:00Z,San Francisco 49ers,Arizona Cardinals,draftkings,player_reception_yds,Christian McCaffrey,Under,38.5,-110,2026-09-26T21:16:07Z,2026-09-26 17:16:50.698946
9d2b09e0f9b6dd5ce0d985894f4f98fa,2026-09-27T20:05:00Z,San Francisco 49ers,Arizona Cardinals,draftkings,player_reception_yds,Marvin Harrison Jr.,Over,33.5,-110,2026-09-26T21:16:07Z,2026-09-26 17:16:50.698946
9d2b09e0f9b6dd5ce0d985894f4f98fa,2026-09-27T20:05:00Z,San Francisco 49ers,Arizona Cardinals,draftkings,player_reception_yds,Marvin Harrison Jr.,Under,33.5,-114,2026-09-26T21:16:07Z,2026-09-26 17:16:50.698946
9d2b09e0f9b6dd5ce0d985894f4f98fa,2026-09-27T20:05:00Z,San Francisco 49ers,Arizona Cardinals,draftkings,player_reception_yds,Kendrick Bourne,Over,23.5,-115,2026-09-26T21:16:07Z,2026-09-26 17:16:50.698946
9d2b09e0f9b6dd5ce0d985894f4f98fa,2026-09-27T20:05:00Z,San Francisco 49ers,Arizona Cardinals,draftkings,player_reception_yds,Kendrick Bourne,Under,23.5,-109,2026-09-26T21:16:07Z,2026-09-26 17:16:50.698946
9d2b09e0f9b6dd5ce0d985894f4f98fa,2026-09-27T20:05:00Z,San Francisco 49ers,Arizona Cardinals,draftkings,player_reception_yds,Jeremiyah Love,Over,14.5,-115,2026-09-26T21:16:07Z,2026-09-26 17:16:50.698946
9d2b09e0f9b6dd5ce0d985894f4f98fa,2026-09-27T20:05:00Z,San Francisco 49ers,Arizona Cardinals,draftkings,player_reception_yds,Jeremiyah Love,Under,14.5,-109,2026-09-26T21:16:07Z,2026-09-26 17:16:50.698946
9d2b09e0f9b6dd5ce0d985894f4f98fa,2026-09-27T20:05:00Z,San Francisco 49ers,Arizona Cardinals,draftkings,player_reception_yds,Tyler Allgeier,Over,7.5,-109,2026-09-26T21:16:07Z,2026-09-26 17:16:50.698946
9d2b09e0f9b6dd5ce0d985894f4f98fa,2026-09-27T20:05:00Z,San Francisco 49ers,Arizona Cardinals,draftkings,player_reception_yds,Tyler Allgeier,Under,7.5,-115,2026-09-26T21:16:07Z,2026-09-26 17:16:50.698946
9d2b09e0f9b6dd5ce0d985894f4f98fa,2026-09-27T20:05:00Z,San Francisco 49ers,Arizona Cardinals,fanduel,player_reception_yds,Michael Wilson,Over,44.5,-113,2026-09-26T21:16:34Z,2026-09-26 17:16:50.698946
9d2b09e0f9b6dd5ce0d985894f4f98fa,2026-09-27T20:05:00Z,San Francisco 49ers,Arizona Cardinals,fanduel,player_reception_yds,Michael Wilson,Under,44.5,-113,2026-09-26T21:16:34Z,2026-09-26 17:16:50.698946
9d2b09e0f9b6dd5ce0d985894f4f98fa,2026-09-27T20:05:00Z,San Francisco 49ers,Arizona Cardinals,fanduel,player_reception_yds,Kendrick Bourne,Over,23.5,-113,2026-09-26T21:16:34Z,2026-09-26 17:16:50.698946
9d2b09e0f9b6dd5ce0d985894f4f98fa,2026-09-27T20:05:00Z,San Francisco 49ers,Arizona Cardinals,fanduel,player_reception_yds,Kendrick Bourne,Under,23.5,-113,2026-09-26T21:16:34Z,2026-09-26 17:16:50.698946
9d2b09e0f9b6dd5ce0d985894f4f98fa,2026-09-27T20:05:00Z,San Francisco 49ers,Arizona Cardinals,fanduel,player_reception_yds,Trey McBride,Over,67.5,-113,2026-09-26T21:16:34Z,2026-09-26 17:16:50.698946
9d2b09e0f9b6dd5ce0d985894f4f98fa,2026-09-27T20:05:00Z,San Francisco 49ers,Arizona Cardinals,fanduel,player_reception_yds,Trey McBride,Under,67.5,-113,2026-09-26T21:16:34Z,2026-09-26 17:16:50.698946
9d2b09e0f9b6dd5ce0d985894f4f98fa,2026-09-27T20:05:00Z,San Francisco 49ers,Arizona Cardinals,fanduel,player_reception_yds,Jeremiyah Love,Over,14.5,-113,2026-09-26T21:16:34Z,2026-09-26 17:16:50.698946
9d2b09e0f9b6dd5ce0d985894f4f98fa,2026-09-27T20:05:00Z,San Francisco 49ers,Arizona Cardinals,fanduel,player_reception_yds,Jeremiyah Love,Under,14.5,-113,2026-09-26T21:16:34Z,2026-09-26 17:16:50.698946
9d2b09e0f9b6dd5ce0d985894f4f98fa,2026-09-27T20:05:00Z,San Francisco 49ers,Arizona Cardinals,fanduel,player_reception_yds,Deebo Samuel,Over,40.5,-113,2026-09-26T21:16:34Z,2026-09-26 17:16:50.698946
9d2b09e0f9b6dd5ce0d985894f4f98fa,2026-09-27T20:05:00Z,San Francisco 49ers,Arizona Cardinals,fanduel,player_reception_yds,Deebo Samuel,Under,40.5,-113,2026-09-26T21:16:34Z,2026-09-26 17:16:50.698946
9d2b09e0f9b6dd5ce0d985894f4f98fa,2026-09-27T20:05:00Z,San Francisco 49ers,Arizona Cardinals,fanduel,player_reception_yds,Christian McCaffrey,Over,38.5,-113,2026-09-26T21:16:34Z,2026-09-26 17:16:50.698946
9d2b09e0f9b6dd5ce0d985894f4f98fa,2026-09-27T20:05:00Z,San Francisco 49ers,Arizona Cardinals,fanduel,player_reception_yds,Christian McCaffrey,Under,38.5,-113,2026-09-26T21:16:34Z,2026-09-26 17:16:50.698946
9d2b09e0f9b6dd5ce0d985894f4f98fa,2026-09-27T20:05:00Z,San Francisco 49ers,Arizona Cardinals,fanduel,player_reception_yds,Tyler Allgeier,Over,7.5,-113,2026-09-26T21:16:34Z,2026-09-26 17:16:50.698946
9d2b09e0f9b6dd5ce0d985894f4f98fa,2026-09-27T20:05:00Z,San Francisco 49ers,Arizona Cardinals,fanduel,player_reception_yds,Tyler Allgeier,Under,7.5,-113,2026-09-26T21:16:34Z,2026-09-26 17:16:50.698946
9d2b09e0f9b6dd5ce0d985894f4f98fa,2026-09-27T20:05:00Z,San Francisco 49ers,Arizona Cardinals,fanduel,player_reception_yds,Marvin Harrison Jr.,Over,33.5,-113,2026-09-26T21:16:34Z,2026-09-26 17:16:50.698946
9d2b09e0f9b6dd5ce0d985894f4f98fa,2026-09-27T20:05:00Z,San Francisco 49ers,Arizona Cardinals,fanduel,player_reception_yds,Marvin Harrison Jr.,Under,33.5,-113,2026-09-26T21:16:34Z,2026-09-26 17:16:50.698946
9d2b09e0f9b6dd5ce0d985894f4f98fa,2026-09-27T20:05:00Z,San Francisco 49ers,Arizona Cardinals,fanduel,player_reception_yds,Mike Evans,Over,55.5,-113,2026-09-26T21:16:34Z,2026-09-26 17:16:50.698946
9d2b09e0f9b6dd5ce0d985894f4f98fa,2026-09-27T20:05:00Z,San Francisco 49ers,Arizona Cardinals,fanduel,player_reception_yds,Mike Evans,Under,55.5,-113,2026-09-26T21:16:34Z,2026-09-26 17:16:50.698946
9d2b09e0f9b6dd5ce0d985894f4f98fa,2026-09-27T20:05:00Z,San Francisco 49ers,Arizona Cardinals,fanduel,player_reception_yds,George Kittle,Over,44.5,-113,2026-09-26T21:16:34Z,2026-09-26 17:16:50.698946
9d2b09e0f9b6dd5ce0d985894f4f98fa,2026-09-27T20:05:00Z,San Francisco 49ers,Arizona Cardinals,fanduel,player_reception_yds,George Kittle,Under,44.5,-113,2026-09-26T21:16:34Z,2026-09-26 17:16:50.698946
9d2b09e0f9b6dd5ce0d985894f4f98fa,2026-09-27T20:05:00Z,San Francisco 49ers,Arizona Cardinals,betrivers,player_reception_yds,Kendrick Bourne,Over,20.5,-118,2026-09-26T21:16:05Z,2026-09-26 17:16:50.698946
9d2b09e0f9b6dd5ce0d985894f4f98fa,2026-09-27T20:05:00Z,San Francisco 49ers,Arizona Cardinals,betrivers,player_reception_yds,Kendrick Bourne,Under,20.5,-113,2026-09-26T21:16:05Z,2026-09-26 17:16:50.698946
9d2b09e0f9b6dd5ce0d985894f4f98fa,2026-09-27T20:05:00Z,San Francisco 49ers,Arizona Cardinals,betrivers,player_reception_yds,Michael Wilson,Over,44.5,-117,2026-09-26T21:16:05Z,2026-09-26 17:16:50.698946
9d2b09e0f9b6dd5ce0d985894f4f98fa,2026-09-27T20:05:00Z,San Francisco 49ers,Arizona Cardinals,betrivers,player_reception_yds,Michael Wilson,Under,44.5,-114,2026-09-26T21:16:05Z,2026-09-26 17:16:50.698946
9d2b09e0f9b6dd5ce0d985894f4f98fa,2026-09-27T20:05:00Z,San Francisco 49ers,Arizona Cardinals,betrivers,player_reception_yds,Trey McBride,Over,66.5,-118,2026-09-26T21:16:05Z,2026-09-26 17:16:50.698946
9d2b09e0f9b6dd5ce0d985894f4f98fa,2026-09-27T20:05:00Z,San Francisco 49ers,Arizona Cardinals,betrivers,player_reception_yds,Trey McBride,Under,66.5,-113,2026-09-26T21:16:05Z,2026-09-26 17:16:50.698946
9d2b09e0f9b6dd5ce0d985894f4f98fa,2026-09-27T20:05:00Z,San Francisco 49ers,Arizona Cardinals,betrivers,player_reception_yds,Jeremiyah Love,Over,14.5,-121,2026-09-26T21:16:05Z,2026-09-26 17:16:50.698946
9d2b09e0f9b6dd5ce0d985894f4f98fa,2026-09-27T20:05:00Z,San Francisco 49ers,Arizona Cardinals,betrivers,player_reception_yds,Jeremiyah Love,Under,14.5,-110,2026-09-26T21:16:05Z,2026-09-26 17:16:50.698946
9d2b09e0f9b6dd5ce0d985894f4f98fa,2026-09-27T20:05:00Z,San Francisco 49ers,Arizona Cardinals,betrivers,player_reception_yds,Christian McCaffrey,Over,39.5,-114,2026-09-26T21:16:05Z,2026-09-26 17:16:50.698946
9d2b09e0f9b6dd5ce0d985894f4f98fa,2026-09-27T20:05:00Z,San Francisco 49ers,Arizona Cardinals,betrivers,player_reception_yds,Christian McCaffrey,Under,39.5,-117,2026-09-26T21:16:05Z,2026-09-26 17:16:50.698946
9d2b09e0f9b6dd5ce0d985894f4f98fa,2026-09-27T20:05:00Z,San Francisco 49ers,Arizona Cardinals,betrivers,player_reception_yds,Marvin Harrison Jr.,Over,32.5,-117,2026-09-26T21:16:05Z,2026-09-26 17:16:50.698946
9d2b09e0f9b6dd5ce0d985894f4f98fa,2026-09-27T20:05:00Z,San Francisco 49ers,Arizona Cardinals,betrivers,player_reception_yds,Marvin Harrison Jr.,Under,32.5,-114,2026-09-26T21:16:05Z,2026-09-26 17:16:50.698946
9d2b09e0f9b6dd5ce0d985894f4f98fa,2026-09-27T20:05:00Z,San Francisco 49ers,Arizona Cardinals,betrivers,player_reception_yds,Mike Evans,Over,55.5,-117,2026-09-26T21:16:05Z,2026-09-26 17:16:50.698946
9d2b09e0f9b6dd5ce0d985894f4f98fa,2026-09-27T20:05:00Z,San Francisco 49ers,Arizona Cardinals,betrivers,player_reception_yds,Mike Evans,Under,55.5,-114,2026-09-26T21:16:05Z,2026-09-26 17:16:50.698946
9d2b09e0f9b6dd5ce0d985894f4f98fa,2026-09-27T20:05:00Z,San Francisco 49ers,Arizona Cardinals,betrivers,player_reception_yds,George Kittle,Over,47.5,-113,2026-09-26T21:16:05Z,2026-09-26 17:16:50.698946
9d2b09e0f9b6dd5ce0d985894f4f98fa,2026-09-27T20:05:00Z,San Francisco 49ers,Arizona Cardinals,betrivers,player_reception_yds,George Kittle,Under,47.5,-118,2026-09-26T21:16:05Z,2026-09-26 17:16:50.698946
9d2b09e0f9b6dd5ce0d985894f4f98fa,2026-09-27T20:05:00Z,San Francisco 49ers,Arizona Cardinals,betrivers,player_reception_yds,Deebo Samuel,Over,39.5,-115,2026-09-26T21:16:05Z,2026-09-26 17:16:50.698946
9d2b09e0f9b6dd5ce0d985894f4f98fa,2026-09-27T20:05:00Z,San Francisco 49ers,Arizona Cardinals,betrivers,player_reception_yds,Deebo Samuel,Under,39.5,-115,2026-09-26T21:16:05Z,2026-09-26 17:16:50.698946
9d2b09e0f9b6dd5ce0d985894f4f98fa,2026-09-27T20:05:00Z,San Francisco 49ers,Arizona Cardinals,betrivers,player_reception_yds,Tyler Allgeier,Over,7.5,-113,2026-09-26T21:16:05Z,2026-09-26 17:16:50.698946
9d2b09e0f9b6dd5ce0d985894f4f98fa,2026-09-27T20:05:00Z,San Francisco 49ers,Arizona Cardinals,betrivers,player_reception_yds,Tyler Allgeier,Under,7.5,-118,2026-09-26T21:16:05Z,2026-09-26 17:16:50.698946
9d2b09e0f9b6dd5ce0d985894f4f98fa,2026-09-27T20:05:00Z,San Francisco 49ers,Arizona Cardinals,betonlineag,player_reception_yds,Michael Wilson,Over,44.5,-115,2026-09-26T21:16:17Z,2026-09-26 17:16:50.698946
9d2b09e0f9b6dd5ce0d985894f4f98fa,2026-09-27T20:05:00Z,San Francisco 49ers,Arizona Cardinals,betonlineag,player_reception_yds,Michael Wilson,Under,44.5,-112,2026-09-26T21:16:17Z,2026-09-26 17:16:50.698946
9d2b09e0f9b6dd5ce0d985894f4f98fa,2026-09-27T20:05:00Z,San Francisco 49ers,Arizona Cardinals,betonlineag,player_reception_yds,Trey McBride,Over,67.5,-115,2026-09-26T21:16:17Z,2026-09-26 17:16:50.698946
9d2b09e0f9b6dd5ce0d985894f4f98fa,2026-09-27T20:05:00Z,San Francisco 49ers,Arizona Cardinals,betonlineag,player_reception_yds,Trey McBride,Under,67.5,-112,2026-09-26T21:16:17Z,2026-09-26 17:16:50.698946
9d2b09e0f9b6dd5ce0d985894f4f98fa,2026-09-27T20:05:00Z,San Francisco 49ers,Arizona Cardinals,betonlineag,player_reception_yds,Jeremiyah Love,Over,14.5,-116,2026-09-26T21:16:17Z,2026-09-26 17:16:50.698946
9d2b09e0f9b6dd5ce0d985894f4f98fa,2026-09-27T20:05:00Z,San Francisco 49ers,Arizona Cardinals,betonlineag,player_reception_yds,Jeremiyah Love,Under,14.5,-111,2026-09-26T21:16:17Z,2026-09-26 17:16:50.698946
9d2b09e0f9b6dd5ce0d985894f4f98fa,2026-09-27T20:05:00Z,San Francisco 49ers,Arizona Cardinals,betonlineag,player_reception_yds,Tyler Allgeier,Over,7.5,-112,2026-09-26T21:16:17Z,2026-09-26 17:16:50.698946
9d2b09e0f9b6dd5ce0d985894f4f98fa,2026-09-27T20:05:00Z,San Francisco 49ers,Arizona Cardinals,betonlineag,player_reception_yds,Tyler Allgeier,Under,7.5,-115,2026-09-26T21:16:17Z,2026-09-26 17:16:50.698946
9d2b09e0f9b6dd5ce0d985894f4f98fa,2026-09-27T20:05:00Z,San Francisco 49ers,Arizona Cardinals,betonlineag,player_reception_yds,Mike Evans,Over,55.5,-114,2026-09-26T21:16:17Z,2026-09-26 17:16:50.698946
9d2b09e0f9b6dd5ce0d985894f4f98fa,2026-09-27T20:05:00Z,San Francisco 49ers,Arizona Cardinals,betonlineag,player_reception_yds,Mike Evans,Under,55.5,-114,2026-09-26T21:16:17Z,2026-09-26 17:16:50.698946
9d2b09e0f9b6dd5ce0d985894f4f98fa,2026-09-27T20:05:00Z,San Francisco 49ers,Arizona Cardinals,betonlineag,player_reception_yds,Christian McCaffrey,Over,40.5,-112,2026-09-26T21:16:17Z,2026-09-26 17:16:50.698946
9d2b09e0f9b6dd5ce0d985894f4f98fa,2026-09-27T20:05:00Z,San Francisco 49ers,Arizona Cardinals,betonlineag,player_reception_yds,Christian McCaffrey,Under,40.5,-115,2026-09-26T21:16:17Z,2026-09-26 17:16:50.698946
9d2b09e0f9b6dd5ce0d985894f4f98fa,2026-09-27T20:05:00Z,San Francisco 49ers,Arizona Cardinals,betonlineag,player_reception_yds,Deebo Samuel,Over,41.5,-112,2026-09-26T21:16:17Z,2026-09-26 17:16:50.698946
9d2b09e0f9b6dd5ce0d985894f4f98fa,2026-09-27T20:05:00Z,San Francisco 49ers,Arizona Cardinals,betonlineag,player_reception_yds,Deebo Samuel,Under,41.5,-115,2026-09-26T21:16:17Z,2026-09-26 17:16:50.698946
9d2b09e0f9b6dd5ce0d985894f4f98fa,2026-09-27T20:05:00Z,San Francisco 49ers,Arizona Cardinals,betonlineag,player_reception_yds,Kendrick Bourne,Over,23.5,-116,2026-09-26T21:16:17Z,2026-09-26 17:16:50.698946
9d2b09e0f9b6dd5ce0d985894f4f98fa,2026-09-27T20:05:00Z,San Francisco 49ers,Arizona Cardinals,betonlineag,player_reception_yds,Kendrick Bourne,Under,23.5,-111,2026-09-26T21:16:17Z,2026-09-26 17:16:50.698946
9d2b09e0f9b6dd5ce0d985894f4f98fa,2026-09-27T20:05:00Z,San Francisco 49ers,Arizona Cardinals,betonlineag,player_reception_yds,Marvin Harrison Jr.,Over,34.5,-114,2026-09-26T21:16:17Z,2026-09-26 17:16:50.698946
9d2b09e0f9b6dd5ce0d985894f4f98fa,2026-09-27T20:05:00Z,San Francisco 49ers,Arizona Cardinals,betonlineag,player_reception_yds,Marvin Harrison Jr.,Under,34.5,-114,2026-09-26T21:16:17Z,2026-09-26 17:16:50.698946
9d2b09e0f9b6dd5ce0d985894f4f98fa,2026-09-27T20:05:00Z,San Francisco 49ers,Arizona Cardinals,betonlineag,player_reception_yds,George Kittle,Over,46.5,-118,2026-09-26T21:16:17Z,2026-09-26 17:16:50.698946
9d2b09e0f9b6dd5ce0d985894f4f98fa,2026-09-27T20:05:00Z,San Francisco 49ers,Arizona Cardinals,betonlineag,player_reception_yds,George Kittle,Under,46.5,-110,2026-09-26T21:16:17Z,2026-09-26 17:16:50.698946
9d2b09e0f9b6dd5ce0d985894f4f98fa,2026-09-27T20:05:00Z,San Francisco 49ers,Arizona Cardinals,betmgm,player_reception_yds,Christian McCaffrey,Over,41.5,-115,2026-09-26T21:15:52Z,2026-09-26 17:16:50.698946
9d2b09e0f9b6dd5ce0d985894f4f98fa,2026-09-27T20:05:00Z,San Francisco 49ers,Arizona Cardinals,betmgm,player_reception_yds,Christian McCaffrey,Under,41.5,-115,2026-09-26T21:15:52Z,2026-09-26 17:16:50.698946
9d2b09e0f9b6dd5ce0d985894f4f98fa,2026-09-27T20:05:00Z,San Francisco 49ers,Arizona Cardinals,betmgm,player_reception_yds,Jeremiyah Love,Over,14.5,-120,2026-09-26T21:15:52Z,2026-09-26 17:16:50.698946
9d2b09e0f9b6dd5ce0d985894f4f98fa,2026-09-27T20:05:00Z,San Francisco 49ers,Arizona Cardinals,betmgm,player_reception_yds,Jeremiyah Love,Under,14.5,-110,2026-09-26T21:15:52Z,2026-09-26 17:16:50.698946
9d2b09e0f9b6dd5ce0d985894f4f98fa,2026-09-27T20:05:00Z,San Francisco 49ers,Arizona Cardinals,betmgm,player_reception_yds,Trey McBride,Over,68.5,-115,2026-09-26T21:15:52Z,2026-09-26 17:16:50.698946
9d2b09e0f9b6dd5ce0d985894f4f98fa,2026-09-27T20:05:00Z,San Francisco 49ers,Arizona Cardinals,betmgm,player_reception_yds,Trey McBride,Under,68.5,-115,2026-09-26T21:15:52Z,2026-09-26 17:16:50.698946
9d2b09e0f9b6dd5ce0d985894f4f98fa,2026-09-27T20:05:00Z,San Francisco 49ers,Arizona Cardinals,betmgm,player_reception_yds,Michael Wilson,Over,44.5,-115,2026-09-26T21:15:52Z,2026-09-26 17:16:50.698946
9d2b09e0f9b6dd5ce0d985894f4f98fa,2026-09-27T20:05:00Z,San Francisco 49ers,Arizona Cardinals,betmgm,player_reception_yds,Michael Wilson,Under,44.5,-115,2026-09-26T21:15:52Z,2026-09-26 17:16:50.698946
9d2b09e0f9b6dd5ce0d985894f4f98fa,2026-09-27T20:05:00Z,San Francisco 49ers,Arizona Cardinals,bovada,player_reception_yds,Christian McCaffrey,Over,38.5,-115,2026-09-26T21:15:17Z,2026-09-26 17:16:50.698946
9d2b09e0f9b6dd5ce0d985894f4f98fa,2026-09-27T20:05:00Z,San Francisco 49ers,Arizona Cardinals,bovada,player_reception_yds,Christian McCaffrey,Under,38.5,-115,2026-09-26T21:15:17Z,2026-09-26 17:16:50.698946
9d2b09e0f9b6dd5ce0d985894f4f98fa,2026-09-27T20:05:00Z,San Francisco 49ers,Arizona Cardinals,bovada,player_reception_yds,Deebo Samuel,Over,40.5,-115,2026-09-26T21:15:17Z,2026-09-26 17:16:50.698946
9d2b09e0f9b6dd5ce0d985894f4f98fa,2026-09-27T20:05:00Z,San Francisco 49ers,Arizona Cardinals,bovada,player_reception_yds,Deebo Samuel,Under,40.5,-115,2026-09-26T21:15:17Z,2026-09-26 17:16:50.698946
9d2b09e0f9b6dd5ce0d985894f4f98fa,2026-09-27T20:05:00Z,San Francisco 49ers,Arizona Cardinals,bovada,player_reception_yds,George Kittle,Over,47.5,-115,2026-09-26T21:15:17Z,2026-09-26 17:16:50.698946
9d2b09e0f9b6dd5ce0d985894f4f98fa,2026-09-27T20:05:00Z,San Francisco 49ers,Arizona Cardinals,bovada,player_reception_yds,George Kittle,Under,47.5,-115,2026-09-26T21:15:17Z,2026-09-26 17:16:50.698946
9d2b09e0f9b6dd5ce0d985894f4f98fa,2026-09-27T20:05:00Z,San Francisco 49ers,Arizona Cardinals,bovada,player_reception_yds,Jeremiyah Love,Over,14.5,-120,2026-09-26T21:15:17Z,2026-09-26 17:16:50.698946
9d2b09e0f9b6dd5ce0d985894f4f98fa,2026-09-27T20:05:00Z,San Francisco 49ers,Arizona Cardinals,bovada,player_reception_yds,Jeremiyah Love,Under,14.5,-110,2026-09-26T21:15:17Z,2026-09-26 17:16:50.698946
9d2b09e0f9b6dd5ce0d985894f4f98fa,2026-09-27T20:05:00Z,San Francisco 49ers,Arizona Cardinals,bovada,player_reception_yds,Kendrick Bourne,Over,23.5,-120,2026-09-26T21:15:17Z,2026-09-26 17:16:50.698946
9d2b09e0f9b6dd5ce0d985894f4f98fa,2026-09-27T20:05:00Z,San Francisco 49ers,Arizona Cardinals,bovada,player_reception_yds,Kendrick Bourne,Under,23.5,-110,2026-09-26T21:15:17Z,2026-09-26 17:16:50.698946
9d2b09e0f9b6dd5ce0d985894f4f98fa,2026-09-27T20:05:00Z,San Francisco 49ers,Arizona Cardinals,bovada,player_reception_yds,Marvin Harrison Jr.,Over,33.5,-115,2026-09-26T21:15:17Z,2026-09-26 17:16:50.698946
9d2b09e0f9b6dd5ce0d985894f4f98fa,2026-09-27T20:05:00Z,San Francisco 49ers,Arizona Cardinals,bovada,player_reception_yds,Marvin Harrison Jr.,Under,33.5,-115,2026-09-26T21:15:17Z,2026-09-26 17:16:50.698946
9d2b09e0f9b6dd5ce0d985894f4f98fa,2026-09-27T20:05:00Z,San Francisco 49ers,Arizona Cardinals,bovada,player_reception_yds,Michael Wilson,Over,45.5,-115,2026-09-26T21:15:17Z,2026-09-26 17:16:50.698946
9d2b09e0f9b6dd5ce0d985894f4f98fa,2026-09-27T20:05:00Z,San Francisco 49ers,Arizona Cardinals,bovada,player_reception_yds,Michael Wilson,Under,45.5,-115,2026-09-26T21:15:17Z,2026-09-26 17:16:50.698946
9d2b09e0f9b6dd5ce0d985894f4f98fa,2026-09-27T20:05:00Z,San Francisco 49ers,Arizona Cardinals,bovada,player_reception_yds,Mike Evans,Over,52.5,-115,2026-09-26T21:15:17Z,2026-09-26 17:16:50.698946
9d2b09e0f9b6dd5ce0d985894f4f98fa,2026-09-27T20:05:00Z,San Francisco 49ers,Arizona Cardinals,bovada,player_reception_yds,Mike Evans,Under,52.5,-115,2026-09-26T21:15:17Z,2026-09-26 17:16:50.698946
9d2b09e0f9b6dd5ce0d985894f4f98fa,2026-09-27T20:05:00Z,San Francisco 49ers,Arizona Cardinals,bovada,player_reception_yds,Trey McBride,Over,67.5,-115,2026-09-26T21:15:17Z,2026-09-26 17:16:50.698946
9d2b09e0f9b6dd5ce0d985894f4f98fa,2026-09-27T20:05:00Z,San Francisco 49ers,Arizona Cardinals,bovada,player_reception_yds,Trey McBride,Under,67.5,-115,2026-09-26T21:15:17Z,2026-09-26 17:16:50.698946
9d2b09e0f9b6dd5ce0d985894f4f98fa,2026-09-27T20:05:00Z,San Francisco 49ers,Arizona Cardinals,bovada,player_reception_yds,Tyler Allgeier,Over,7.5,-110,2026-09-26T21:15:17Z,2026-09-26 17:16:50.698946
9d2b09e0f9b6dd5ce0d985894f4f98fa,2026-09-27T20:05:00Z,San Francisco 49ers,Arizona Cardinals,bovada,player_reception_yds,Tyler Allgeier,Under,7.5,-120,2026-09-26T21:15:17Z,2026-09-26 17:16:50.698946
f1724dead3eab61546033032fc782375,2026-09-27T20:05:00Z,Tampa Bay Buccaneers,Minnesota Vikings,draftkings,player_reception_yds,Justin Jefferson,Over,71.5,-112,2026-09-26T21:15:18Z,2026-09-26 17:16:51.299321
f1724dead3eab61546033032fc782375,2026-09-27T20:05:00Z,Tampa Bay Buccaneers,Minnesota Vikings,draftkings,player_reception_yds,Justin Jefferson,Under,71.5,-112,2026-09-26T21:15:18Z,2026-09-26 17:16:51.299321
f1724dead3eab61546033032fc782375,2026-09-27T20:05:00Z,Tampa Bay Buccaneers,Minnesota Vikings,draftkings,player_reception_yds,Emeka Egbuka,Over,49.5,-113,2026-09-26T21:15:18Z,2026-09-26 17:16:51.299321
f1724dead3eab61546033032fc782375,2026-09-27T20:05:00Z,Tampa Bay Buccaneers,Minnesota Vikings,draftkings,player_reception_yds,Emeka Egbuka,Under,49.5,-111,2026-09-26T21:15:18Z,2026-09-26 17:16:51.299321
f1724dead3eab61546033032fc782375,2026-09-27T20:05:00Z,Tampa Bay Buccaneers,Minnesota Vikings,draftkings,player_reception_yds,Jordan Addison,Over,36.5,-114,2026-09-26T21:15:18Z,2026-09-26 17:16:51.299321
f1724dead3eab61546033032fc782375,2026-09-27T20:05:00Z,Tampa Bay Buccaneers,Minnesota Vikings,draftkings,player_reception_yds,Jordan Addison,Under,36.5,-110,2026-09-26T21:15:18Z,2026-09-26 17:16:51.299321
f1724dead3eab61546033032fc782375,2026-09-27T20:05:00Z,Tampa Bay Buccaneers,Minnesota Vikings,draftkings,player_reception_yds,Chris Godwin,Over,35.5,-109,2026-09-26T21:15:18Z,2026-09-26 17:16:51.299321
f1724dead3eab61546033032fc782375,2026-09-27T20:05:00Z,Tampa Bay Buccaneers,Minnesota Vikings,draftkings,player_reception_yds,Chris Godwin,Under,35.5,-115,2026-09-26T21:15:18Z,2026-09-26 17:16:51.299321
f1724dead3eab61546033032fc782375,2026-09-27T20:05:00Z,Tampa Bay Buccaneers,Minnesota Vikings,draftkings,player_reception_yds,T.J. Hockenson,Over,30.5,-113,2026-09-26T21:15:18Z,2026-09-26 17:16:51.299321
f1724dead3eab61546033032fc782375,2026-09-27T20:05:00Z,Tampa Bay Buccaneers,Minnesota Vikings,draftkings,player_reception_yds,T.J. Hockenson,Under,30.5,-111,2026-09-26T21:15:18Z,2026-09-26 17:16:51.299321
f1724dead3eab61546033032fc782375,2026-09-27T20:05:00Z,Tampa Bay Buccaneers,Minnesota Vikings,draftkings,player_reception_yds,Cade Otton,Over,27.5,-111,2026-09-26T21:15:18Z,2026-09-26 17:16:51.299321
f1724dead3eab61546033032fc782375,2026-09-27T20:05:00Z,Tampa Bay Buccaneers,Minnesota Vikings,draftkings,player_reception_yds,Cade Otton,Under,27.5,-113,2026-09-26T21:15:18Z,2026-09-26 17:16:51.299321
f1724dead3eab61546033032fc782375,2026-09-27T20:05:00Z,Tampa Bay Buccaneers,Minnesota Vikings,draftkings,player_reception_yds,Ted Hurst III,Over,25.5,-109,2026-09-26T21:15:18Z,2026-09-26 17:16:51.299321
f1724dead3eab61546033032fc782375,2026-09-27T20:05:00Z,Tampa Bay Buccaneers,Minnesota Vikings,draftkings,player_reception_yds,Ted Hurst III,Under,25.5,-115,2026-09-26T21:15:18Z,2026-09-26 17:16:51.299321
f1724dead3eab61546033032fc782375,2026-09-27T20:05:00Z,Tampa Bay Buccaneers,Minnesota Vikings,draftkings,player_reception_yds,Bucky Irving,Over,16.5,-109,2026-09-26T21:15:18Z,2026-09-26 17:16:51.299321
f1724dead3eab61546033032fc782375,2026-09-27T20:05:00Z,Tampa Bay Buccaneers,Minnesota Vikings,draftkings,player_reception_yds,Bucky Irving,Under,16.5,-115,2026-09-26T21:15:18Z,2026-09-26 17:16:51.299321
f1724dead3eab61546033032fc782375,2026-09-27T20:05:00Z,Tampa Bay Buccaneers,Minnesota Vikings,draftkings,player_reception_yds,Jauan Jennings,Over,14.5,-114,2026-09-26T21:15:18Z,2026-09-26 17:16:51.299321
f1724dead3eab61546033032fc782375,2026-09-27T20:05:00Z,Tampa Bay Buccaneers,Minnesota Vikings,draftkings,player_reception_yds,Jauan Jennings,Under,14.5,-110,2026-09-26T21:15:18Z,2026-09-26 17:16:51.299321
f1724dead3eab61546033032fc782375,2026-09-27T20:05:00Z,Tampa Bay Buccaneers,Minnesota Vikings,draftkings,player_reception_yds,Jalen McMillan,Over,14.5,-108,2026-09-26T21:15:18Z,2026-09-26 17:16:51.299321
f1724dead3eab61546033032fc782375,2026-09-27T20:05:00Z,Tampa Bay Buccaneers,Minnesota Vikings,draftkings,player_reception_yds,Jalen McMillan,Under,14.5,-116,2026-09-26T21:15:18Z,2026-09-26 17:16:51.299321
f1724dead3eab61546033032fc782375,2026-09-27T20:05:00Z,Tampa Bay Buccaneers,Minnesota Vikings,draftkings,player_reception_yds,Aaron Jones,Over,13.5,-112,2026-09-26T21:15:18Z,2026-09-26 17:16:51.299321
f1724dead3eab61546033032fc782375,2026-09-27T20:05:00Z,Tampa Bay Buccaneers,Minnesota Vikings,draftkings,player_reception_yds,Aaron Jones,Under,13.5,-112,2026-09-26T21:15:18Z,2026-09-26 17:16:51.299321
f1724dead3eab61546033032fc782375,2026-09-27T20:05:00Z,Tampa Bay Buccaneers,Minnesota Vikings,draftkings,player_reception_yds,Josh Oliver,Over,10.5,-116,2026-09-26T21:15:18Z,2026-09-26 17:16:51.299321
f1724dead3eab61546033032fc782375,2026-09-27T20:05:00Z,Tampa Bay Buccaneers,Minnesota Vikings,draftkings,player_reception_yds,Josh Oliver,Under,10.5,-108,2026-09-26T21:15:18Z,2026-09-26 17:16:51.299321
f1724dead3eab61546033032fc782375,2026-09-27T20:05:00Z,Tampa Bay Buccaneers,Minnesota Vikings,draftkings,player_reception_yds,Kenny Gainwell,Over,9.5,-115,2026-09-26T21:15:18Z,2026-09-26 17:16:51.299321
f1724dead3eab61546033032fc782375,2026-09-27T20:05:00Z,Tampa Bay Buccaneers,Minnesota Vikings,draftkings,player_reception_yds,Kenny Gainwell,Under,9.5,-109,2026-09-26T21:15:18Z,2026-09-26 17:16:51.299321
f1724dead3eab61546033032fc782375,2026-09-27T20:05:00Z,Tampa Bay Buccaneers,Minnesota Vikings,fanduel,player_reception_yds,Bucky Irving,Over,15.5,-113,2026-09-26T21:16:33Z,2026-09-26 17:16:51.299321
f1724dead3eab61546033032fc782375,2026-09-27T20:05:00Z,Tampa Bay Buccaneers,Minnesota Vikings,fanduel,player_reception_yds,Bucky Irving,Under,15.5,-113,2026-09-26T21:16:33Z,2026-09-26 17:16:51.299321
f1724dead3eab61546033032fc782375,2026-09-27T20:05:00Z,Tampa Bay Buccaneers,Minnesota Vikings,fanduel,player_reception_yds,Ted Hurst III,Over,24.5,-113,2026-09-26T21:16:33Z,2026-09-26 17:16:51.299321
f1724dead3eab61546033032fc782375,2026-09-27T20:05:00Z,Tampa Bay Buccaneers,Minnesota Vikings,fanduel,player_reception_yds,Ted Hurst III,Under,24.5,-113,2026-09-26T21:16:33Z,2026-09-26 17:16:51.299321
f1724dead3eab61546033032fc782375,2026-09-27T20:05:00Z,Tampa Bay Buccaneers,Minnesota Vikings,fanduel,player_reception_yds,Jauan Jennings,Over,14.5,-113,2026-09-26T21:16:33Z,2026-09-26 17:16:51.299321
f1724dead3eab61546033032fc782375,2026-09-27T20:05:00Z,Tampa Bay Buccaneers,Minnesota Vikings,fanduel,player_reception_yds,Jauan Jennings,Under,14.5,-113,2026-09-26T21:16:33Z,2026-09-26 17:16:51.299321
f1724dead3eab61546033032fc782375,2026-09-27T20:05:00Z,Tampa Bay Buccaneers,Minnesota Vikings,fanduel,player_reception_yds,T.J. Hockenson,Over,30.5,-113,2026-09-26T21:16:33Z,2026-09-26 17:16:51.299321
f1724dead3eab61546033032fc782375,2026-09-27T20:05:00Z,Tampa Bay Buccaneers,Minnesota Vikings,fanduel,player_reception_yds,T.J. Hockenson,Under,30.5,-113,2026-09-26T21:16:33Z,2026-09-26 17:16:51.299321
f1724dead3eab61546033032fc782375,2026-09-27T20:05:00Z,Tampa Bay Buccaneers,Minnesota Vikings,fanduel,player_reception_yds,Emeka Egbuka,Over,48.5,-113,2026-09-26T21:16:33Z,2026-09-26 17:16:51.299321
f1724dead3eab61546033032fc782375,2026-09-27T20:05:00Z,Tampa Bay Buccaneers,Minnesota Vikings,fanduel,player_reception_yds,Emeka Egbuka,Under,48.5,-113,2026-09-26T21:16:33Z,2026-09-26 17:16:51.299321
f1724dead3eab61546033032fc782375,2026-09-27T20:05:00Z,Tampa Bay Buccaneers,Minnesota Vikings,fanduel,player_reception_yds,Justin Jefferson,Over,71.5,-113,2026-09-26T21:16:33Z,2026-09-26 17:16:51.299321
f1724dead3eab61546033032fc782375,2026-09-27T20:05:00Z,Tampa Bay Buccaneers,Minnesota Vikings,fanduel,player_reception_yds,Justin Jefferson,Under,71.5,-113,2026-09-26T21:16:33Z,2026-09-26 17:16:51.299321
f1724dead3eab61546033032fc782375,2026-09-27T20:05:00Z,Tampa Bay Buccaneers,Minnesota Vikings,fanduel,player_reception_yds,Jordan Addison,Over,36.5,-113,2026-09-26T21:16:33Z,2026-09-26 17:16:51.299321
f1724dead3eab61546033032fc782375,2026-09-27T20:05:00Z,Tampa Bay Buccaneers,Minnesota Vikings,fanduel,player_reception_yds,Jordan Addison,Under,36.5,-113,2026-09-26T21:16:33Z,2026-09-26 17:16:51.299321
f1724dead3eab61546033032fc782375,2026-09-27T20:05:00Z,Tampa Bay Buccaneers,Minnesota Vikings,fanduel,player_reception_yds,Chris Godwin,Over,35.5,-113,2026-09-26T21:16:33Z,2026-09-26 17:16:51.299321
f1724dead3eab61546033032fc782375,2026-09-27T20:05:00Z,Tampa Bay Buccaneers,Minnesota Vikings,fanduel,player_reception_yds,Chris Godwin,Under,35.5,-113,2026-09-26T21:16:33Z,2026-09-26 17:16:51.299321
f1724dead3eab61546033032fc782375,2026-09-27T20:05:00Z,Tampa Bay Buccaneers,Minnesota Vikings,fanduel,player_reception_yds,Jalen McMillan,Over,14.5,-113,2026-09-26T21:16:33Z,2026-09-26 17:16:51.299321
f1724dead3eab61546033032fc782375,2026-09-27T20:05:00Z,Tampa Bay Buccaneers,Minnesota Vikings,fanduel,player_reception_yds,Jalen McMillan,Under,14.5,-113,2026-09-26T21:16:33Z,2026-09-26 17:16:51.299321
f1724dead3eab61546033032fc782375,2026-09-27T20:05:00Z,Tampa Bay Buccaneers,Minnesota Vikings,fanduel,player_reception_yds,Josh Oliver,Over,11.5,-113,2026-09-26T21:16:33Z,2026-09-26 17:16:51.299321
f1724dead3eab61546033032fc782375,2026-09-27T20:05:00Z,Tampa Bay Buccaneers,Minnesota Vikings,fanduel,player_reception_yds,Josh Oliver,Under,11.5,-113,2026-09-26T21:16:33Z,2026-09-26 17:16:51.299321
f1724dead3eab61546033032fc782375,2026-09-27T20:05:00Z,Tampa Bay Buccaneers,Minnesota Vikings,fanduel,player_reception_yds,Kenny Gainwell,Over,9.5,-113,2026-09-26T21:16:33Z,2026-09-26 17:16:51.299321
f1724dead3eab61546033032fc782375,2026-09-27T20:05:00Z,Tampa Bay Buccaneers,Minnesota Vikings,fanduel,player_reception_yds,Kenny Gainwell,Under,9.5,-113,2026-09-26T21:16:33Z,2026-09-26 17:16:51.299321
f1724dead3eab61546033032fc782375,2026-09-27T20:05:00Z,Tampa Bay Buccaneers,Minnesota Vikings,fanduel,player_reception_yds,Aaron Jones,Over,12.5,-113,2026-09-26T21:16:33Z,2026-09-26 17:16:51.299321
f1724dead3eab61546033032fc782375,2026-09-27T20:05:00Z,Tampa Bay Buccaneers,Minnesota Vikings,fanduel,player_reception_yds,Aaron Jones,Under,12.5,-113,2026-09-26T21:16:33Z,2026-09-26 17:16:51.299321
f1724dead3eab61546033032fc782375,2026-09-27T20:05:00Z,Tampa Bay Buccaneers,Minnesota Vikings,fanduel,player_reception_yds,Cade Otton,Over,27.5,-113,2026-09-26T21:16:33Z,2026-09-26 17:16:51.299321
f1724dead3eab61546033032fc782375,2026-09-27T20:05:00Z,Tampa Bay Buccaneers,Minnesota Vikings,fanduel,player_reception_yds,Cade Otton,Under,27.5,-113,2026-09-26T21:16:33Z,2026-09-26 17:16:51.299321
f1724dead3eab61546033032fc782375,2026-09-27T20:05:00Z,Tampa Bay Buccaneers,Minnesota Vikings,betrivers,player_reception_yds,Ted Hurst III,Over,23.5,-118,2026-09-26T21:16:45Z,2026-09-26 17:16:51.299321
f1724dead3eab61546033032fc782375,2026-09-27T20:05:00Z,Tampa Bay Buccaneers,Minnesota Vikings,betrivers,player_reception_yds,Ted Hurst III,Under,23.5,-113,2026-09-26T21:16:45Z,2026-09-26 17:16:51.299321
f1724dead3eab61546033032fc782375,2026-09-27T20:05:00Z,Tampa Bay Buccaneers,Minnesota Vikings,betrivers,player_reception_yds,Jalen McMillan,Over,12.5,-120,2026-09-26T21:16:45Z,2026-09-26 17:16:51.299321
f1724dead3eab61546033032fc782375,2026-09-27T20:05:00Z,Tampa Bay Buccaneers,Minnesota Vikings,betrivers,player_reception_yds,Jalen McMillan,Under,12.5,-112,2026-09-26T21:16:45Z,2026-09-26 17:16:51.299321
f1724dead3eab61546033032fc782375,2026-09-27T20:05:00Z,Tampa Bay Buccaneers,Minnesota Vikings,betrivers,player_reception_yds,Aaron Jones,Over,12.5,-120,2026-09-26T21:16:45Z,2026-09-26 17:16:51.299321
f1724dead3eab61546033032fc782375,2026-09-27T20:05:00Z,Tampa Bay Buccaneers,Minnesota Vikings,betrivers,player_reception_yds,Aaron Jones,Under,12.5,-112,2026-09-26T21:16:45Z,2026-09-26 17:16:51.299321
f1724dead3eab61546033032fc782375,2026-09-27T20:05:00Z,Tampa Bay Buccaneers,Minnesota Vikings,betrivers,player_reception_yds,Justin Jefferson,Over,70.5,-115,2026-09-26T21:16:45Z,2026-09-26 17:16:51.299321
f1724dead3eab61546033032fc782375,2026-09-27T20:05:00Z,Tampa Bay Buccaneers,Minnesota Vikings,betrivers,player_reception_yds,Justin Jefferson,Under,70.5,-115,2026-09-26T21:16:45Z,2026-09-26 17:16:51.299321
f1724dead3eab61546033032fc782375,2026-09-27T20:05:00Z,Tampa Bay Buccaneers,Minnesota Vikings,betrivers,player_reception_yds,T.J. Hockenson,Over,29.5,-114,2026-09-26T21:16:45Z,2026-09-26 17:16:51.299321
f1724dead3eab61546033032fc782375,2026-09-27T20:05:00Z,Tampa Bay Buccaneers,Minnesota Vikings,betrivers,player_reception_yds,T.J. Hockenson,Under,29.5,-117,2026-09-26T21:16:45Z,2026-09-26 17:16:51.299321
f1724dead3eab61546033032fc782375,2026-09-27T20:05:00Z,Tampa Bay Buccaneers,Minnesota Vikings,betrivers,player_reception_yds,Chris Godwin,Over,34.5,-113,2026-09-26T21:16:45Z,2026-09-26 17:16:51.299321
f1724dead3eab61546033032fc782375,2026-09-27T20:05:00Z,Tampa Bay Buccaneers,Minnesota Vikings,betrivers,player_reception_yds,Chris Godwin,Under,34.5,-118,2026-09-26T21:16:45Z,2026-09-26 17:16:51.299321
f1724dead3eab61546033032fc782375,2026-09-27T20:05:00Z,Tampa Bay Buccaneers,Minnesota Vikings,betrivers,player_reception_yds,Bucky Irving,Over,14.5,-113,2026-09-26T21:16:45Z,2026-09-26 17:16:51.299321
f1724dead3eab61546033032fc782375,2026-09-27T20:05:00Z,Tampa Bay Buccaneers,Minnesota Vikings,betrivers,player_reception_yds,Bucky Irving,Under,14.5,-118,2026-09-26T21:16:45Z,2026-09-26 17:16:51.299321
f1724dead3eab61546033032fc782375,2026-09-27T20:05:00Z,Tampa Bay Buccaneers,Minnesota Vikings,betrivers,player_reception_yds,Josh Oliver,Over,10.5,-117,2026-09-26T21:16:45Z,2026-09-26 17:16:51.299321
f1724dead3eab61546033032fc782375,2026-09-27T20:05:00Z,Tampa Bay Buccaneers,Minnesota Vikings,betrivers,player_reception_yds,Josh Oliver,Under,10.5,-114,2026-09-26T21:16:45Z,2026-09-26 17:16:51.299321
f1724dead3eab61546033032fc782375,2026-09-27T20:05:00Z,Tampa Bay Buccaneers,Minnesota Vikings,betrivers,player_reception_yds,Cade Otton,Over,26.5,-113,2026-09-26T21:16:45Z,2026-09-26 17:16:51.299321
f1724dead3eab61546033032fc782375,2026-09-27T20:05:00Z,Tampa Bay Buccaneers,Minnesota Vikings,betrivers,player_reception_yds,Cade Otton,Under,26.5,-117,2026-09-26T21:16:45Z,2026-09-26 17:16:51.299321
f1724dead3eab61546033032fc782375,2026-09-27T20:05:00Z,Tampa Bay Buccaneers,Minnesota Vikings,betrivers,player_reception_yds,Kenny Gainwell,Over,9.5,-112,2026-09-26T21:16:45Z,2026-09-26 17:16:51.299321
f1724dead3eab61546033032fc782375,2026-09-27T20:05:00Z,Tampa Bay Buccaneers,Minnesota Vikings,betrivers,player_reception_yds,Kenny Gainwell,Under,9.5,-118,2026-09-26T21:16:45Z,2026-09-26 17:16:51.299321
f1724dead3eab61546033032fc782375,2026-09-27T20:05:00Z,Tampa Bay Buccaneers,Minnesota Vikings,betrivers,player_reception_yds,Emeka Egbuka,Over,47.5,-114,2026-09-26T21:16:45Z,2026-09-26 17:16:51.299321
f1724dead3eab61546033032fc782375,2026-09-27T20:05:00Z,Tampa Bay Buccaneers,Minnesota Vikings,betrivers,player_reception_yds,Emeka Egbuka,Under,47.5,-115,2026-09-26T21:16:45Z,2026-09-26 17:16:51.299321
f1724dead3eab61546033032fc782375,2026-09-27T20:05:00Z,Tampa Bay Buccaneers,Minnesota Vikings,betrivers,player_reception_yds,Jordan Addison,Over,35.5,-118,2026-09-26T21:16:45Z,2026-09-26 17:16:51.299321
f1724dead3eab61546033032fc782375,2026-09-27T20:05:00Z,Tampa Bay Buccaneers,Minnesota Vikings,betrivers,player_reception_yds,Jordan Addison,Under,35.5,-113,2026-09-26T21:16:45Z,2026-09-26 17:16:51.299321
f1724dead3eab61546033032fc782375,2026-09-27T20:05:00Z,Tampa Bay Buccaneers,Minnesota Vikings,betrivers,player_reception_yds,Jauan Jennings,Over,14.5,-114,2026-09-26T21:16:45Z,2026-09-26 17:16:51.299321
f1724dead3eab61546033032fc782375,2026-09-27T20:05:00Z,Tampa Bay Buccaneers,Minnesota Vikings,betrivers,player_reception_yds,Jauan Jennings,Under,14.5,-115,2026-09-26T21:16:45Z,2026-09-26 17:16:51.299321
f1724dead3eab61546033032fc782375,2026-09-27T20:05:00Z,Tampa Bay Buccaneers,Minnesota Vikings,betonlineag,player_reception_yds,T.J. Hockenson,Over,30.5,-114,2026-09-26T21:16:03Z,2026-09-26 17:16:51.299321
f1724dead3eab61546033032fc782375,2026-09-27T20:05:00Z,Tampa Bay Buccaneers,Minnesota Vikings,betonlineag,player_reception_yds,T.J. Hockenson,Under,30.5,-114,2026-09-26T21:16:03Z,2026-09-26 17:16:51.299321
f1724dead3eab61546033032fc782375,2026-09-27T20:05:00Z,Tampa Bay Buccaneers,Minnesota Vikings,betonlineag,player_reception_yds,Cade Otton,Over,27.5,-114,2026-09-26T21:16:03Z,2026-09-26 17:16:51.299321
f1724dead3eab61546033032fc782375,2026-09-27T20:05:00Z,Tampa Bay Buccaneers,Minnesota Vikings,betonlineag,player_reception_yds,Cade Otton,Under,27.5,-114,2026-09-26T21:16:03Z,2026-09-26 17:16:51.299321
f1724dead3eab61546033032fc782375,2026-09-27T20:05:00Z,Tampa Bay Buccaneers,Minnesota Vikings,betonlineag,player_reception_yds,Chris Godwin,Over,35.5,-112,2026-09-26T21:16:03Z,2026-09-26 17:16:51.299321
f1724dead3eab61546033032fc782375,2026-09-27T20:05:00Z,Tampa Bay Buccaneers,Minnesota Vikings,betonlineag,player_reception_yds,Chris Godwin,Under,35.5,-115,2026-09-26T21:16:03Z,2026-09-26 17:16:51.299321
f1724dead3eab61546033032fc782375,2026-09-27T20:05:00Z,Tampa Bay Buccaneers,Minnesota Vikings,betonlineag,player_reception_yds,Kenny Gainwell,Over,9.5,-116,2026-09-26T21:16:03Z,2026-09-26 17:16:51.299321
f1724dead3eab61546033032fc782375,2026-09-27T20:05:00Z,Tampa Bay Buccaneers,Minnesota Vikings,betonlineag,player_reception_yds,Kenny Gainwell,Under,9.5,-111,2026-09-26T21:16:03Z,2026-09-26 17:16:51.299321
f1724dead3eab61546033032fc782375,2026-09-27T20:05:00Z,Tampa Bay Buccaneers,Minnesota Vikings,betonlineag,player_reception_yds,Jalen McMillan,Over,14.5,-112,2026-09-26T21:16:03Z,2026-09-26 17:16:51.299321
f1724dead3eab61546033032fc782375,2026-09-27T20:05:00Z,Tampa Bay Buccaneers,Minnesota Vikings,betonlineag,player_reception_yds,Jalen McMillan,Under,14.5,-115,2026-09-26T21:16:03Z,2026-09-26 17:16:51.299321
f1724dead3eab61546033032fc782375,2026-09-27T20:05:00Z,Tampa Bay Buccaneers,Minnesota Vikings,betonlineag,player_reception_yds,Josh Oliver,Over,10.5,-119,2026-09-26T21:16:03Z,2026-09-26 17:16:51.299321
f1724dead3eab61546033032fc782375,2026-09-27T20:05:00Z,Tampa Bay Buccaneers,Minnesota Vikings,betonlineag,player_reception_yds,Josh Oliver,Under,10.5,-109,2026-09-26T21:16:03Z,2026-09-26 17:16:51.299321
f1724dead3eab61546033032fc782375,2026-09-27T20:05:00Z,Tampa Bay Buccaneers,Minnesota Vikings,betonlineag,player_reception_yds,Bucky Irving,Over,17.5,-119,2026-09-26T21:16:03Z,2026-09-26 17:16:51.299321
f1724dead3eab61546033032fc782375,2026-09-27T20:05:00Z,Tampa Bay Buccaneers,Minnesota Vikings,betonlineag,player_reception_yds,Bucky Irving,Under,17.5,-109,2026-09-26T21:16:03Z,2026-09-26 17:16:51.299321
f1724dead3eab61546033032fc782375,2026-09-27T20:05:00Z,Tampa Bay Buccaneers,Minnesota Vikings,betonlineag,player_reception_yds,Jauan Jennings,Over,14.5,-114,2026-09-26T21:16:03Z,2026-09-26 17:16:51.299321
f1724dead3eab61546033032fc782375,2026-09-27T20:05:00Z,Tampa Bay Buccaneers,Minnesota Vikings,betonlineag,player_reception_yds,Jauan Jennings,Under,14.5,-114,2026-09-26T21:16:03Z,2026-09-26 17:16:51.299321
f1724dead3eab61546033032fc782375,2026-09-27T20:05:00Z,Tampa Bay Buccaneers,Minnesota Vikings,betonlineag,player_reception_yds,Jordan Addison,Over,37.5,-114,2026-09-26T21:16:03Z,2026-09-26 17:16:51.299321
f1724dead3eab61546033032fc782375,2026-09-27T20:05:00Z,Tampa Bay Buccaneers,Minnesota Vikings,betonlineag,player_reception_yds,Jordan Addison,Under,37.5,-114,2026-09-26T21:16:03Z,2026-09-26 17:16:51.299321
f1724dead3eab61546033032fc782375,2026-09-27T20:05:00Z,Tampa Bay Buccaneers,Minnesota Vikings,betonlineag,player_reception_yds,Aaron Jones,Over,13.5,-115,2026-09-26T21:16:03Z,2026-09-26 17:16:51.299321
f1724dead3eab61546033032fc782375,2026-09-27T20:05:00Z,Tampa Bay Buccaneers,Minnesota Vikings,betonlineag,player_reception_yds,Aaron Jones,Under,13.5,-112,2026-09-26T21:16:03Z,2026-09-26 17:16:51.299321
f1724dead3eab61546033032fc782375,2026-09-27T20:05:00Z,Tampa Bay Buccaneers,Minnesota Vikings,betonlineag,player_reception_yds,Ted Hurst III,Over,24.5,-114,2026-09-26T21:16:03Z,2026-09-26 17:16:51.299321
f1724dead3eab61546033032fc782375,2026-09-27T20:05:00Z,Tampa Bay Buccaneers,Minnesota Vikings,betonlineag,player_reception_yds,Ted Hurst III,Under,24.5,-114,2026-09-26T21:16:03Z,2026-09-26 17:16:51.299321
f1724dead3eab61546033032fc782375,2026-09-27T20:05:00Z,Tampa Bay Buccaneers,Minnesota Vikings,betonlineag,player_reception_yds,Emeka Egbuka,Over,49.5,-114,2026-09-26T21:16:03Z,2026-09-26 17:16:51.299321
f1724dead3eab61546033032fc782375,2026-09-27T20:05:00Z,Tampa Bay Buccaneers,Minnesota Vikings,betonlineag,player_reception_yds,Emeka Egbuka,Under,49.5,-114,2026-09-26T21:16:03Z,2026-09-26 17:16:51.299321
f1724dead3eab61546033032fc782375,2026-09-27T20:05:00Z,Tampa Bay Buccaneers,Minnesota Vikings,betonlineag,player_reception_yds,Justin Jefferson,Over,71.5,-114,2026-09-26T21:16:03Z,2026-09-26 17:16:51.299321
f1724dead3eab61546033032fc782375,2026-09-27T20:05:00Z,Tampa Bay Buccaneers,Minnesota Vikings,betonlineag,player_reception_yds,Justin Jefferson,Under,71.5,-114,2026-09-26T21:16:03Z,2026-09-26 17:16:51.299321
f1724dead3eab61546033032fc782375,2026-09-27T20:05:00Z,Tampa Bay Buccaneers,Minnesota Vikings,betmgm,player_reception_yds,Jordan Addison,Over,36.5,-120,2026-09-26T21:16:05Z,2026-09-26 17:16:51.299321
f1724dead3eab61546033032fc782375,2026-09-27T20:05:00Z,Tampa Bay Buccaneers,Minnesota Vikings,betmgm,player_reception_yds,Jordan Addison,Under,36.5,-111,2026-09-26T21:16:05Z,2026-09-26 17:16:51.299321
f1724dead3eab61546033032fc782375,2026-09-27T20:05:00Z,Tampa Bay Buccaneers,Minnesota Vikings,betmgm,player_reception_yds,Jauan Jennings,Over,14.5,-115,2026-09-26T21:16:05Z,2026-09-26 17:16:51.299321
f1724dead3eab61546033032fc782375,2026-09-27T20:05:00Z,Tampa Bay Buccaneers,Minnesota Vikings,betmgm,player_reception_yds,Jauan Jennings,Under,14.5,-115,2026-09-26T21:16:05Z,2026-09-26 17:16:51.299321
f1724dead3eab61546033032fc782375,2026-09-27T20:05:00Z,Tampa Bay Buccaneers,Minnesota Vikings,betmgm,player_reception_yds,Kenny Gainwell,Over,11.5,-115,2026-09-26T21:16:05Z,2026-09-26 17:16:51.299321
f1724dead3eab61546033032fc782375,2026-09-27T20:05:00Z,Tampa Bay Buccaneers,Minnesota Vikings,betmgm,player_reception_yds,Kenny Gainwell,Under,11.5,-115,2026-09-26T21:16:05Z,2026-09-26 17:16:51.299321
f1724dead3eab61546033032fc782375,2026-09-27T20:05:00Z,Tampa Bay Buccaneers,Minnesota Vikings,betmgm,player_reception_yds,Chris Godwin,Over,35.5,-115,2026-09-26T21:16:05Z,2026-09-26 17:16:51.299321
f1724dead3eab61546033032fc782375,2026-09-27T20:05:00Z,Tampa Bay Buccaneers,Minnesota Vikings,betmgm,player_reception_yds,Chris Godwin,Under,35.5,-115,2026-09-26T21:16:05Z,2026-09-26 17:16:51.299321
f1724dead3eab61546033032fc782375,2026-09-27T20:05:00Z,Tampa Bay Buccaneers,Minnesota Vikings,betmgm,player_reception_yds,Cade Otton,Over,28.5,-111,2026-09-26T21:16:05Z,2026-09-26 17:16:51.299321
f1724dead3eab61546033032fc782375,2026-09-27T20:05:00Z,Tampa Bay Buccaneers,Minnesota Vikings,betmgm,player_reception_yds,Cade Otton,Under,28.5,-120,2026-09-26T21:16:05Z,2026-09-26 17:16:51.299321
f1724dead3eab61546033032fc782375,2026-09-27T20:05:00Z,Tampa Bay Buccaneers,Minnesota Vikings,betmgm,player_reception_yds,T.J. Hockenson,Over,32.5,-115,2026-09-26T21:16:05Z,2026-09-26 17:16:51.299321
f1724dead3eab61546033032fc782375,2026-09-27T20:05:00Z,Tampa Bay Buccaneers,Minnesota Vikings,betmgm,player_reception_yds,T.J. Hockenson,Under,32.5,-115,2026-09-26T21:16:05Z,2026-09-26 17:16:51.299321
f1724dead3eab61546033032fc782375,2026-09-27T20:05:00Z,Tampa Bay Buccaneers,Minnesota Vikings,betmgm,player_reception_yds,Emeka Egbuka,Over,49.5,-115,2026-09-26T21:16:05Z,2026-09-26 17:16:51.299321
f1724dead3eab61546033032fc782375,2026-09-27T20:05:00Z,Tampa Bay Buccaneers,Minnesota Vikings,betmgm,player_reception_yds,Emeka Egbuka,Under,49.5,-115,2026-09-26T21:16:05Z,2026-09-26 17:16:51.299321
f1724dead3eab61546033032fc782375,2026-09-27T20:05:00Z,Tampa Bay Buccaneers,Minnesota Vikings,betmgm,player_reception_yds,Bucky Irving,Over,16.5,-120,2026-09-26T21:16:05Z,2026-09-26 17:16:51.299321
f1724dead3eab61546033032fc782375,2026-09-27T20:05:00Z,Tampa Bay Buccaneers,Minnesota Vikings,betmgm,player_reception_yds,Bucky Irving,Under,16.5,-111,2026-09-26T21:16:05Z,2026-09-26 17:16:51.299321
f1724dead3eab61546033032fc782375,2026-09-27T20:05:00Z,Tampa Bay Buccaneers,Minnesota Vikings,betmgm,player_reception_yds,Ted Hurst III,Over,23.5,-135,2026-09-26T21:16:05Z,2026-09-26 17:16:51.299321
f1724dead3eab61546033032fc782375,2026-09-27T20:05:00Z,Tampa Bay Buccaneers,Minnesota Vikings,betmgm,player_reception_yds,Ted Hurst III,Under,23.5,100,2026-09-26T21:16:05Z,2026-09-26 17:16:51.299321
f1724dead3eab61546033032fc782375,2026-09-27T20:05:00Z,Tampa Bay Buccaneers,Minnesota Vikings,betmgm,player_reception_yds,Aaron Jones,Over,13.5,-120,2026-09-26T21:16:05Z,2026-09-26 17:16:51.299321
f1724dead3eab61546033032fc782375,2026-09-27T20:05:00Z,Tampa Bay Buccaneers,Minnesota Vikings,betmgm,player_reception_yds,Aaron Jones,Under,13.5,-110,2026-09-26T21:16:05Z,2026-09-26 17:16:51.299321
f1724dead3eab61546033032fc782375,2026-09-27T20:05:00Z,Tampa Bay Buccaneers,Minnesota Vikings,betmgm,player_reception_yds,Josh Oliver,Over,8.5,-115,2026-09-26T21:16:05Z,2026-09-26 17:16:51.299321
f1724dead3eab61546033032fc782375,2026-09-27T20:05:00Z,Tampa Bay Buccaneers,Minnesota Vikings,betmgm,player_reception_yds,Josh Oliver,Under,8.5,-115,2026-09-26T21:16:05Z,2026-09-26 17:16:51.299321
f1724dead3eab61546033032fc782375,2026-09-27T20:05:00Z,Tampa Bay Buccaneers,Minnesota Vikings,betmgm,player_reception_yds,Jalen McMillan,Over,10.5,-135,2026-09-26T21:16:05Z,2026-09-26 17:16:51.299321
f1724dead3eab61546033032fc782375,2026-09-27T20:05:00Z,Tampa Bay Buccaneers,Minnesota Vikings,betmgm,player_reception_yds,Jalen McMillan,Under,10.5,100,2026-09-26T21:16:05Z,2026-09-26 17:16:51.299321
f1724dead3eab61546033032fc782375,2026-09-27T20:05:00Z,Tampa Bay Buccaneers,Minnesota Vikings,betmgm,player_reception_yds,Justin Jefferson,Over,71.5,-115,2026-09-26T21:16:05Z,2026-09-26 17:16:51.299321
f1724dead3eab61546033032fc782375,2026-09-27T20:05:00Z,Tampa Bay Buccaneers,Minnesota Vikings,betmgm,player_reception_yds,Justin Jefferson,Under,71.5,-115,2026-09-26T21:16:05Z,2026-09-26 17:16:51.299321
f1724dead3eab61546033032fc782375,2026-09-27T20:05:00Z,Tampa Bay Buccaneers,Minnesota Vikings,bovada,player_reception_yds,Aaron Jones,Over,13.5,-115,2026-09-26T21:15:17Z,2026-09-26 17:16:51.299321
f1724dead3eab61546033032fc782375,2026-09-27T20:05:00Z,Tampa Bay Buccaneers,Minnesota Vikings,bovada,player_reception_yds,Aaron Jones,Under,13.5,-115,2026-09-26T21:15:17Z,2026-09-26 17:16:51.299321
f1724dead3eab61546033032fc782375,2026-09-27T20:05:00Z,Tampa Bay Buccaneers,Minnesota Vikings,bovada,player_reception_yds,Bucky Irving,Over,16.5,-110,2026-09-26T21:15:17Z,2026-09-26 17:16:51.299321
f1724dead3eab61546033032fc782375,2026-09-27T20:05:00Z,Tampa Bay Buccaneers,Minnesota Vikings,bovada,player_reception_yds,Bucky Irving,Under,16.5,-120,2026-09-26T21:15:17Z,2026-09-26 17:16:51.299321
f1724dead3eab61546033032fc782375,2026-09-27T20:05:00Z,Tampa Bay Buccaneers,Minnesota Vikings,bovada,player_reception_yds,Cade Otton,Over,27.5,-115,2026-09-26T21:15:17Z,2026-09-26 17:16:51.299321
f1724dead3eab61546033032fc782375,2026-09-27T20:05:00Z,Tampa Bay Buccaneers,Minnesota Vikings,bovada,player_reception_yds,Cade Otton,Under,27.5,-115,2026-09-26T21:15:17Z,2026-09-26 17:16:51.299321
f1724dead3eab61546033032fc782375,2026-09-27T20:05:00Z,Tampa Bay Buccaneers,Minnesota Vikings,bovada,player_reception_yds,Chris Godwin,Over,35.5,-110,2026-09-26T21:15:17Z,2026-09-26 17:16:51.299321
f1724dead3eab61546033032fc782375,2026-09-27T20:05:00Z,Tampa Bay Buccaneers,Minnesota Vikings,bovada,player_reception_yds,Chris Godwin,Under,35.5,-120,2026-09-26T21:15:17Z,2026-09-26 17:16:51.299321
f1724dead3eab61546033032fc782375,2026-09-27T20:05:00Z,Tampa Bay Buccaneers,Minnesota Vikings,bovada,player_reception_yds,Emeka Egbuka,Over,49.5,-115,2026-09-26T21:15:17Z,2026-09-26 17:16:51.299321
f1724dead3eab61546033032fc782375,2026-09-27T20:05:00Z,Tampa Bay Buccaneers,Minnesota Vikings,bovada,player_reception_yds,Emeka Egbuka,Under,49.5,-115,2026-09-26T21:15:17Z,2026-09-26 17:16:51.299321
f1724dead3eab61546033032fc782375,2026-09-27T20:05:00Z,Tampa Bay Buccaneers,Minnesota Vikings,bovada,player_reception_yds,Jalen McMillan,Over,14.5,-110,2026-09-26T21:15:17Z,2026-09-26 17:16:51.299321
f1724dead3eab61546033032fc782375,2026-09-27T20:05:00Z,Tampa Bay Buccaneers,Minnesota Vikings,bovada,player_reception_yds,Jalen McMillan,Under,14.5,-120,2026-09-26T21:15:17Z,2026-09-26 17:16:51.299321
f1724dead3eab61546033032fc782375,2026-09-27T20:05:00Z,Tampa Bay Buccaneers,Minnesota Vikings,bovada,player_reception_yds,Jauan Jennings,Over,14.5,-115,2026-09-26T21:15:17Z,2026-09-26 17:16:51.299321
f1724dead3eab61546033032fc782375,2026-09-27T20:05:00Z,Tampa Bay Buccaneers,Minnesota Vikings,bovada,player_reception_yds,Jauan Jennings,Under,14.5,-115,2026-09-26T21:15:17Z,2026-09-26 17:16:51.299321
f1724dead3eab61546033032fc782375,2026-09-27T20:05:00Z,Tampa Bay Buccaneers,Minnesota Vikings,bovada,player_reception_yds,Jordan Addison,Over,36.5,-115,2026-09-26T21:15:17Z,2026-09-26 17:16:51.299321
f1724dead3eab61546033032fc782375,2026-09-27T20:05:00Z,Tampa Bay Buccaneers,Minnesota Vikings,bovada,player_reception_yds,Jordan Addison,Under,36.5,-115,2026-09-26T21:15:17Z,2026-09-26 17:16:51.299321
f1724dead3eab61546033032fc782375,2026-09-27T20:05:00Z,Tampa Bay Buccaneers,Minnesota Vikings,bovada,player_reception_yds,Josh Oliver,Over,10.5,-120,2026-09-26T21:15:17Z,2026-09-26 17:16:51.299321
f1724dead3eab61546033032fc782375,2026-09-27T20:05:00Z,Tampa Bay Buccaneers,Minnesota Vikings,bovada,player_reception_yds,Josh Oliver,Under,10.5,-110,2026-09-26T21:15:17Z,2026-09-26 17:16:51.299321
f1724dead3eab61546033032fc782375,2026-09-27T20:05:00Z,Tampa Bay Buccaneers,Minnesota Vikings,bovada,player_reception_yds,Justin Jefferson,Over,71.5,-115,2026-09-26T21:15:17Z,2026-09-26 17:16:51.299321
f1724dead3eab61546033032fc782375,2026-09-27T20:05:00Z,Tampa Bay Buccaneers,Minnesota Vikings,bovada,player_reception_yds,Justin Jefferson,Under,71.5,-115,2026-09-26T21:15:17Z,2026-09-26 17:16:51.299321
f1724dead3eab61546033032fc782375,2026-09-27T20:05:00Z,Tampa Bay Buccaneers,Minnesota Vikings,bovada,player_reception_yds,Kenny Gainwell,Over,9.5,-120,2026-09-26T21:15:17Z,2026-09-26 17:16:51.299321
f1724dead3eab61546033032fc782375,2026-09-27T20:05:00Z,Tampa Bay Buccaneers,Minnesota Vikings,bovada,player_reception_yds,Kenny Gainwell,Under,9.5,-110,2026-09-26T21:15:17Z,2026-09-26 17:16:51.299321
f1724dead3eab61546033032fc782375,2026-09-27T20:05:00Z,Tampa Bay Buccaneers,Minnesota Vikings,bovada,player_reception_yds,T.J. Hockenson,Over,30.5,-115,2026-09-26T21:15:17Z,2026-09-26 17:16:51.299321
f1724dead3eab61546033032fc782375,2026-09-27T20:05:00Z,Tampa Bay Buccaneers,Minnesota Vikings,bovada,player_reception_yds,T.J. Hockenson,Under,30.5,-115,2026-09-26T21:15:17Z,2026-09-26 17:16:51.299321
f1724dead3eab61546033032fc782375,2026-09-27T20:05:00Z,Tampa Bay Buccaneers,Minnesota Vikings,bovada,player_reception_yds,Ted Hurst III,Over,25.5,-110,2026-09-26T21:15:17Z,2026-09-26 17:16:51.299321
f1724dead3eab61546033032fc782375,2026-09-27T20:05:00Z,Tampa Bay Buccaneers,Minnesota Vikings,bovada,player_reception_yds,Ted Hurst III,Under,25.5,-120,2026-09-26T21:15:17Z,2026-09-26 17:16:51.299321
84cfca14efc21363fd605508404cf1ff,2026-09-27T20:25:00Z,Dallas Cowboys,Baltimore Ravens,draftkings,player_reception_yds,CeeDee Lamb,Over,83.5,-110,2026-09-26T21:14:55Z,2026-09-26 17:16:51.941304
84cfca14efc21363fd605508404cf1ff,2026-09-27T20:25:00Z,Dallas Cowboys,Baltimore Ravens,draftkings,player_reception_yds,CeeDee Lamb,Under,83.5,-114,2026-09-26T21:14:55Z,2026-09-26 17:16:51.941304
84cfca14efc21363fd605508404cf1ff,2026-09-27T20:25:00Z,Dallas Cowboys,Baltimore Ravens,draftkings,player_reception_yds,George Pickens,Over,65.5,-113,2026-09-26T21:14:55Z,2026-09-26 17:16:51.941304
84cfca14efc21363fd605508404cf1ff,2026-09-27T20:25:00Z,Dallas Cowboys,Baltimore Ravens,draftkings,player_reception_yds,George Pickens,Under,65.5,-111,2026-09-26T21:14:55Z,2026-09-26 17:16:51.941304
84cfca14efc21363fd605508404cf1ff,2026-09-27T20:25:00Z,Dallas Cowboys,Baltimore Ravens,draftkings,player_reception_yds,Rashod Bateman,Over,44.5,-110,2026-09-26T21:14:55Z,2026-09-26 17:16:51.941304
84cfca14efc21363fd605508404cf1ff,2026-09-27T20:25:00Z,Dallas Cowboys,Baltimore Ravens,draftkings,player_reception_yds,Rashod Bateman,Under,44.5,-114,2026-09-26T21:14:55Z,2026-09-26 17:16:51.941304
84cfca14efc21363fd605508404cf1ff,2026-09-27T20:25:00Z,Dallas Cowboys,Baltimore Ravens,draftkings,player_reception_yds,Mark Andrews,Over,38.5,-114,2026-09-26T21:14:55Z,2026-09-26 17:16:51.941304
84cfca14efc21363fd605508404cf1ff,2026-09-27T20:25:00Z,Dallas Cowboys,Baltimore Ravens,draftkings,player_reception_yds,Mark Andrews,Under,38.5,-110,2026-09-26T21:14:55Z,2026-09-26 17:16:51.941304
84cfca14efc21363fd605508404cf1ff,2026-09-27T20:25:00Z,Dallas Cowboys,Baltimore Ravens,draftkings,player_reception_yds,Ryan Flournoy,Over,30.5,-109,2026-09-26T21:14:55Z,2026-09-26 17:16:51.941304
84cfca14efc21363fd605508404cf1ff,2026-09-27T20:25:00Z,Dallas Cowboys,Baltimore Ravens,draftkings,player_reception_yds,Ryan Flournoy,Under,30.5,-115,2026-09-26T21:14:55Z,2026-09-26 17:16:51.941304
84cfca14efc21363fd605508404cf1ff,2026-09-27T20:25:00Z,Dallas Cowboys,Baltimore Ravens,draftkings,player_reception_yds,Jake Ferguson,Over,28.5,-110,2026-09-26T21:14:55Z,2026-09-26 17:16:51.941304
84cfca14efc21363fd605508404cf1ff,2026-09-27T20:25:00Z,Dallas Cowboys,Baltimore Ravens,draftkings,player_reception_yds,Jake Ferguson,Under,28.5,-114,2026-09-26T21:14:55Z,2026-09-26 17:16:51.941304
84cfca14efc21363fd605508404cf1ff,2026-09-27T20:25:00Z,Dallas Cowboys,Baltimore Ravens,draftkings,player_reception_yds,Javonte Williams,Over,15.5,-116,2026-09-26T21:14:55Z,2026-09-26 17:16:51.941304
84cfca14efc21363fd605508404cf1ff,2026-09-27T20:25:00Z,Dallas Cowboys,Baltimore Ravens,draftkings,player_reception_yds,Javonte Williams,Under,15.5,-108,2026-09-26T21:14:55Z,2026-09-26 17:16:51.941304
84cfca14efc21363fd605508404cf1ff,2026-09-27T20:25:00Z,Dallas Cowboys,Baltimore Ravens,draftkings,player_reception_yds,Justice Hill,Over,13.5,-113,2026-09-26T21:14:55Z,2026-09-26 17:16:51.941304
84cfca14efc21363fd605508404cf1ff,2026-09-27T20:25:00Z,Dallas Cowboys,Baltimore Ravens,draftkings,player_reception_yds,Justice Hill,Under,13.5,-111,2026-09-26T21:14:55Z,2026-09-26 17:16:51.941304
84cfca14efc21363fd605508404cf1ff,2026-09-27T20:25:00Z,Dallas Cowboys,Baltimore Ravens,draftkings,player_reception_yds,Derrick Henry,Over,9.5,-113,2026-09-26T21:14:55Z,2026-09-26 17:16:51.941304
84cfca14efc21363fd605508404cf1ff,2026-09-27T20:25:00Z,Dallas Cowboys,Baltimore Ravens,draftkings,player_reception_yds,Derrick Henry,Under,9.5,-111,2026-09-26T21:14:55Z,2026-09-26 17:16:51.941304
84cfca14efc21363fd605508404cf1ff,2026-09-27T20:25:00Z,Dallas Cowboys,Baltimore Ravens,fanduel,player_reception_yds,Jake Ferguson,Over,26.5,-113,2026-09-26T21:16:22Z,2026-09-26 17:16:51.941304
84cfca14efc21363fd605508404cf1ff,2026-09-27T20:25:00Z,Dallas Cowboys,Baltimore Ravens,fanduel,player_reception_yds,Jake Ferguson,Under,26.5,-113,2026-09-26T21:16:22Z,2026-09-26 17:16:51.941304
84cfca14efc21363fd605508404cf1ff,2026-09-27T20:25:00Z,Dallas Cowboys,Baltimore Ravens,fanduel,player_reception_yds,George Pickens,Over,64.5,-113,2026-09-26T21:16:22Z,2026-09-26 17:16:51.941304
84cfca14efc21363fd605508404cf1ff,2026-09-27T20:25:00Z,Dallas Cowboys,Baltimore Ravens,fanduel,player_reception_yds,George Pickens,Under,64.5,-113,2026-09-26T21:16:22Z,2026-09-26 17:16:51.941304
84cfca14efc21363fd605508404cf1ff,2026-09-27T20:25:00Z,Dallas Cowboys,Baltimore Ravens,fanduel,player_reception_yds,CeeDee Lamb,Over,82.5,-113,2026-09-26T21:16:22Z,2026-09-26 17:16:51.941304
84cfca14efc21363fd605508404cf1ff,2026-09-27T20:25:00Z,Dallas Cowboys,Baltimore Ravens,fanduel,player_reception_yds,CeeDee Lamb,Under,82.5,-113,2026-09-26T21:16:22Z,2026-09-26 17:16:51.941304
84cfca14efc21363fd605508404cf1ff,2026-09-27T20:25:00Z,Dallas Cowboys,Baltimore Ravens,fanduel,player_reception_yds,Derrick Henry,Over,10.5,-113,2026-09-26T21:16:22Z,2026-09-26 17:16:51.941304
84cfca14efc21363fd605508404cf1ff,2026-09-27T20:25:00Z,Dallas Cowboys,Baltimore Ravens,fanduel,player_reception_yds,Derrick Henry,Under,10.5,-113,2026-09-26T21:16:22Z,2026-09-26 17:16:51.941304
84cfca14efc21363fd605508404cf1ff,2026-09-27T20:25:00Z,Dallas Cowboys,Baltimore Ravens,fanduel,player_reception_yds,Mark Andrews,Over,38.5,-113,2026-09-26T21:16:22Z,2026-09-26 17:16:51.941304
84cfca14efc21363fd605508404cf1ff,2026-09-27T20:25:00Z,Dallas Cowboys,Baltimore Ravens,fanduel,player_reception_yds,Mark Andrews,Under,38.5,-113,2026-09-26T21:16:22Z,2026-09-26 17:16:51.941304
84cfca14efc21363fd605508404cf1ff,2026-09-27T20:25:00Z,Dallas Cowboys,Baltimore Ravens,fanduel,player_reception_yds,Ryan Flournoy,Over,27.5,-113,2026-09-26T21:16:22Z,2026-09-26 17:16:51.941304
84cfca14efc21363fd605508404cf1ff,2026-09-27T20:25:00Z,Dallas Cowboys,Baltimore Ravens,fanduel,player_reception_yds,Ryan Flournoy,Under,27.5,-113,2026-09-26T21:16:22Z,2026-09-26 17:16:51.941304
84cfca14efc21363fd605508404cf1ff,2026-09-27T20:25:00Z,Dallas Cowboys,Baltimore Ravens,fanduel,player_reception_yds,Justice Hill,Over,13.5,-113,2026-09-26T21:16:22Z,2026-09-26 17:16:51.941304
84cfca14efc21363fd605508404cf1ff,2026-09-27T20:25:00Z,Dallas Cowboys,Baltimore Ravens,fanduel,player_reception_yds,Justice Hill,Under,13.5,-113,2026-09-26T21:16:22Z,2026-09-26 17:16:51.941304
84cfca14efc21363fd605508404cf1ff,2026-09-27T20:25:00Z,Dallas Cowboys,Baltimore Ravens,fanduel,player_reception_yds,Javonte Williams,Over,15.5,-113,2026-09-26T21:16:22Z,2026-09-26 17:16:51.941304
84cfca14efc21363fd605508404cf1ff,2026-09-27T20:25:00Z,Dallas Cowboys,Baltimore Ravens,fanduel,player_reception_yds,Javonte Williams,Under,15.5,-113,2026-09-26T21:16:22Z,2026-09-26 17:16:51.941304
84cfca14efc21363fd605508404cf1ff,2026-09-27T20:25:00Z,Dallas Cowboys,Baltimore Ravens,betmgm,player_reception_yds,Jake Ferguson,Over,27.5,-115,2026-09-26T21:16:30Z,2026-09-26 17:16:51.941304
84cfca14efc21363fd605508404cf1ff,2026-09-27T20:25:00Z,Dallas Cowboys,Baltimore Ravens,betmgm,player_reception_yds,Jake Ferguson,Under,27.5,-115,2026-09-26T21:16:30Z,2026-09-26 17:16:51.941304
84cfca14efc21363fd605508404cf1ff,2026-09-27T20:25:00Z,Dallas Cowboys,Baltimore Ravens,betmgm,player_reception_yds,Javonte Williams,Over,16.5,-120,2026-09-26T21:16:30Z,2026-09-26 17:16:51.941304
84cfca14efc21363fd605508404cf1ff,2026-09-27T20:25:00Z,Dallas Cowboys,Baltimore Ravens,betmgm,player_reception_yds,Javonte Williams,Under,16.5,-110,2026-09-26T21:16:30Z,2026-09-26 17:16:51.941304
84cfca14efc21363fd605508404cf1ff,2026-09-27T20:25:00Z,Dallas Cowboys,Baltimore Ravens,betmgm,player_reception_yds,CeeDee Lamb,Over,79.5,-115,2026-09-26T21:16:30Z,2026-09-26 17:16:51.941304
84cfca14efc21363fd605508404cf1ff,2026-09-27T20:25:00Z,Dallas Cowboys,Baltimore Ravens,betmgm,player_reception_yds,CeeDee Lamb,Under,79.5,-115,2026-09-26T21:16:30Z,2026-09-26 17:16:51.941304
84cfca14efc21363fd605508404cf1ff,2026-09-27T20:25:00Z,Dallas Cowboys,Baltimore Ravens,betmgm,player_reception_yds,George Pickens,Over,61.5,-140,2026-09-26T21:16:30Z,2026-09-26 17:16:51.941304
84cfca14efc21363fd605508404cf1ff,2026-09-27T20:25:00Z,Dallas Cowboys,Baltimore Ravens,betmgm,player_reception_yds,George Pickens,Under,61.5,105,2026-09-26T21:16:30Z,2026-09-26 17:16:51.941304
84cfca14efc21363fd605508404cf1ff,2026-09-27T20:25:00Z,Dallas Cowboys,Baltimore Ravens,betmgm,player_reception_yds,Ryan Flournoy,Over,30.5,-115,2026-09-26T21:16:30Z,2026-09-26 17:16:51.941304
84cfca14efc21363fd605508404cf1ff,2026-09-27T20:25:00Z,Dallas Cowboys,Baltimore Ravens,betmgm,player_reception_yds,Ryan Flournoy,Under,30.5,-115,2026-09-26T21:16:30Z,2026-09-26 17:16:51.941304
84cfca14efc21363fd605508404cf1ff,2026-09-27T20:25:00Z,Dallas Cowboys,Baltimore Ravens,bovada,player_reception_yds,CeeDee Lamb,Over,63.5,-275,2026-09-26T21:15:58Z,2026-09-26 17:16:51.941304
84cfca14efc21363fd605508404cf1ff,2026-09-27T20:25:00Z,Dallas Cowboys,Baltimore Ravens,bovada,player_reception_yds,CeeDee Lamb,Under,63.5,200,2026-09-26T21:15:58Z,2026-09-26 17:16:51.941304
84cfca14efc21363fd605508404cf1ff,2026-09-27T20:25:00Z,Dallas Cowboys,Baltimore Ravens,bovada,player_reception_yds,CeeDee Lamb,Over,73.5,-170,2026-09-26T21:15:58Z,2026-09-26 17:16:51.941304
84cfca14efc21363fd605508404cf1ff,2026-09-27T20:25:00Z,Dallas Cowboys,Baltimore Ravens,bovada,player_reception_yds,CeeDee Lamb,Under,73.5,130,2026-09-26T21:15:58Z,2026-09-26 17:16:51.941304
84cfca14efc21363fd605508404cf1ff,2026-09-27T20:25:00Z,Dallas Cowboys,Baltimore Ravens,bovada,player_reception_yds,CeeDee Lamb,Over,83.5,-115,2026-09-26T21:15:58Z,2026-09-26 17:16:51.941304
84cfca14efc21363fd605508404cf1ff,2026-09-27T20:25:00Z,Dallas Cowboys,Baltimore Ravens,bovada,player_reception_yds,CeeDee Lamb,Under,83.5,-115,2026-09-26T21:15:58Z,2026-09-26 17:16:51.941304
84cfca14efc21363fd605508404cf1ff,2026-09-27T20:25:00Z,Dallas Cowboys,Baltimore Ravens,bovada,player_reception_yds,CeeDee Lamb,Over,93.5,125,2026-09-26T21:15:58Z,2026-09-26 17:16:51.941304
84cfca14efc21363fd605508404cf1ff,2026-09-27T20:25:00Z,Dallas Cowboys,Baltimore Ravens,bovada,player_reception_yds,CeeDee Lamb,Under,93.5,-165,2026-09-26T21:15:58Z,2026-09-26 17:16:51.941304
84cfca14efc21363fd605508404cf1ff,2026-09-27T20:25:00Z,Dallas Cowboys,Baltimore Ravens,bovada,player_reception_yds,CeeDee Lamb,Over,103.5,175,2026-09-26T21:15:58Z,2026-09-26 17:16:51.941304
84cfca14efc21363fd605508404cf1ff,2026-09-27T20:25:00Z,Dallas Cowboys,Baltimore Ravens,bovada,player_reception_yds,CeeDee Lamb,Under,103.5,-240,2026-09-26T21:15:58Z,2026-09-26 17:16:51.941304
84cfca14efc21363fd605508404cf1ff,2026-09-27T20:25:00Z,Dallas Cowboys,Baltimore Ravens,bovada,player_reception_yds,Derrick Henry,Over,9.5,-115,2026-09-26T21:15:58Z,2026-09-26 17:16:51.941304
84cfca14efc21363fd605508404cf1ff,2026-09-27T20:25:00Z,Dallas Cowboys,Baltimore Ravens,bovada,player_reception_yds,Derrick Henry,Under,9.5,-115,2026-09-26T21:15:58Z,2026-09-26 17:16:51.941304
84cfca14efc21363fd605508404cf1ff,2026-09-27T20:25:00Z,Dallas Cowboys,Baltimore Ravens,bovada,player_reception_yds,George Pickens,Over,55.5,-180,2026-09-26T21:15:58Z,2026-09-26 17:16:51.941304
84cfca14efc21363fd605508404cf1ff,2026-09-27T20:25:00Z,Dallas Cowboys,Baltimore Ravens,bovada,player_reception_yds,George Pickens,Under,55.5,135,2026-09-26T21:15:58Z,2026-09-26 17:16:51.941304
84cfca14efc21363fd605508404cf1ff,2026-09-27T20:25:00Z,Dallas Cowboys,Baltimore Ravens,bovada,player_reception_yds,George Pickens,Over,60.5,-145,2026-09-26T21:15:58Z,2026-09-26 17:16:51.941304
84cfca14efc21363fd605508404cf1ff,2026-09-27T20:25:00Z,Dallas Cowboys,Baltimore Ravens,bovada,player_reception_yds,George Pickens,Under,60.5,110,2026-09-26T21:15:58Z,2026-09-26 17:16:51.941304
84cfca14efc21363fd605508404cf1ff,2026-09-27T20:25:00Z,Dallas Cowboys,Baltimore Ravens,bovada,player_reception_yds,George Pickens,Over,65.5,-115,2026-09-26T21:15:58Z,2026-09-26 17:16:51.941304
84cfca14efc21363fd605508404cf1ff,2026-09-27T20:25:00Z,Dallas Cowboys,Baltimore Ravens,bovada,player_reception_yds,George Pickens,Under,65.5,-115,2026-09-26T21:15:58Z,2026-09-26 17:16:51.941304
84cfca14efc21363fd605508404cf1ff,2026-09-27T20:25:00Z,Dallas Cowboys,Baltimore Ravens,bovada,player_reception_yds,George Pickens,Over,70.5,110,2026-09-26T21:15:58Z,2026-09-26 17:16:51.941304
84cfca14efc21363fd605508404cf1ff,2026-09-27T20:25:00Z,Dallas Cowboys,Baltimore Ravens,bovada,player_reception_yds,George Pickens,Under,70.5,-145,2026-09-26T21:15:58Z,2026-09-26 17:16:51.941304
84cfca14efc21363fd605508404cf1ff,2026-09-27T20:25:00Z,Dallas Cowboys,Baltimore Ravens,bovada,player_reception_yds,George Pickens,Over,75.5,130,2026-09-26T21:15:58Z,2026-09-26 17:16:51.941304
84cfca14efc21363fd605508404cf1ff,2026-09-27T20:25:00Z,Dallas Cowboys,Baltimore Ravens,bovada,player_reception_yds,George Pickens,Under,75.5,-170,2026-09-26T21:15:58Z,2026-09-26 17:16:51.941304
84cfca14efc21363fd605508404cf1ff,2026-09-27T20:25:00Z,Dallas Cowboys,Baltimore Ravens,bovada,player_reception_yds,Jake Ferguson,Over,28.5,-115,2026-09-26T21:15:58Z,2026-09-26 17:16:51.941304
84cfca14efc21363fd605508404cf1ff,2026-09-27T20:25:00Z,Dallas Cowboys,Baltimore Ravens,bovada,player_reception_yds,Jake Ferguson,Under,28.5,-115,2026-09-26T21:15:58Z,2026-09-26 17:16:51.941304
84cfca14efc21363fd605508404cf1ff,2026-09-27T20:25:00Z,Dallas Cowboys,Baltimore Ravens,bovada,player_reception_yds,Javonte Williams,Over,15.5,-120,2026-09-26T21:15:58Z,2026-09-26 17:16:51.941304
84cfca14efc21363fd605508404cf1ff,2026-09-27T20:25:00Z,Dallas Cowboys,Baltimore Ravens,bovada,player_reception_yds,Javonte Williams,Under,15.5,-110,2026-09-26T21:15:58Z,2026-09-26 17:16:51.941304
84cfca14efc21363fd605508404cf1ff,2026-09-27T20:25:00Z,Dallas Cowboys,Baltimore Ravens,bovada,player_reception_yds,Justice Hill,Over,13.5,-115,2026-09-26T21:15:58Z,2026-09-26 17:16:51.941304
84cfca14efc21363fd605508404cf1ff,2026-09-27T20:25:00Z,Dallas Cowboys,Baltimore Ravens,bovada,player_reception_yds,Justice Hill,Under,13.5,-115,2026-09-26T21:15:58Z,2026-09-26 17:16:51.941304
84cfca14efc21363fd605508404cf1ff,2026-09-27T20:25:00Z,Dallas Cowboys,Baltimore Ravens,bovada,player_reception_yds,Mark Andrews,Over,38.5,-115,2026-09-26T21:15:58Z,2026-09-26 17:16:51.941304
84cfca14efc21363fd605508404cf1ff,2026-09-27T20:25:00Z,Dallas Cowboys,Baltimore Ravens,bovada,player_reception_yds,Mark Andrews,Under,38.5,-115,2026-09-26T21:15:58Z,2026-09-26 17:16:51.941304
84cfca14efc21363fd605508404cf1ff,2026-09-27T20:25:00Z,Dallas Cowboys,Baltimore Ravens,bovada,player_reception_yds,Rashod Bateman,Over,44.5,-115,2026-09-26T21:15:58Z,2026-09-26 17:16:51.941304
84cfca14efc21363fd605508404cf1ff,2026-09-27T20:25:00Z,Dallas Cowboys,Baltimore Ravens,bovada,player_reception_yds,Rashod Bateman,Under,44.5,-115,2026-09-26T21:15:58Z,2026-09-26 17:16:51.941304
84cfca14efc21363fd605508404cf1ff,2026-09-27T20:25:00Z,Dallas Cowboys,Baltimore Ravens,bovada,player_reception_yds,Ryan Flournoy,Over,30.5,-110,2026-09-26T21:15:58Z,2026-09-26 17:16:51.941304
84cfca14efc21363fd605508404cf1ff,2026-09-27T20:25:00Z,Dallas Cowboys,Baltimore Ravens,bovada,player_reception_yds,Ryan Flournoy,Under,30.5,-120,2026-09-26T21:15:58Z,2026-09-26 17:16:51.941304
84cfca14efc21363fd605508404cf1ff,2026-09-27T20:25:00Z,Dallas Cowboys,Baltimore Ravens,betrivers,player_reception_yds,Chris Moore,Over,17.5,-114,2026-09-26T21:16:43Z,2026-09-26 17:16:51.941304
84cfca14efc21363fd605508404cf1ff,2026-09-27T20:25:00Z,Dallas Cowboys,Baltimore Ravens,betrivers,player_reception_yds,Chris Moore,Under,17.5,-115,2026-09-26T21:16:43Z,2026-09-26 17:16:51.941304
84cfca14efc21363fd605508404cf1ff,2026-09-27T20:25:00Z,Dallas Cowboys,Baltimore Ravens,betrivers,player_reception_yds,Ryan Flournoy,Over,30.5,-113,2026-09-26T21:16:43Z,2026-09-26 17:16:51.941304
84cfca14efc21363fd605508404cf1ff,2026-09-27T20:25:00Z,Dallas Cowboys,Baltimore Ravens,betrivers,player_reception_yds,Ryan Flournoy,Under,30.5,-118,2026-09-26T21:16:43Z,2026-09-26 17:16:51.941304
84cfca14efc21363fd605508404cf1ff,2026-09-27T20:25:00Z,Dallas Cowboys,Baltimore Ravens,betrivers,player_reception_yds,George Pickens,Over,60.5,-115,2026-09-26T21:16:43Z,2026-09-26 17:16:51.941304
84cfca14efc21363fd605508404cf1ff,2026-09-27T20:25:00Z,Dallas Cowboys,Baltimore Ravens,betrivers,player_reception_yds,George Pickens,Under,60.5,-115,2026-09-26T21:16:43Z,2026-09-26 17:16:51.941304
84cfca14efc21363fd605508404cf1ff,2026-09-27T20:25:00Z,Dallas Cowboys,Baltimore Ravens,betrivers,player_reception_yds,CeeDee Lamb,Over,81.5,-117,2026-09-26T21:16:43Z,2026-09-26 17:16:51.941304
84cfca14efc21363fd605508404cf1ff,2026-09-27T20:25:00Z,Dallas Cowboys,Baltimore Ravens,betrivers,player_reception_yds,CeeDee Lamb,Under,81.5,-114,2026-09-26T21:16:43Z,2026-09-26 17:16:51.941304
84cfca14efc21363fd605508404cf1ff,2026-09-27T20:25:00Z,Dallas Cowboys,Baltimore Ravens,betrivers,player_reception_yds,Justice Hill,Over,14.5,-117,2026-09-26T21:16:43Z,2026-09-26 17:16:51.941304
84cfca14efc21363fd605508404cf1ff,2026-09-27T20:25:00Z,Dallas Cowboys,Baltimore Ravens,betrivers,player_reception_yds,Justice Hill,Under,14.5,-114,2026-09-26T21:16:43Z,2026-09-26 17:16:51.941304
84cfca14efc21363fd605508404cf1ff,2026-09-27T20:25:00Z,Dallas Cowboys,Baltimore Ravens,betrivers,player_reception_yds,Javonte Williams,Over,15.5,-121,2026-09-26T21:16:43Z,2026-09-26 17:16:51.941304
84cfca14efc21363fd605508404cf1ff,2026-09-27T20:25:00Z,Dallas Cowboys,Baltimore Ravens,betrivers,player_reception_yds,Javonte Williams,Under,15.5,-110,2026-09-26T21:16:43Z,2026-09-26 17:16:51.941304
84cfca14efc21363fd605508404cf1ff,2026-09-27T20:25:00Z,Dallas Cowboys,Baltimore Ravens,betrivers,player_reception_yds,Jake Ferguson,Over,27.5,-120,2026-09-26T21:16:43Z,2026-09-26 17:16:51.941304
84cfca14efc21363fd605508404cf1ff,2026-09-27T20:25:00Z,Dallas Cowboys,Baltimore Ravens,betrivers,player_reception_yds,Jake Ferguson,Under,27.5,-112,2026-09-26T21:16:43Z,2026-09-26 17:16:51.941304
84cfca14efc21363fd605508404cf1ff,2026-09-27T20:25:00Z,Dallas Cowboys,Baltimore Ravens,betrivers,player_reception_yds,Derrick Henry,Over,10.5,-115,2026-09-26T21:16:43Z,2026-09-26 17:16:51.941304
84cfca14efc21363fd605508404cf1ff,2026-09-27T20:25:00Z,Dallas Cowboys,Baltimore Ravens,betrivers,player_reception_yds,Derrick Henry,Under,10.5,-115,2026-09-26T21:16:43Z,2026-09-26 17:16:51.941304
84cfca14efc21363fd605508404cf1ff,2026-09-27T20:25:00Z,Dallas Cowboys,Baltimore Ravens,betrivers,player_reception_yds,Mark Andrews,Over,39.5,-117,2026-09-26T21:16:43Z,2026-09-26 17:16:51.941304
84cfca14efc21363fd605508404cf1ff,2026-09-27T20:25:00Z,Dallas Cowboys,Baltimore Ravens,betrivers,player_reception_yds,Mark Andrews,Under,39.5,-114,2026-09-26T21:16:43Z,2026-09-26 17:16:51.941304
84cfca14efc21363fd605508404cf1ff,2026-09-27T20:25:00Z,Dallas Cowboys,Baltimore Ravens,betrivers,player_reception_yds,LaJohntay Wester,Over,17.5,-112,2026-09-26T21:16:43Z,2026-09-26 17:16:51.941304
84cfca14efc21363fd605508404cf1ff,2026-09-27T20:25:00Z,Dallas Cowboys,Baltimore Ravens,betrivers,player_reception_yds,LaJohntay Wester,Under,17.5,-120,2026-09-26T21:16:43Z,2026-09-26 17:16:51.941304
84cfca14efc21363fd605508404cf1ff,2026-09-27T20:25:00Z,Dallas Cowboys,Baltimore Ravens,betrivers,player_reception_yds,Rashod Bateman,Over,45.5,-117,2026-09-26T21:16:43Z,2026-09-26 17:16:51.941304
84cfca14efc21363fd605508404cf1ff,2026-09-27T20:25:00Z,Dallas Cowboys,Baltimore Ravens,betrivers,player_reception_yds,Rashod Bateman,Under,45.5,-114,2026-09-26T21:16:43Z,2026-09-26 17:16:51.941304
84cfca14efc21363fd605508404cf1ff,2026-09-27T20:25:00Z,Dallas Cowboys,Baltimore Ravens,betonlineag,player_reception_yds,Javonte Williams,Over,15.5,-118,2026-09-26T21:16:00Z,2026-09-26 17:16:51.941304
84cfca14efc21363fd605508404cf1ff,2026-09-27T20:25:00Z,Dallas Cowboys,Baltimore Ravens,betonlineag,player_reception_yds,Javonte Williams,Under,15.5,-110,2026-09-26T21:16:00Z,2026-09-26 17:16:51.941304
84cfca14efc21363fd605508404cf1ff,2026-09-27T20:25:00Z,Dallas Cowboys,Baltimore Ravens,betonlineag,player_reception_yds,Jake Ferguson,Over,28.5,-114,2026-09-26T21:16:00Z,2026-09-26 17:16:51.941304
84cfca14efc21363fd605508404cf1ff,2026-09-27T20:25:00Z,Dallas Cowboys,Baltimore Ravens,betonlineag,player_reception_yds,Jake Ferguson,Under,28.5,-114,2026-09-26T21:16:00Z,2026-09-26 17:16:51.941304
84cfca14efc21363fd605508404cf1ff,2026-09-27T20:25:00Z,Dallas Cowboys,Baltimore Ravens,betonlineag,player_reception_yds,CeeDee Lamb,Over,82.5,-115,2026-09-26T21:16:00Z,2026-09-26 17:16:51.941304
84cfca14efc21363fd605508404cf1ff,2026-09-27T20:25:00Z,Dallas Cowboys,Baltimore Ravens,betonlineag,player_reception_yds,CeeDee Lamb,Under,82.5,-112,2026-09-26T21:16:00Z,2026-09-26 17:16:51.941304
84cfca14efc21363fd605508404cf1ff,2026-09-27T20:25:00Z,Dallas Cowboys,Baltimore Ravens,betonlineag,player_reception_yds,Justice Hill,Over,13.5,-115,2026-09-26T21:16:00Z,2026-09-26 17:16:51.941304
84cfca14efc21363fd605508404cf1ff,2026-09-27T20:25:00Z,Dallas Cowboys,Baltimore Ravens,betonlineag,player_reception_yds,Justice Hill,Under,13.5,-112,2026-09-26T21:16:00Z,2026-09-26 17:16:51.941304
84cfca14efc21363fd605508404cf1ff,2026-09-27T20:25:00Z,Dallas Cowboys,Baltimore Ravens,betonlineag,player_reception_yds,Rashod Bateman,Over,44.5,-114,2026-09-26T21:16:00Z,2026-09-26 17:16:51.941304
84cfca14efc21363fd605508404cf1ff,2026-09-27T20:25:00Z,Dallas Cowboys,Baltimore Ravens,betonlineag,player_reception_yds,Rashod Bateman,Under,44.5,-114,2026-09-26T21:16:00Z,2026-09-26 17:16:51.941304
84cfca14efc21363fd605508404cf1ff,2026-09-27T20:25:00Z,Dallas Cowboys,Baltimore Ravens,betonlineag,player_reception_yds,Derrick Henry,Over,10.5,-114,2026-09-26T21:16:00Z,2026-09-26 17:16:51.941304
84cfca14efc21363fd605508404cf1ff,2026-09-27T20:25:00Z,Dallas Cowboys,Baltimore Ravens,betonlineag,player_reception_yds,Derrick Henry,Under,10.5,-114,2026-09-26T21:16:00Z,2026-09-26 17:16:51.941304
84cfca14efc21363fd605508404cf1ff,2026-09-27T20:25:00Z,Dallas Cowboys,Baltimore Ravens,betonlineag,player_reception_yds,Ryan Flournoy,Over,30.5,-111,2026-09-26T21:16:00Z,2026-09-26 17:16:51.941304
84cfca14efc21363fd605508404cf1ff,2026-09-27T20:25:00Z,Dallas Cowboys,Baltimore Ravens,betonlineag,player_reception_yds,Ryan Flournoy,Under,30.5,-116,2026-09-26T21:16:00Z,2026-09-26 17:16:51.941304
84cfca14efc21363fd605508404cf1ff,2026-09-27T20:25:00Z,Dallas Cowboys,Baltimore Ravens,betonlineag,player_reception_yds,Mark Andrews,Over,38.5,-115,2026-09-26T21:16:00Z,2026-09-26 17:16:51.941304
84cfca14efc21363fd605508404cf1ff,2026-09-27T20:25:00Z,Dallas Cowboys,Baltimore Ravens,betonlineag,player_reception_yds,Mark Andrews,Under,38.5,-112,2026-09-26T21:16:00Z,2026-09-26 17:16:51.941304
84cfca14efc21363fd605508404cf1ff,2026-09-27T20:25:00Z,Dallas Cowboys,Baltimore Ravens,betonlineag,player_reception_yds,George Pickens,Over,64.5,-114,2026-09-26T21:16:00Z,2026-09-26 17:16:51.941304
84cfca14efc21363fd605508404cf1ff,2026-09-27T20:25:00Z,Dallas Cowboys,Baltimore Ravens,betonlineag,player_reception_yds,George Pickens,Under,64.5,-114,2026-09-26T21:16:00Z,2026-09-26 17:16:51.941304
2e523fcb0497aa689473e290eb2b97de,2026-09-27T20:25:00Z,New Orleans Saints,Las Vegas Raiders,draftkings,player_reception_yds,Chris Olave,Over,75.5,-114,2026-09-26T21:16:25Z,2026-09-26 17:16:52.555222
2e523fcb0497aa689473e290eb2b97de,2026-09-27T20:25:00Z,New Orleans Saints,Las Vegas Raiders,draftkings,player_reception_yds,Chris Olave,Under,75.5,-110,2026-09-26T21:16:25Z,2026-09-26 17:16:52.555222
2e523fcb0497aa689473e290eb2b97de,2026-09-27T20:25:00Z,New Orleans Saints,Las Vegas Raiders,draftkings,player_reception_yds,Devaughn Vele,Over,48.5,-111,2026-09-26T21:16:25Z,2026-09-26 17:16:52.555222
2e523fcb0497aa689473e290eb2b97de,2026-09-27T20:25:00Z,New Orleans Saints,Las Vegas Raiders,draftkings,player_reception_yds,Devaughn Vele,Under,48.5,-113,2026-09-26T21:16:25Z,2026-09-26 17:16:52.555222
2e523fcb0497aa689473e290eb2b97de,2026-09-27T20:25:00Z,New Orleans Saints,Las Vegas Raiders,draftkings,player_reception_yds,Brock Bowers,Over,47.5,-110,2026-09-26T21:16:25Z,2026-09-26 17:16:52.555222
2e523fcb0497aa689473e290eb2b97de,2026-09-27T20:25:00Z,New Orleans Saints,Las Vegas Raiders,draftkings,player_reception_yds,Brock Bowers,Under,47.5,-114,2026-09-26T21:16:25Z,2026-09-26 17:16:52.555222
2e523fcb0497aa689473e290eb2b97de,2026-09-27T20:25:00Z,New Orleans Saints,Las Vegas Raiders,draftkings,player_reception_yds,Tre Tucker,Over,41.5,-111,2026-09-26T21:16:25Z,2026-09-26 17:16:52.555222
2e523fcb0497aa689473e290eb2b97de,2026-09-27T20:25:00Z,New Orleans Saints,Las Vegas Raiders,draftkings,player_reception_yds,Tre Tucker,Under,41.5,-113,2026-09-26T21:16:25Z,2026-09-26 17:16:52.555222
2e523fcb0497aa689473e290eb2b97de,2026-09-27T20:25:00Z,New Orleans Saints,Las Vegas Raiders,draftkings,player_reception_yds,Juwan Johnson,Over,35.5,-114,2026-09-26T21:16:25Z,2026-09-26 17:16:52.555222
2e523fcb0497aa689473e290eb2b97de,2026-09-27T20:25:00Z,New Orleans Saints,Las Vegas Raiders,draftkings,player_reception_yds,Juwan Johnson,Under,35.5,-110,2026-09-26T21:16:25Z,2026-09-26 17:16:52.555222
2e523fcb0497aa689473e290eb2b97de,2026-09-27T20:25:00Z,New Orleans Saints,Las Vegas Raiders,draftkings,player_reception_yds,Jalen Nailor,Over,24.5,-113,2026-09-26T21:16:25Z,2026-09-26 17:16:52.555222
2e523fcb0497aa689473e290eb2b97de,2026-09-27T20:25:00Z,New Orleans Saints,Las Vegas Raiders,draftkings,player_reception_yds,Jalen Nailor,Under,24.5,-111,2026-09-26T21:16:25Z,2026-09-26 17:16:52.555222
2e523fcb0497aa689473e290eb2b97de,2026-09-27T20:25:00Z,New Orleans Saints,Las Vegas Raiders,draftkings,player_reception_yds,Ashton Jeanty,Over,22.5,-115,2026-09-26T21:16:25Z,2026-09-26 17:16:52.555222
2e523fcb0497aa689473e290eb2b97de,2026-09-27T20:25:00Z,New Orleans Saints,Las Vegas Raiders,draftkings,player_reception_yds,Ashton Jeanty,Under,22.5,-109,2026-09-26T21:16:25Z,2026-09-26 17:16:52.555222
2e523fcb0497aa689473e290eb2b97de,2026-09-27T20:25:00Z,New Orleans Saints,Las Vegas Raiders,draftkings,player_reception_yds,Bryce Lance,Over,16.5,-109,2026-09-26T21:16:25Z,2026-09-26 17:16:52.555222
2e523fcb0497aa689473e290eb2b97de,2026-09-27T20:25:00Z,New Orleans Saints,Las Vegas Raiders,draftkings,player_reception_yds,Bryce Lance,Under,16.5,-115,2026-09-26T21:16:25Z,2026-09-26 17:16:52.555222
2e523fcb0497aa689473e290eb2b97de,2026-09-27T20:25:00Z,New Orleans Saints,Las Vegas Raiders,draftkings,player_reception_yds,Alvin Kamara,Over,14.5,-115,2026-09-26T21:16:25Z,2026-09-26 17:16:52.555222
2e523fcb0497aa689473e290eb2b97de,2026-09-27T20:25:00Z,New Orleans Saints,Las Vegas Raiders,draftkings,player_reception_yds,Alvin Kamara,Under,14.5,-109,2026-09-26T21:16:25Z,2026-09-26 17:16:52.555222
2e523fcb0497aa689473e290eb2b97de,2026-09-27T20:25:00Z,New Orleans Saints,Las Vegas Raiders,draftkings,player_reception_yds,Travis Etienne Jr.,Over,8.5,-113,2026-09-26T21:16:25Z,2026-09-26 17:16:52.555222
2e523fcb0497aa689473e290eb2b97de,2026-09-27T20:25:00Z,New Orleans Saints,Las Vegas Raiders,draftkings,player_reception_yds,Travis Etienne Jr.,Under,8.5,-111,2026-09-26T21:16:25Z,2026-09-26 17:16:52.555222
2e523fcb0497aa689473e290eb2b97de,2026-09-27T20:25:00Z,New Orleans Saints,Las Vegas Raiders,fanduel,player_reception_yds,Ashton Jeanty,Over,22.5,-113,2026-09-26T21:16:52Z,2026-09-26 17:16:52.555222
2e523fcb0497aa689473e290eb2b97de,2026-09-27T20:25:00Z,New Orleans Saints,Las Vegas Raiders,fanduel,player_reception_yds,Ashton Jeanty,Under,22.5,-113,2026-09-26T21:16:52Z,2026-09-26 17:16:52.555222
2e523fcb0497aa689473e290eb2b97de,2026-09-27T20:25:00Z,New Orleans Saints,Las Vegas Raiders,fanduel,player_reception_yds,Brock Bowers,Over,46.5,-113,2026-09-26T21:16:52Z,2026-09-26 17:16:52.555222
2e523fcb0497aa689473e290eb2b97de,2026-09-27T20:25:00Z,New Orleans Saints,Las Vegas Raiders,fanduel,player_reception_yds,Brock Bowers,Under,46.5,-113,2026-09-26T21:16:52Z,2026-09-26 17:16:52.555222
2e523fcb0497aa689473e290eb2b97de,2026-09-27T20:25:00Z,New Orleans Saints,Las Vegas Raiders,fanduel,player_reception_yds,Noah Fant,Over,12.5,-113,2026-09-26T21:16:52Z,2026-09-26 17:16:52.555222
2e523fcb0497aa689473e290eb2b97de,2026-09-27T20:25:00Z,New Orleans Saints,Las Vegas Raiders,fanduel,player_reception_yds,Noah Fant,Under,12.5,-113,2026-09-26T21:16:52Z,2026-09-26 17:16:52.555222
2e523fcb0497aa689473e290eb2b97de,2026-09-27T20:25:00Z,New Orleans Saints,Las Vegas Raiders,fanduel,player_reception_yds,Devaughn Vele,Over,48.5,-113,2026-09-26T21:16:52Z,2026-09-26 17:16:52.555222
2e523fcb0497aa689473e290eb2b97de,2026-09-27T20:25:00Z,New Orleans Saints,Las Vegas Raiders,fanduel,player_reception_yds,Devaughn Vele,Under,48.5,-113,2026-09-26T21:16:52Z,2026-09-26 17:16:52.555222
2e523fcb0497aa689473e290eb2b97de,2026-09-27T20:25:00Z,New Orleans Saints,Las Vegas Raiders,fanduel,player_reception_yds,Juwan Johnson,Over,35.5,-113,2026-09-26T21:16:52Z,2026-09-26 17:16:52.555222
2e523fcb0497aa689473e290eb2b97de,2026-09-27T20:25:00Z,New Orleans Saints,Las Vegas Raiders,fanduel,player_reception_yds,Juwan Johnson,Under,35.5,-113,2026-09-26T21:16:52Z,2026-09-26 17:16:52.555222
2e523fcb0497aa689473e290eb2b97de,2026-09-27T20:25:00Z,New Orleans Saints,Las Vegas Raiders,fanduel,player_reception_yds,Tre Tucker,Over,43.5,-113,2026-09-26T21:16:52Z,2026-09-26 17:16:52.555222
2e523fcb0497aa689473e290eb2b97de,2026-09-27T20:25:00Z,New Orleans Saints,Las Vegas Raiders,fanduel,player_reception_yds,Tre Tucker,Under,43.5,-113,2026-09-26T21:16:52Z,2026-09-26 17:16:52.555222
2e523fcb0497aa689473e290eb2b97de,2026-09-27T20:25:00Z,New Orleans Saints,Las Vegas Raiders,fanduel,player_reception_yds,Alvin Kamara,Over,14.5,-113,2026-09-26T21:16:52Z,2026-09-26 17:16:52.555222
2e523fcb0497aa689473e290eb2b97de,2026-09-27T20:25:00Z,New Orleans Saints,Las Vegas Raiders,fanduel,player_reception_yds,Alvin Kamara,Under,14.5,-113,2026-09-26T21:16:52Z,2026-09-26 17:16:52.555222
2e523fcb0497aa689473e290eb2b97de,2026-09-27T20:25:00Z,New Orleans Saints,Las Vegas Raiders,fanduel,player_reception_yds,Travis Etienne Jr.,Over,8.5,-113,2026-09-26T21:16:52Z,2026-09-26 17:16:52.555222
2e523fcb0497aa689473e290eb2b97de,2026-09-27T20:25:00Z,New Orleans Saints,Las Vegas Raiders,fanduel,player_reception_yds,Travis Etienne Jr.,Under,8.5,-113,2026-09-26T21:16:52Z,2026-09-26 17:16:52.555222
2e523fcb0497aa689473e290eb2b97de,2026-09-27T20:25:00Z,New Orleans Saints,Las Vegas Raiders,fanduel,player_reception_yds,Chris Olave,Over,76.5,-113,2026-09-26T21:16:52Z,2026-09-26 17:16:52.555222
2e523fcb0497aa689473e290eb2b97de,2026-09-27T20:25:00Z,New Orleans Saints,Las Vegas Raiders,fanduel,player_reception_yds,Chris Olave,Under,76.5,-113,2026-09-26T21:16:52Z,2026-09-26 17:16:52.555222
2e523fcb0497aa689473e290eb2b97de,2026-09-27T20:25:00Z,New Orleans Saints,Las Vegas Raiders,fanduel,player_reception_yds,Jalen Nailor,Over,24.5,-113,2026-09-26T21:16:52Z,2026-09-26 17:16:52.555222
2e523fcb0497aa689473e290eb2b97de,2026-09-27T20:25:00Z,New Orleans Saints,Las Vegas Raiders,fanduel,player_reception_yds,Jalen Nailor,Under,24.5,-113,2026-09-26T21:16:52Z,2026-09-26 17:16:52.555222
2e523fcb0497aa689473e290eb2b97de,2026-09-27T20:25:00Z,New Orleans Saints,Las Vegas Raiders,betrivers,player_reception_yds,Jalen Nailor,Over,25.5,-113,2026-09-26T21:16:30Z,2026-09-26 17:16:52.555222
2e523fcb0497aa689473e290eb2b97de,2026-09-27T20:25:00Z,New Orleans Saints,Las Vegas Raiders,betrivers,player_reception_yds,Jalen Nailor,Under,25.5,-118,2026-09-26T21:16:30Z,2026-09-26 17:16:52.555222
2e523fcb0497aa689473e290eb2b97de,2026-09-27T20:25:00Z,New Orleans Saints,Las Vegas Raiders,betrivers,player_reception_yds,Devaughn Vele,Over,46.5,-114,2026-09-26T21:16:30Z,2026-09-26 17:16:52.555222
2e523fcb0497aa689473e290eb2b97de,2026-09-27T20:25:00Z,New Orleans Saints,Las Vegas Raiders,betrivers,player_reception_yds,Devaughn Vele,Under,46.5,-117,2026-09-26T21:16:30Z,2026-09-26 17:16:52.555222
2e523fcb0497aa689473e290eb2b97de,2026-09-27T20:25:00Z,New Orleans Saints,Las Vegas Raiders,betrivers,player_reception_yds,Tre Tucker,Over,43.5,-115,2026-09-26T21:16:30Z,2026-09-26 17:16:52.555222
2e523fcb0497aa689473e290eb2b97de,2026-09-27T20:25:00Z,New Orleans Saints,Las Vegas Raiders,betrivers,player_reception_yds,Tre Tucker,Under,43.5,-114,2026-09-26T21:16:30Z,2026-09-26 17:16:52.555222
2e523fcb0497aa689473e290eb2b97de,2026-09-27T20:25:00Z,New Orleans Saints,Las Vegas Raiders,betrivers,player_reception_yds,Brock Bowers,Over,48.5,-115,2026-09-26T21:16:30Z,2026-09-26 17:16:52.555222
2e523fcb0497aa689473e290eb2b97de,2026-09-27T20:25:00Z,New Orleans Saints,Las Vegas Raiders,betrivers,player_reception_yds,Brock Bowers,Under,48.5,-115,2026-09-26T21:16:30Z,2026-09-26 17:16:52.555222
2e523fcb0497aa689473e290eb2b97de,2026-09-27T20:25:00Z,New Orleans Saints,Las Vegas Raiders,betrivers,player_reception_yds,Alvin Kamara,Over,14.5,-122,2026-09-26T21:16:30Z,2026-09-26 17:16:52.555222
2e523fcb0497aa689473e290eb2b97de,2026-09-27T20:25:00Z,New Orleans Saints,Las Vegas Raiders,betrivers,player_reception_yds,Alvin Kamara,Under,14.5,-109,2026-09-26T21:16:30Z,2026-09-26 17:16:52.555222
2e523fcb0497aa689473e290eb2b97de,2026-09-27T20:25:00Z,New Orleans Saints,Las Vegas Raiders,betrivers,player_reception_yds,Ashton Jeanty,Over,22.5,-120,2026-09-26T21:16:30Z,2026-09-26 17:16:52.555222
2e523fcb0497aa689473e290eb2b97de,2026-09-27T20:25:00Z,New Orleans Saints,Las Vegas Raiders,betrivers,player_reception_yds,Ashton Jeanty,Under,22.5,-112,2026-09-26T21:16:30Z,2026-09-26 17:16:52.555222
2e523fcb0497aa689473e290eb2b97de,2026-09-27T20:25:00Z,New Orleans Saints,Las Vegas Raiders,betrivers,player_reception_yds,Chris Olave,Over,75.5,-113,2026-09-26T21:16:30Z,2026-09-26 17:16:52.555222
2e523fcb0497aa689473e290eb2b97de,2026-09-27T20:25:00Z,New Orleans Saints,Las Vegas Raiders,betrivers,player_reception_yds,Chris Olave,Under,75.5,-117,2026-09-26T21:16:30Z,2026-09-26 17:16:52.555222
2e523fcb0497aa689473e290eb2b97de,2026-09-27T20:25:00Z,New Orleans Saints,Las Vegas Raiders,betrivers,player_reception_yds,Travis Etienne Jr.,Over,9.5,-114,2026-09-26T21:16:30Z,2026-09-26 17:16:52.555222
2e523fcb0497aa689473e290eb2b97de,2026-09-27T20:25:00Z,New Orleans Saints,Las Vegas Raiders,betrivers,player_reception_yds,Travis Etienne Jr.,Under,9.5,-117,2026-09-26T21:16:30Z,2026-09-26 17:16:52.555222
2e523fcb0497aa689473e290eb2b97de,2026-09-27T20:25:00Z,New Orleans Saints,Las Vegas Raiders,betrivers,player_reception_yds,Juwan Johnson,Over,35.5,-113,2026-09-26T21:16:30Z,2026-09-26 17:16:52.555222
2e523fcb0497aa689473e290eb2b97de,2026-09-27T20:25:00Z,New Orleans Saints,Las Vegas Raiders,betrivers,player_reception_yds,Juwan Johnson,Under,35.5,-118,2026-09-26T21:16:30Z,2026-09-26 17:16:52.555222
2e523fcb0497aa689473e290eb2b97de,2026-09-27T20:25:00Z,New Orleans Saints,Las Vegas Raiders,betonlineag,player_reception_yds,Devaughn Vele,Over,48.5,-114,2026-09-26T21:16:13Z,2026-09-26 17:16:52.555222
2e523fcb0497aa689473e290eb2b97de,2026-09-27T20:25:00Z,New Orleans Saints,Las Vegas Raiders,betonlineag,player_reception_yds,Devaughn Vele,Under,48.5,-114,2026-09-26T21:16:13Z,2026-09-26 17:16:52.555222
2e523fcb0497aa689473e290eb2b97de,2026-09-27T20:25:00Z,New Orleans Saints,Las Vegas Raiders,betonlineag,player_reception_yds,Juwan Johnson,Over,35.5,-116,2026-09-26T21:16:13Z,2026-09-26 17:16:52.555222
2e523fcb0497aa689473e290eb2b97de,2026-09-27T20:25:00Z,New Orleans Saints,Las Vegas Raiders,betonlineag,player_reception_yds,Juwan Johnson,Under,35.5,-111,2026-09-26T21:16:13Z,2026-09-26 17:16:52.555222
2e523fcb0497aa689473e290eb2b97de,2026-09-27T20:25:00Z,New Orleans Saints,Las Vegas Raiders,betonlineag,player_reception_yds,Brock Bowers,Over,46.5,-112,2026-09-26T21:16:13Z,2026-09-26 17:16:52.555222
2e523fcb0497aa689473e290eb2b97de,2026-09-27T20:25:00Z,New Orleans Saints,Las Vegas Raiders,betonlineag,player_reception_yds,Brock Bowers,Under,46.5,-115,2026-09-26T21:16:13Z,2026-09-26 17:16:52.555222
2e523fcb0497aa689473e290eb2b97de,2026-09-27T20:25:00Z,New Orleans Saints,Las Vegas Raiders,betonlineag,player_reception_yds,Ashton Jeanty,Over,22.5,-116,2026-09-26T21:16:13Z,2026-09-26 17:16:52.555222
2e523fcb0497aa689473e290eb2b97de,2026-09-27T20:25:00Z,New Orleans Saints,Las Vegas Raiders,betonlineag,player_reception_yds,Ashton Jeanty,Under,22.5,-111,2026-09-26T21:16:13Z,2026-09-26 17:16:52.555222
2e523fcb0497aa689473e290eb2b97de,2026-09-27T20:25:00Z,New Orleans Saints,Las Vegas Raiders,betonlineag,player_reception_yds,Alvin Kamara,Over,14.5,-116,2026-09-26T21:16:13Z,2026-09-26 17:16:52.555222
2e523fcb0497aa689473e290eb2b97de,2026-09-27T20:25:00Z,New Orleans Saints,Las Vegas Raiders,betonlineag,player_reception_yds,Alvin Kamara,Under,14.5,-111,2026-09-26T21:16:13Z,2026-09-26 17:16:52.555222
2e523fcb0497aa689473e290eb2b97de,2026-09-27T20:25:00Z,New Orleans Saints,Las Vegas Raiders,betonlineag,player_reception_yds,Travis Etienne Jr.,Over,8.5,-115,2026-09-26T21:16:13Z,2026-09-26 17:16:52.555222
2e523fcb0497aa689473e290eb2b97de,2026-09-27T20:25:00Z,New Orleans Saints,Las Vegas Raiders,betonlineag,player_reception_yds,Travis Etienne Jr.,Under,8.5,-112,2026-09-26T21:16:13Z,2026-09-26 17:16:52.555222
2e523fcb0497aa689473e290eb2b97de,2026-09-27T20:25:00Z,New Orleans Saints,Las Vegas Raiders,betonlineag,player_reception_yds,Jalen Nailor,Over,24.5,-115,2026-09-26T21:16:13Z,2026-09-26 17:16:52.555222
2e523fcb0497aa689473e290eb2b97de,2026-09-27T20:25:00Z,New Orleans Saints,Las Vegas Raiders,betonlineag,player_reception_yds,Jalen Nailor,Under,24.5,-112,2026-09-26T21:16:13Z,2026-09-26 17:16:52.555222
2e523fcb0497aa689473e290eb2b97de,2026-09-27T20:25:00Z,New Orleans Saints,Las Vegas Raiders,betonlineag,player_reception_yds,Bryce Lance,Over,16.5,-111,2026-09-26T21:16:13Z,2026-09-26 17:16:52.555222
2e523fcb0497aa689473e290eb2b97de,2026-09-27T20:25:00Z,New Orleans Saints,Las Vegas Raiders,betonlineag,player_reception_yds,Bryce Lance,Under,16.5,-116,2026-09-26T21:16:13Z,2026-09-26 17:16:52.555222
2e523fcb0497aa689473e290eb2b97de,2026-09-27T20:25:00Z,New Orleans Saints,Las Vegas Raiders,betonlineag,player_reception_yds,Tre Tucker,Over,41.5,-112,2026-09-26T21:16:13Z,2026-09-26 17:16:52.555222
2e523fcb0497aa689473e290eb2b97de,2026-09-27T20:25:00Z,New Orleans Saints,Las Vegas Raiders,betonlineag,player_reception_yds,Tre Tucker,Under,41.5,-115,2026-09-26T21:16:13Z,2026-09-26 17:16:52.555222
2e523fcb0497aa689473e290eb2b97de,2026-09-27T20:25:00Z,New Orleans Saints,Las Vegas Raiders,betonlineag,player_reception_yds,Chris Olave,Over,75.5,-114,2026-09-26T21:16:13Z,2026-09-26 17:16:52.555222
2e523fcb0497aa689473e290eb2b97de,2026-09-27T20:25:00Z,New Orleans Saints,Las Vegas Raiders,betonlineag,player_reception_yds,Chris Olave,Under,75.5,-114,2026-09-26T21:16:13Z,2026-09-26 17:16:52.555222
2e523fcb0497aa689473e290eb2b97de,2026-09-27T20:25:00Z,New Orleans Saints,Las Vegas Raiders,betmgm,player_reception_yds,Chris Olave,Over,75.5,-115,2026-09-26T21:15:52Z,2026-09-26 17:16:52.555222
2e523fcb0497aa689473e290eb2b97de,2026-09-27T20:25:00Z,New Orleans Saints,Las Vegas Raiders,betmgm,player_reception_yds,Chris Olave,Under,75.5,-115,2026-09-26T21:15:52Z,2026-09-26 17:16:52.555222
2e523fcb0497aa689473e290eb2b97de,2026-09-27T20:25:00Z,New Orleans Saints,Las Vegas Raiders,betmgm,player_reception_yds,Devaughn Vele,Over,48.5,-115,2026-09-26T21:15:52Z,2026-09-26 17:16:52.555222
2e523fcb0497aa689473e290eb2b97de,2026-09-27T20:25:00Z,New Orleans Saints,Las Vegas Raiders,betmgm,player_reception_yds,Devaughn Vele,Under,48.5,-115,2026-09-26T21:15:52Z,2026-09-26 17:16:52.555222
2e523fcb0497aa689473e290eb2b97de,2026-09-27T20:25:00Z,New Orleans Saints,Las Vegas Raiders,betmgm,player_reception_yds,Juwan Johnson,Over,35.5,-120,2026-09-26T21:15:52Z,2026-09-26 17:16:52.555222
2e523fcb0497aa689473e290eb2b97de,2026-09-27T20:25:00Z,New Orleans Saints,Las Vegas Raiders,betmgm,player_reception_yds,Juwan Johnson,Under,35.5,-111,2026-09-26T21:15:52Z,2026-09-26 17:16:52.555222
2e523fcb0497aa689473e290eb2b97de,2026-09-27T20:25:00Z,New Orleans Saints,Las Vegas Raiders,betmgm,player_reception_yds,Tre Tucker,Over,41.5,-115,2026-09-26T21:15:52Z,2026-09-26 17:16:52.555222
2e523fcb0497aa689473e290eb2b97de,2026-09-27T20:25:00Z,New Orleans Saints,Las Vegas Raiders,betmgm,player_reception_yds,Tre Tucker,Under,41.5,-115,2026-09-26T21:15:52Z,2026-09-26 17:16:52.555222
2e523fcb0497aa689473e290eb2b97de,2026-09-27T20:25:00Z,New Orleans Saints,Las Vegas Raiders,bovada,player_reception_yds,Alvin Kamara,Over,14.5,-120,2026-09-26T21:15:03Z,2026-09-26 17:16:52.555222
2e523fcb0497aa689473e290eb2b97de,2026-09-27T20:25:00Z,New Orleans Saints,Las Vegas Raiders,bovada,player_reception_yds,Alvin Kamara,Under,14.5,-110,2026-09-26T21:15:03Z,2026-09-26 17:16:52.555222
2e523fcb0497aa689473e290eb2b97de,2026-09-27T20:25:00Z,New Orleans Saints,Las Vegas Raiders,bovada,player_reception_yds,Ashton Jeanty,Over,22.5,-120,2026-09-26T21:15:03Z,2026-09-26 17:16:52.555222
2e523fcb0497aa689473e290eb2b97de,2026-09-27T20:25:00Z,New Orleans Saints,Las Vegas Raiders,bovada,player_reception_yds,Ashton Jeanty,Under,22.5,-110,2026-09-26T21:15:03Z,2026-09-26 17:16:52.555222
2e523fcb0497aa689473e290eb2b97de,2026-09-27T20:25:00Z,New Orleans Saints,Las Vegas Raiders,bovada,player_reception_yds,Brock Bowers,Over,47.5,-115,2026-09-26T21:15:03Z,2026-09-26 17:16:52.555222
2e523fcb0497aa689473e290eb2b97de,2026-09-27T20:25:00Z,New Orleans Saints,Las Vegas Raiders,bovada,player_reception_yds,Brock Bowers,Under,47.5,-115,2026-09-26T21:15:03Z,2026-09-26 17:16:52.555222
2e523fcb0497aa689473e290eb2b97de,2026-09-27T20:25:00Z,New Orleans Saints,Las Vegas Raiders,bovada,player_reception_yds,Bryce Lance,Over,16.5,-110,2026-09-26T21:15:03Z,2026-09-26 17:16:52.555222
2e523fcb0497aa689473e290eb2b97de,2026-09-27T20:25:00Z,New Orleans Saints,Las Vegas Raiders,bovada,player_reception_yds,Bryce Lance,Under,16.5,-120,2026-09-26T21:15:03Z,2026-09-26 17:16:52.555222
2e523fcb0497aa689473e290eb2b97de,2026-09-27T20:25:00Z,New Orleans Saints,Las Vegas Raiders,bovada,player_reception_yds,Chris Olave,Over,75.5,-115,2026-09-26T21:15:03Z,2026-09-26 17:16:52.555222
2e523fcb0497aa689473e290eb2b97de,2026-09-27T20:25:00Z,New Orleans Saints,Las Vegas Raiders,bovada,player_reception_yds,Chris Olave,Under,75.5,-115,2026-09-26T21:15:03Z,2026-09-26 17:16:52.555222
2e523fcb0497aa689473e290eb2b97de,2026-09-27T20:25:00Z,New Orleans Saints,Las Vegas Raiders,bovada,player_reception_yds,Devaughn Vele,Over,48.5,-115,2026-09-26T21:15:03Z,2026-09-26 17:16:52.555222
2e523fcb0497aa689473e290eb2b97de,2026-09-27T20:25:00Z,New Orleans Saints,Las Vegas Raiders,bovada,player_reception_yds,Devaughn Vele,Under,48.5,-115,2026-09-26T21:15:03Z,2026-09-26 17:16:52.555222
2e523fcb0497aa689473e290eb2b97de,2026-09-27T20:25:00Z,New Orleans Saints,Las Vegas Raiders,bovada,player_reception_yds,Jalen Nailor,Over,24.5,-115,2026-09-26T21:15:03Z,2026-09-26 17:16:52.555222
2e523fcb0497aa689473e290eb2b97de,2026-09-27T20:25:00Z,New Orleans Saints,Las Vegas Raiders,bovada,player_reception_yds,Jalen Nailor,Under,24.5,-115,2026-09-26T21:15:03Z,2026-09-26 17:16:52.555222
2e523fcb0497aa689473e290eb2b97de,2026-09-27T20:25:00Z,New Orleans Saints,Las Vegas Raiders,bovada,player_reception_yds,Juwan Johnson,Over,35.5,-115,2026-09-26T21:15:03Z,2026-09-26 17:16:52.555222
2e523fcb0497aa689473e290eb2b97de,2026-09-27T20:25:00Z,New Orleans Saints,Las Vegas Raiders,bovada,player_reception_yds,Juwan Johnson,Under,35.5,-115,2026-09-26T21:15:03Z,2026-09-26 17:16:52.555222
2e523fcb0497aa689473e290eb2b97de,2026-09-27T20:25:00Z,New Orleans Saints,Las Vegas Raiders,bovada,player_reception_yds,Travis Etienne Jr.,Over,8.5,-115,2026-09-26T21:15:03Z,2026-09-26 17:16:52.555222
2e523fcb0497aa689473e290eb2b97de,2026-09-27T20:25:00Z,New Orleans Saints,Las Vegas Raiders,bovada,player_reception_yds,Travis Etienne Jr.,Under,8.5,-115,2026-09-26T21:15:03Z,2026-09-26 17:16:52.555222
2e523fcb0497aa689473e290eb2b97de,2026-09-27T20:25:00Z,New Orleans Saints,Las Vegas Raiders,bovada,player_reception_yds,Tre Tucker,Over,41.5,-115,2026-09-26T21:15:03Z,2026-09-26 17:16:52.555222
2e523fcb0497aa689473e290eb2b97de,2026-09-27T20:25:00Z,New Orleans Saints,Las Vegas Raiders,bovada,player_reception_yds,Tre Tucker,Under,41.5,-115,2026-09-26T21:15:03Z,2026-09-26 17:16:52.555222
3bfd8bfb4b8e9a365a0877879b73b16b,2026-09-28T00:20:00Z,Denver Broncos,Los Angeles Rams,draftkings,player_reception_yds,Davante Adams,Over,70.5,-112,2026-09-26T21:16:07Z,2026-09-26 17:16:53.181802
3bfd8bfb4b8e9a365a0877879b73b16b,2026-09-28T00:20:00Z,Denver Broncos,Los Angeles Rams,draftkings,player_reception_yds,Davante Adams,Under,70.5,-112,2026-09-26T21:16:07Z,2026-09-26 17:16:53.181802
3bfd8bfb4b8e9a365a0877879b73b16b,2026-09-28T00:20:00Z,Denver Broncos,Los Angeles Rams,draftkings,player_reception_yds,Jaylen Waddle,Over,60.5,-111,2026-09-26T21:16:07Z,2026-09-26 17:16:53.181802
3bfd8bfb4b8e9a365a0877879b73b16b,2026-09-28T00:20:00Z,Denver Broncos,Los Angeles Rams,draftkings,player_reception_yds,Jaylen Waddle,Under,60.5,-113,2026-09-26T21:16:07Z,2026-09-26 17:16:53.181802
3bfd8bfb4b8e9a365a0877879b73b16b,2026-09-28T00:20:00Z,Denver Broncos,Los Angeles Rams,draftkings,player_reception_yds,Terrance Ferguson,Over,51.5,-110,2026-09-26T21:16:07Z,2026-09-26 17:16:53.181802
3bfd8bfb4b8e9a365a0877879b73b16b,2026-09-28T00:20:00Z,Denver Broncos,Los Angeles Rams,draftkings,player_reception_yds,Terrance Ferguson,Under,51.5,-114,2026-09-26T21:16:07Z,2026-09-26 17:16:53.181802
3bfd8bfb4b8e9a365a0877879b73b16b,2026-09-28T00:20:00Z,Denver Broncos,Los Angeles Rams,draftkings,player_reception_yds,Courtland Sutton,Over,35.5,-112,2026-09-26T21:16:07Z,2026-09-26 17:16:53.181802
3bfd8bfb4b8e9a365a0877879b73b16b,2026-09-28T00:20:00Z,Denver Broncos,Los Angeles Rams,draftkings,player_reception_yds,Courtland Sutton,Under,35.5,-112,2026-09-26T21:16:07Z,2026-09-26 17:16:53.181802
3bfd8bfb4b8e9a365a0877879b73b16b,2026-09-28T00:20:00Z,Denver Broncos,Los Angeles Rams,draftkings,player_reception_yds,Pat Bryant,Over,26.5,-114,2026-09-26T21:16:07Z,2026-09-26 17:16:53.181802
3bfd8bfb4b8e9a365a0877879b73b16b,2026-09-28T00:20:00Z,Denver Broncos,Los Angeles Rams,draftkings,player_reception_yds,Pat Bryant,Under,26.5,-110,2026-09-26T21:16:07Z,2026-09-26 17:16:53.181802
3bfd8bfb4b8e9a365a0877879b73b16b,2026-09-28T00:20:00Z,Denver Broncos,Los Angeles Rams,draftkings,player_reception_yds,Evan Engram,Over,21.5,-110,2026-09-26T21:16:07Z,2026-09-26 17:16:53.181802
3bfd8bfb4b8e9a365a0877879b73b16b,2026-09-28T00:20:00Z,Denver Broncos,Los Angeles Rams,draftkings,player_reception_yds,Evan Engram,Under,21.5,-114,2026-09-26T21:16:07Z,2026-09-26 17:16:53.181802
3bfd8bfb4b8e9a365a0877879b73b16b,2026-09-28T00:20:00Z,Denver Broncos,Los Angeles Rams,draftkings,player_reception_yds,RJ Harvey,Over,18.5,-109,2026-09-26T21:16:07Z,2026-09-26 17:16:53.181802
3bfd8bfb4b8e9a365a0877879b73b16b,2026-09-28T00:20:00Z,Denver Broncos,Los Angeles Rams,draftkings,player_reception_yds,RJ Harvey,Under,18.5,-115,2026-09-26T21:16:07Z,2026-09-26 17:16:53.181802
3bfd8bfb4b8e9a365a0877879b73b16b,2026-09-28T00:20:00Z,Denver Broncos,Los Angeles Rams,draftkings,player_reception_yds,Kyren Williams,Over,12.5,-116,2026-09-26T21:16:07Z,2026-09-26 17:16:53.181802
3bfd8bfb4b8e9a365a0877879b73b16b,2026-09-28T00:20:00Z,Denver Broncos,Los Angeles Rams,draftkings,player_reception_yds,Kyren Williams,Under,12.5,-108,2026-09-26T21:16:07Z,2026-09-26 17:16:53.181802
3bfd8bfb4b8e9a365a0877879b73b16b,2026-09-28T00:20:00Z,Denver Broncos,Los Angeles Rams,draftkings,player_reception_yds,Adam Trautman,Over,7.5,-117,2026-09-26T21:16:07Z,2026-09-26 17:16:53.181802
3bfd8bfb4b8e9a365a0877879b73b16b,2026-09-28T00:20:00Z,Denver Broncos,Los Angeles Rams,draftkings,player_reception_yds,Adam Trautman,Under,7.5,-107,2026-09-26T21:16:07Z,2026-09-26 17:16:53.181802
3bfd8bfb4b8e9a365a0877879b73b16b,2026-09-28T00:20:00Z,Denver Broncos,Los Angeles Rams,fanduel,player_reception_yds,Jaylen Waddle,Over,59.5,-114,2026-09-26T21:16:48Z,2026-09-26 17:16:53.181802
3bfd8bfb4b8e9a365a0877879b73b16b,2026-09-28T00:20:00Z,Denver Broncos,Los Angeles Rams,fanduel,player_reception_yds,Jaylen Waddle,Under,59.5,-114,2026-09-26T21:16:48Z,2026-09-26 17:16:53.181802
3bfd8bfb4b8e9a365a0877879b73b16b,2026-09-28T00:20:00Z,Denver Broncos,Los Angeles Rams,fanduel,player_reception_yds,Courtland Sutton,Over,36.5,-114,2026-09-26T21:16:48Z,2026-09-26 17:16:53.181802
3bfd8bfb4b8e9a365a0877879b73b16b,2026-09-28T00:20:00Z,Denver Broncos,Los Angeles Rams,fanduel,player_reception_yds,Courtland Sutton,Under,36.5,-114,2026-09-26T21:16:48Z,2026-09-26 17:16:53.181802
3bfd8bfb4b8e9a365a0877879b73b16b,2026-09-28T00:20:00Z,Denver Broncos,Los Angeles Rams,fanduel,player_reception_yds,Terrance Ferguson,Over,50.5,-114,2026-09-26T21:16:48Z,2026-09-26 17:16:53.181802
3bfd8bfb4b8e9a365a0877879b73b16b,2026-09-28T00:20:00Z,Denver Broncos,Los Angeles Rams,fanduel,player_reception_yds,Terrance Ferguson,Under,50.5,-114,2026-09-26T21:16:48Z,2026-09-26 17:16:53.181802
3bfd8bfb4b8e9a365a0877879b73b16b,2026-09-28T00:20:00Z,Denver Broncos,Los Angeles Rams,fanduel,player_reception_yds,RJ Harvey,Over,17.5,-114,2026-09-26T21:16:48Z,2026-09-26 17:16:53.181802
3bfd8bfb4b8e9a365a0877879b73b16b,2026-09-28T00:20:00Z,Denver Broncos,Los Angeles Rams,fanduel,player_reception_yds,RJ Harvey,Under,17.5,-114,2026-09-26T21:16:48Z,2026-09-26 17:16:53.181802
3bfd8bfb4b8e9a365a0877879b73b16b,2026-09-28T00:20:00Z,Denver Broncos,Los Angeles Rams,fanduel,player_reception_yds,Evan Engram,Over,21.5,-114,2026-09-26T21:16:48Z,2026-09-26 17:16:53.181802
3bfd8bfb4b8e9a365a0877879b73b16b,2026-09-28T00:20:00Z,Denver Broncos,Los Angeles Rams,fanduel,player_reception_yds,Evan Engram,Under,21.5,-114,2026-09-26T21:16:48Z,2026-09-26 17:16:53.181802
3bfd8bfb4b8e9a365a0877879b73b16b,2026-09-28T00:20:00Z,Denver Broncos,Los Angeles Rams,fanduel,player_reception_yds,Davante Adams,Over,71.5,-114,2026-09-26T21:16:48Z,2026-09-26 17:16:53.181802
3bfd8bfb4b8e9a365a0877879b73b16b,2026-09-28T00:20:00Z,Denver Broncos,Los Angeles Rams,fanduel,player_reception_yds,Davante Adams,Under,71.5,-114,2026-09-26T21:16:48Z,2026-09-26 17:16:53.181802
3bfd8bfb4b8e9a365a0877879b73b16b,2026-09-28T00:20:00Z,Denver Broncos,Los Angeles Rams,fanduel,player_reception_yds,Pat Bryant,Over,24.5,-114,2026-09-26T21:16:48Z,2026-09-26 17:16:53.181802
3bfd8bfb4b8e9a365a0877879b73b16b,2026-09-28T00:20:00Z,Denver Broncos,Los Angeles Rams,fanduel,player_reception_yds,Pat Bryant,Under,24.5,-114,2026-09-26T21:16:48Z,2026-09-26 17:16:53.181802
3bfd8bfb4b8e9a365a0877879b73b16b,2026-09-28T00:20:00Z,Denver Broncos,Los Angeles Rams,fanduel,player_reception_yds,Kyren Williams,Over,12.5,-114,2026-09-26T21:16:48Z,2026-09-26 17:16:53.181802
3bfd8bfb4b8e9a365a0877879b73b16b,2026-09-28T00:20:00Z,Denver Broncos,Los Angeles Rams,fanduel,player_reception_yds,Kyren Williams,Under,12.5,-114,2026-09-26T21:16:48Z,2026-09-26 17:16:53.181802
3bfd8bfb4b8e9a365a0877879b73b16b,2026-09-28T00:20:00Z,Denver Broncos,Los Angeles Rams,fanduel,player_reception_yds,Adam Trautman,Over,8.5,-114,2026-09-26T21:16:48Z,2026-09-26 17:16:53.181802
3bfd8bfb4b8e9a365a0877879b73b16b,2026-09-28T00:20:00Z,Denver Broncos,Los Angeles Rams,fanduel,player_reception_yds,Adam Trautman,Under,8.5,-114,2026-09-26T21:16:48Z,2026-09-26 17:16:53.181802
3bfd8bfb4b8e9a365a0877879b73b16b,2026-09-28T00:20:00Z,Denver Broncos,Los Angeles Rams,betrivers,player_reception_yds,Kyren Williams,Over,12.5,-110,2026-09-26T21:16:06Z,2026-09-26 17:16:53.181802
3bfd8bfb4b8e9a365a0877879b73b16b,2026-09-28T00:20:00Z,Denver Broncos,Los Angeles Rams,betrivers,player_reception_yds,Kyren Williams,Under,12.5,-121,2026-09-26T21:16:06Z,2026-09-26 17:16:53.181802
3bfd8bfb4b8e9a365a0877879b73b16b,2026-09-28T00:20:00Z,Denver Broncos,Los Angeles Rams,betrivers,player_reception_yds,Terrance Ferguson,Over,51.5,-117,2026-09-26T21:16:06Z,2026-09-26 17:16:53.181802
3bfd8bfb4b8e9a365a0877879b73b16b,2026-09-28T00:20:00Z,Denver Broncos,Los Angeles Rams,betrivers,player_reception_yds,Terrance Ferguson,Under,51.5,-114,2026-09-26T21:16:06Z,2026-09-26 17:16:53.181802
3bfd8bfb4b8e9a365a0877879b73b16b,2026-09-28T00:20:00Z,Denver Broncos,Los Angeles Rams,betrivers,player_reception_yds,Davante Adams,Over,73.5,-114,2026-09-26T21:16:06Z,2026-09-26 17:16:53.181802
3bfd8bfb4b8e9a365a0877879b73b16b,2026-09-28T00:20:00Z,Denver Broncos,Los Angeles Rams,betrivers,player_reception_yds,Davante Adams,Under,73.5,-117,2026-09-26T21:16:06Z,2026-09-26 17:16:53.181802
3bfd8bfb4b8e9a365a0877879b73b16b,2026-09-28T00:20:00Z,Denver Broncos,Los Angeles Rams,betrivers,player_reception_yds,Pat Bryant,Over,24.5,-117,2026-09-26T21:16:06Z,2026-09-26 17:16:53.181802
3bfd8bfb4b8e9a365a0877879b73b16b,2026-09-28T00:20:00Z,Denver Broncos,Los Angeles Rams,betrivers,player_reception_yds,Pat Bryant,Under,24.5,-114,2026-09-26T21:16:06Z,2026-09-26 17:16:53.181802
3bfd8bfb4b8e9a365a0877879b73b16b,2026-09-28T00:20:00Z,Denver Broncos,Los Angeles Rams,betrivers,player_reception_yds,Evan Engram,Over,20.5,-120,2026-09-26T21:16:06Z,2026-09-26 17:16:53.181802
3bfd8bfb4b8e9a365a0877879b73b16b,2026-09-28T00:20:00Z,Denver Broncos,Los Angeles Rams,betrivers,player_reception_yds,Evan Engram,Under,20.5,-112,2026-09-26T21:16:06Z,2026-09-26 17:16:53.181802
3bfd8bfb4b8e9a365a0877879b73b16b,2026-09-28T00:20:00Z,Denver Broncos,Los Angeles Rams,betrivers,player_reception_yds,Jaylen Waddle,Over,56.5,-113,2026-09-26T21:16:06Z,2026-09-26 17:16:53.181802
3bfd8bfb4b8e9a365a0877879b73b16b,2026-09-28T00:20:00Z,Denver Broncos,Los Angeles Rams,betrivers,player_reception_yds,Jaylen Waddle,Under,56.5,-118,2026-09-26T21:16:06Z,2026-09-26 17:16:53.181802
3bfd8bfb4b8e9a365a0877879b73b16b,2026-09-28T00:20:00Z,Denver Broncos,Los Angeles Rams,betonlineag,player_reception_yds,Jaylen Waddle,Over,59.5,-114,2026-09-26T21:16:23Z,2026-09-26 17:16:53.181802
3bfd8bfb4b8e9a365a0877879b73b16b,2026-09-28T00:20:00Z,Denver Broncos,Los Angeles Rams,betonlineag,player_reception_yds,Jaylen Waddle,Under,59.5,-114,2026-09-26T21:16:23Z,2026-09-26 17:16:53.181802
3bfd8bfb4b8e9a365a0877879b73b16b,2026-09-28T00:20:00Z,Denver Broncos,Los Angeles Rams,betonlineag,player_reception_yds,Courtland Sutton,Over,36.5,-115,2026-09-26T21:16:23Z,2026-09-26 17:16:53.181802
3bfd8bfb4b8e9a365a0877879b73b16b,2026-09-28T00:20:00Z,Denver Broncos,Los Angeles Rams,betonlineag,player_reception_yds,Courtland Sutton,Under,36.5,-112,2026-09-26T21:16:23Z,2026-09-26 17:16:53.181802
3bfd8bfb4b8e9a365a0877879b73b16b,2026-09-28T00:20:00Z,Denver Broncos,Los Angeles Rams,betonlineag,player_reception_yds,Pat Bryant,Over,25.5,-108,2026-09-26T21:16:23Z,2026-09-26 17:16:53.181802
3bfd8bfb4b8e9a365a0877879b73b16b,2026-09-28T00:20:00Z,Denver Broncos,Los Angeles Rams,betonlineag,player_reception_yds,Pat Bryant,Under,25.5,-120,2026-09-26T21:16:23Z,2026-09-26 17:16:53.181802
3bfd8bfb4b8e9a365a0877879b73b16b,2026-09-28T00:20:00Z,Denver Broncos,Los Angeles Rams,betonlineag,player_reception_yds,Evan Engram,Over,20.5,-115,2026-09-26T21:16:23Z,2026-09-26 17:16:53.181802
3bfd8bfb4b8e9a365a0877879b73b16b,2026-09-28T00:20:00Z,Denver Broncos,Los Angeles Rams,betonlineag,player_reception_yds,Evan Engram,Under,20.5,-112,2026-09-26T21:16:23Z,2026-09-26 17:16:53.181802
3bfd8bfb4b8e9a365a0877879b73b16b,2026-09-28T00:20:00Z,Denver Broncos,Los Angeles Rams,betonlineag,player_reception_yds,Terrance Ferguson,Over,50.5,-114,2026-09-26T21:16:23Z,2026-09-26 17:16:53.181802
3bfd8bfb4b8e9a365a0877879b73b16b,2026-09-28T00:20:00Z,Denver Broncos,Los Angeles Rams,betonlineag,player_reception_yds,Terrance Ferguson,Under,50.5,-114,2026-09-26T21:16:23Z,2026-09-26 17:16:53.181802
3bfd8bfb4b8e9a365a0877879b73b16b,2026-09-28T00:20:00Z,Denver Broncos,Los Angeles Rams,betonlineag,player_reception_yds,Kyren Williams,Over,12.5,-115,2026-09-26T21:16:23Z,2026-09-26 17:16:53.181802
3bfd8bfb4b8e9a365a0877879b73b16b,2026-09-28T00:20:00Z,Denver Broncos,Los Angeles Rams,betonlineag,player_reception_yds,Kyren Williams,Under,12.5,-112,2026-09-26T21:16:23Z,2026-09-26 17:16:53.181802
3bfd8bfb4b8e9a365a0877879b73b16b,2026-09-28T00:20:00Z,Denver Broncos,Los Angeles Rams,betonlineag,player_reception_yds,RJ Harvey,Over,16.5,-115,2026-09-26T21:16:23Z,2026-09-26 17:16:53.181802
3bfd8bfb4b8e9a365a0877879b73b16b,2026-09-28T00:20:00Z,Denver Broncos,Los Angeles Rams,betonlineag,player_reception_yds,RJ Harvey,Under,16.5,-112,2026-09-26T21:16:23Z,2026-09-26 17:16:53.181802
3bfd8bfb4b8e9a365a0877879b73b16b,2026-09-28T00:20:00Z,Denver Broncos,Los Angeles Rams,betonlineag,player_reception_yds,Davante Adams,Over,70.5,-114,2026-09-26T21:16:23Z,2026-09-26 17:16:53.181802
3bfd8bfb4b8e9a365a0877879b73b16b,2026-09-28T00:20:00Z,Denver Broncos,Los Angeles Rams,betonlineag,player_reception_yds,Davante Adams,Under,70.5,-114,2026-09-26T21:16:23Z,2026-09-26 17:16:53.181802
3bfd8bfb4b8e9a365a0877879b73b16b,2026-09-28T00:20:00Z,Denver Broncos,Los Angeles Rams,betmgm,player_reception_yds,Pat Bryant,Over,25.5,-110,2026-09-26T21:15:53Z,2026-09-26 17:16:53.181802
3bfd8bfb4b8e9a365a0877879b73b16b,2026-09-28T00:20:00Z,Denver Broncos,Los Angeles Rams,betmgm,player_reception_yds,Pat Bryant,Under,25.5,-120,2026-09-26T21:15:53Z,2026-09-26 17:16:53.181802
3bfd8bfb4b8e9a365a0877879b73b16b,2026-09-28T00:20:00Z,Denver Broncos,Los Angeles Rams,betmgm,player_reception_yds,Courtland Sutton,Over,37.5,-111,2026-09-26T21:15:53Z,2026-09-26 17:16:53.181802
3bfd8bfb4b8e9a365a0877879b73b16b,2026-09-28T00:20:00Z,Denver Broncos,Los Angeles Rams,betmgm,player_reception_yds,Courtland Sutton,Under,37.5,-120,2026-09-26T21:15:53Z,2026-09-26 17:16:53.181802
3bfd8bfb4b8e9a365a0877879b73b16b,2026-09-28T00:20:00Z,Denver Broncos,Los Angeles Rams,betmgm,player_reception_yds,Evan Engram,Over,20.5,-115,2026-09-26T21:15:53Z,2026-09-26 17:16:53.181802
3bfd8bfb4b8e9a365a0877879b73b16b,2026-09-28T00:20:00Z,Denver Broncos,Los Angeles Rams,betmgm,player_reception_yds,Evan Engram,Under,20.5,-115,2026-09-26T21:15:53Z,2026-09-26 17:16:53.181802
3bfd8bfb4b8e9a365a0877879b73b16b,2026-09-28T00:20:00Z,Denver Broncos,Los Angeles Rams,betmgm,player_reception_yds,Jaylen Waddle,Over,55.5,-115,2026-09-26T21:15:53Z,2026-09-26 17:16:53.181802
3bfd8bfb4b8e9a365a0877879b73b16b,2026-09-28T00:20:00Z,Denver Broncos,Los Angeles Rams,betmgm,player_reception_yds,Jaylen Waddle,Under,55.5,-115,2026-09-26T21:15:53Z,2026-09-26 17:16:53.181802
3bfd8bfb4b8e9a365a0877879b73b16b,2026-09-28T00:20:00Z,Denver Broncos,Los Angeles Rams,betmgm,player_reception_yds,Kyren Williams,Over,12.5,-115,2026-09-26T21:15:53Z,2026-09-26 17:16:53.181802
3bfd8bfb4b8e9a365a0877879b73b16b,2026-09-28T00:20:00Z,Denver Broncos,Los Angeles Rams,betmgm,player_reception_yds,Kyren Williams,Under,12.5,-115,2026-09-26T21:15:53Z,2026-09-26 17:16:53.181802
3bfd8bfb4b8e9a365a0877879b73b16b,2026-09-28T00:20:00Z,Denver Broncos,Los Angeles Rams,betmgm,player_reception_yds,Davante Adams,Over,74.5,100,2026-09-26T21:15:53Z,2026-09-26 17:16:53.181802
3bfd8bfb4b8e9a365a0877879b73b16b,2026-09-28T00:20:00Z,Denver Broncos,Los Angeles Rams,betmgm,player_reception_yds,Davante Adams,Under,74.5,-135,2026-09-26T21:15:53Z,2026-09-26 17:16:53.181802
3bfd8bfb4b8e9a365a0877879b73b16b,2026-09-28T00:20:00Z,Denver Broncos,Los Angeles Rams,betmgm,player_reception_yds,Terrance Ferguson,Over,49.5,-115,2026-09-26T21:15:53Z,2026-09-26 17:16:53.181802
3bfd8bfb4b8e9a365a0877879b73b16b,2026-09-28T00:20:00Z,Denver Broncos,Los Angeles Rams,betmgm,player_reception_yds,Terrance Ferguson,Under,49.5,-115,2026-09-26T21:15:53Z,2026-09-26 17:16:53.181802
3bfd8bfb4b8e9a365a0877879b73b16b,2026-09-28T00:20:00Z,Denver Broncos,Los Angeles Rams,bovada,player_reception_yds,Courtland Sutton,Over,35.5,-115,2026-09-26T21:16:09Z,2026-09-26 17:16:53.181802
3bfd8bfb4b8e9a365a0877879b73b16b,2026-09-28T00:20:00Z,Denver Broncos,Los Angeles Rams,bovada,player_reception_yds,Courtland Sutton,Under,35.5,-115,2026-09-26T21:16:09Z,2026-09-26 17:16:53.181802
3bfd8bfb4b8e9a365a0877879b73b16b,2026-09-28T00:20:00Z,Denver Broncos,Los Angeles Rams,bovada,player_reception_yds,Davante Adams,Over,70.5,-115,2026-09-26T21:16:09Z,2026-09-26 17:16:53.181802
3bfd8bfb4b8e9a365a0877879b73b16b,2026-09-28T00:20:00Z,Denver Broncos,Los Angeles Rams,bovada,player_reception_yds,Davante Adams,Under,70.5,-115,2026-09-26T21:16:09Z,2026-09-26 17:16:53.181802
3bfd8bfb4b8e9a365a0877879b73b16b,2026-09-28T00:20:00Z,Denver Broncos,Los Angeles Rams,bovada,player_reception_yds,Evan Engram,Over,21.5,-115,2026-09-26T21:16:09Z,2026-09-26 17:16:53.181802
3bfd8bfb4b8e9a365a0877879b73b16b,2026-09-28T00:20:00Z,Denver Broncos,Los Angeles Rams,bovada,player_reception_yds,Evan Engram,Under,21.5,-115,2026-09-26T21:16:09Z,2026-09-26 17:16:53.181802
3bfd8bfb4b8e9a365a0877879b73b16b,2026-09-28T00:20:00Z,Denver Broncos,Los Angeles Rams,bovada,player_reception_yds,Jaylen Waddle,Over,60.5,-115,2026-09-26T21:16:09Z,2026-09-26 17:16:53.181802
3bfd8bfb4b8e9a365a0877879b73b16b,2026-09-28T00:20:00Z,Denver Broncos,Los Angeles Rams,bovada,player_reception_yds,Jaylen Waddle,Under,60.5,-115,2026-09-26T21:16:09Z,2026-09-26 17:16:53.181802
3bfd8bfb4b8e9a365a0877879b73b16b,2026-09-28T00:20:00Z,Denver Broncos,Los Angeles Rams,bovada,player_reception_yds,Kyren Williams,Over,12.5,-120,2026-09-26T21:16:09Z,2026-09-26 17:16:53.181802
3bfd8bfb4b8e9a365a0877879b73b16b,2026-09-28T00:20:00Z,Denver Broncos,Los Angeles Rams,bovada,player_reception_yds,Kyren Williams,Under,12.5,-110,2026-09-26T21:16:09Z,2026-09-26 17:16:53.181802
3bfd8bfb4b8e9a365a0877879b73b16b,2026-09-28T00:20:00Z,Denver Broncos,Los Angeles Rams,bovada,player_reception_yds,Pat Bryant,Over,26.5,-115,2026-09-26T21:16:09Z,2026-09-26 17:16:53.181802
3bfd8bfb4b8e9a365a0877879b73b16b,2026-09-28T00:20:00Z,Denver Broncos,Los Angeles Rams,bovada,player_reception_yds,Pat Bryant,Under,26.5,-115,2026-09-26T21:16:09Z,2026-09-26 17:16:53.181802
3bfd8bfb4b8e9a365a0877879b73b16b,2026-09-28T00:20:00Z,Denver Broncos,Los Angeles Rams,bovada,player_reception_yds,Terrance Ferguson,Over,51.5,-115,2026-09-26T21:16:09Z,2026-09-26 17:16:53.181802
3bfd8bfb4b8e9a365a0877879b73b16b,2026-09-28T00:20:00Z,Denver Broncos,Los Angeles Rams,bovada,player_reception_yds,Terrance Ferguson,Under,51.5,-115,2026-09-26T21:16:09Z,2026-09-26 17:16:53.181802
47dc7baa254659f3beb2ed2b38c207b6,2026-09-29T00:15:00Z,Chicago Bears,Philadelphia Eagles,draftkings,player_reception_yds,DeVonta Smith,Over,72.5,-112,2026-09-26T21:16:21Z,2026-09-26 17:16:53.776758
47dc7baa254659f3beb2ed2b38c207b6,2026-09-29T00:15:00Z,Chicago Bears,Philadelphia Eagles,draftkings,player_reception_yds,DeVonta Smith,Under,72.5,-111,2026-09-26T21:16:21Z,2026-09-26 17:16:53.776758
47dc7baa254659f3beb2ed2b38c207b6,2026-09-29T00:15:00Z,Chicago Bears,Philadelphia Eagles,draftkings,player_reception_yds,Dontayvion Wicks,Over,41.5,-112,2026-09-26T21:16:21Z,2026-09-26 17:16:53.776758
47dc7baa254659f3beb2ed2b38c207b6,2026-09-29T00:15:00Z,Chicago Bears,Philadelphia Eagles,draftkings,player_reception_yds,Dontayvion Wicks,Under,41.5,-112,2026-09-26T21:16:21Z,2026-09-26 17:16:53.776758
47dc7baa254659f3beb2ed2b38c207b6,2026-09-29T00:15:00Z,Chicago Bears,Philadelphia Eagles,draftkings,player_reception_yds,Luther Burden III,Over,37.5,-114,2026-09-26T21:16:21Z,2026-09-26 17:16:53.776758
47dc7baa254659f3beb2ed2b38c207b6,2026-09-29T00:15:00Z,Chicago Bears,Philadelphia Eagles,draftkings,player_reception_yds,Luther Burden III,Under,37.5,-110,2026-09-26T21:16:21Z,2026-09-26 17:16:53.776758
47dc7baa254659f3beb2ed2b38c207b6,2026-09-29T00:15:00Z,Chicago Bears,Philadelphia Eagles,draftkings,player_reception_yds,Colston Loveland,Over,36.5,-114,2026-09-26T21:16:21Z,2026-09-26 17:16:53.776758
47dc7baa254659f3beb2ed2b38c207b6,2026-09-29T00:15:00Z,Chicago Bears,Philadelphia Eagles,draftkings,player_reception_yds,Colston Loveland,Under,36.5,-110,2026-09-26T21:16:21Z,2026-09-26 17:16:53.776758
47dc7baa254659f3beb2ed2b38c207b6,2026-09-29T00:15:00Z,Chicago Bears,Philadelphia Eagles,draftkings,player_reception_yds,Rome Odunze,Over,27.5,-109,2026-09-26T21:16:21Z,2026-09-26 17:16:53.776758
47dc7baa254659f3beb2ed2b38c207b6,2026-09-29T00:15:00Z,Chicago Bears,Philadelphia Eagles,draftkings,player_reception_yds,Rome Odunze,Under,27.5,-115,2026-09-26T21:16:21Z,2026-09-26 17:16:53.776758
47dc7baa254659f3beb2ed2b38c207b6,2026-09-29T00:15:00Z,Chicago Bears,Philadelphia Eagles,draftkings,player_reception_yds,Makai Lemon,Over,26.5,-110,2026-09-26T21:16:21Z,2026-09-26 17:16:53.776758
47dc7baa254659f3beb2ed2b38c207b6,2026-09-29T00:15:00Z,Chicago Bears,Philadelphia Eagles,draftkings,player_reception_yds,Makai Lemon,Under,26.5,-114,2026-09-26T21:16:21Z,2026-09-26 17:16:53.776758
47dc7baa254659f3beb2ed2b38c207b6,2026-09-29T00:15:00Z,Chicago Bears,Philadelphia Eagles,draftkings,player_reception_yds,Kalif Raymond,Over,25.5,-109,2026-09-26T21:16:21Z,2026-09-26 17:16:53.776758
47dc7baa254659f3beb2ed2b38c207b6,2026-09-29T00:15:00Z,Chicago Bears,Philadelphia Eagles,draftkings,player_reception_yds,Kalif Raymond,Under,25.5,-115,2026-09-26T21:16:21Z,2026-09-26 17:16:53.776758
47dc7baa254659f3beb2ed2b38c207b6,2026-09-29T00:15:00Z,Chicago Bears,Philadelphia Eagles,draftkings,player_reception_yds,Saquon Barkley,Over,13.5,-111,2026-09-26T21:16:21Z,2026-09-26 17:16:53.776758
47dc7baa254659f3beb2ed2b38c207b6,2026-09-29T00:15:00Z,Chicago Bears,Philadelphia Eagles,draftkings,player_reception_yds,Saquon Barkley,Under,13.5,-113,2026-09-26T21:16:21Z,2026-09-26 17:16:53.776758
47dc7baa254659f3beb2ed2b38c207b6,2026-09-29T00:15:00Z,Chicago Bears,Philadelphia Eagles,draftkings,player_reception_yds,D'Andre Swift,Over,10.5,-108,2026-09-26T21:16:21Z,2026-09-26 17:16:53.776758
47dc7baa254659f3beb2ed2b38c207b6,2026-09-29T00:15:00Z,Chicago Bears,Philadelphia Eagles,draftkings,player_reception_yds,D'Andre Swift,Under,10.5,-116,2026-09-26T21:16:21Z,2026-09-26 17:16:53.776758
47dc7baa254659f3beb2ed2b38c207b6,2026-09-29T00:15:00Z,Chicago Bears,Philadelphia Eagles,draftkings,player_reception_yds,Cole Kmet,Over,9.5,-110,2026-09-26T21:16:21Z,2026-09-26 17:16:53.776758
47dc7baa254659f3beb2ed2b38c207b6,2026-09-29T00:15:00Z,Chicago Bears,Philadelphia Eagles,draftkings,player_reception_yds,Cole Kmet,Under,9.5,-114,2026-09-26T21:16:21Z,2026-09-26 17:16:53.776758
47dc7baa254659f3beb2ed2b38c207b6,2026-09-29T00:15:00Z,Chicago Bears,Philadelphia Eagles,fanduel,player_reception_yds,DeVonta Smith,Over,72.5,-114,2026-09-26T21:16:33Z,2026-09-26 17:16:53.776758
47dc7baa254659f3beb2ed2b38c207b6,2026-09-29T00:15:00Z,Chicago Bears,Philadelphia Eagles,fanduel,player_reception_yds,DeVonta Smith,Under,72.5,-114,2026-09-26T21:16:33Z,2026-09-26 17:16:53.776758
47dc7baa254659f3beb2ed2b38c207b6,2026-09-29T00:15:00Z,Chicago Bears,Philadelphia Eagles,fanduel,player_reception_yds,Kalif Raymond,Over,24.5,-114,2026-09-26T21:16:33Z,2026-09-26 17:16:53.776758
47dc7baa254659f3beb2ed2b38c207b6,2026-09-29T00:15:00Z,Chicago Bears,Philadelphia Eagles,fanduel,player_reception_yds,Kalif Raymond,Under,24.5,-114,2026-09-26T21:16:33Z,2026-09-26 17:16:53.776758
47dc7baa254659f3beb2ed2b38c207b6,2026-09-29T00:15:00Z,Chicago Bears,Philadelphia Eagles,fanduel,player_reception_yds,Luther Burden III,Over,35.5,-114,2026-09-26T21:16:33Z,2026-09-26 17:16:53.776758
47dc7baa254659f3beb2ed2b38c207b6,2026-09-29T00:15:00Z,Chicago Bears,Philadelphia Eagles,fanduel,player_reception_yds,Luther Burden III,Under,35.5,-114,2026-09-26T21:16:33Z,2026-09-26 17:16:53.776758
47dc7baa254659f3beb2ed2b38c207b6,2026-09-29T00:15:00Z,Chicago Bears,Philadelphia Eagles,fanduel,player_reception_yds,D'Andre Swift,Over,10.5,-114,2026-09-26T21:16:33Z,2026-09-26 17:16:53.776758
47dc7baa254659f3beb2ed2b38c207b6,2026-09-29T00:15:00Z,Chicago Bears,Philadelphia Eagles,fanduel,player_reception_yds,D'Andre Swift,Under,10.5,-114,2026-09-26T21:16:33Z,2026-09-26 17:16:53.776758
47dc7baa254659f3beb2ed2b38c207b6,2026-09-29T00:15:00Z,Chicago Bears,Philadelphia Eagles,fanduel,player_reception_yds,Dontayvion Wicks,Over,42.5,-114,2026-09-26T21:16:33Z,2026-09-26 17:16:53.776758
47dc7baa254659f3beb2ed2b38c207b6,2026-09-29T00:15:00Z,Chicago Bears,Philadelphia Eagles,fanduel,player_reception_yds,Dontayvion Wicks,Under,42.5,-114,2026-09-26T21:16:33Z,2026-09-26 17:16:53.776758
47dc7baa254659f3beb2ed2b38c207b6,2026-09-29T00:15:00Z,Chicago Bears,Philadelphia Eagles,fanduel,player_reception_yds,Saquon Barkley,Over,13.5,-114,2026-09-26T21:16:33Z,2026-09-26 17:16:53.776758
47dc7baa254659f3beb2ed2b38c207b6,2026-09-29T00:15:00Z,Chicago Bears,Philadelphia Eagles,fanduel,player_reception_yds,Saquon Barkley,Under,13.5,-114,2026-09-26T21:16:33Z,2026-09-26 17:16:53.776758
47dc7baa254659f3beb2ed2b38c207b6,2026-09-29T00:15:00Z,Chicago Bears,Philadelphia Eagles,fanduel,player_reception_yds,Rome Odunze,Over,25.5,-114,2026-09-26T21:16:33Z,2026-09-26 17:16:53.776758
47dc7baa254659f3beb2ed2b38c207b6,2026-09-29T00:15:00Z,Chicago Bears,Philadelphia Eagles,fanduel,player_reception_yds,Rome Odunze,Under,25.5,-114,2026-09-26T21:16:33Z,2026-09-26 17:16:53.776758
47dc7baa254659f3beb2ed2b38c207b6,2026-09-29T00:15:00Z,Chicago Bears,Philadelphia Eagles,fanduel,player_reception_yds,Makai Lemon,Over,26.5,-114,2026-09-26T21:16:33Z,2026-09-26 17:16:53.776758
47dc7baa254659f3beb2ed2b38c207b6,2026-09-29T00:15:00Z,Chicago Bears,Philadelphia Eagles,fanduel,player_reception_yds,Makai Lemon,Under,26.5,-114,2026-09-26T21:16:33Z,2026-09-26 17:16:53.776758
47dc7baa254659f3beb2ed2b38c207b6,2026-09-29T00:15:00Z,Chicago Bears,Philadelphia Eagles,fanduel,player_reception_yds,Colston Loveland,Over,35.5,-114,2026-09-26T21:16:33Z,2026-09-26 17:16:53.776758
47dc7baa254659f3beb2ed2b38c207b6,2026-09-29T00:15:00Z,Chicago Bears,Philadelphia Eagles,fanduel,player_reception_yds,Colston Loveland,Under,35.5,-114,2026-09-26T21:16:33Z,2026-09-26 17:16:53.776758
47dc7baa254659f3beb2ed2b38c207b6,2026-09-29T00:15:00Z,Chicago Bears,Philadelphia Eagles,fanduel,player_reception_yds,Cole Kmet,Over,9.5,-114,2026-09-26T21:16:33Z,2026-09-26 17:16:53.776758
47dc7baa254659f3beb2ed2b38c207b6,2026-09-29T00:15:00Z,Chicago Bears,Philadelphia Eagles,fanduel,player_reception_yds,Cole Kmet,Under,9.5,-114,2026-09-26T21:16:33Z,2026-09-26 17:16:53.776758
47dc7baa254659f3beb2ed2b38c207b6,2026-09-29T00:15:00Z,Chicago Bears,Philadelphia Eagles,betrivers,player_reception_yds,Saquon Barkley,Over,13.5,-117,2026-09-26T21:16:45Z,2026-09-26 17:16:53.776758
47dc7baa254659f3beb2ed2b38c207b6,2026-09-29T00:15:00Z,Chicago Bears,Philadelphia Eagles,betrivers,player_reception_yds,Saquon Barkley,Under,13.5,-114,2026-09-26T21:16:45Z,2026-09-26 17:16:53.776758
47dc7baa254659f3beb2ed2b38c207b6,2026-09-29T00:15:00Z,Chicago Bears,Philadelphia Eagles,betrivers,player_reception_yds,Luther Burden III,Over,37.5,-117,2026-09-26T21:16:45Z,2026-09-26 17:16:53.776758
47dc7baa254659f3beb2ed2b38c207b6,2026-09-29T00:15:00Z,Chicago Bears,Philadelphia Eagles,betrivers,player_reception_yds,Luther Burden III,Under,37.5,-113,2026-09-26T21:16:45Z,2026-09-26 17:16:53.776758
47dc7baa254659f3beb2ed2b38c207b6,2026-09-29T00:15:00Z,Chicago Bears,Philadelphia Eagles,betrivers,player_reception_yds,Kalif Raymond,Over,24.5,-117,2026-09-26T21:16:45Z,2026-09-26 17:16:53.776758
47dc7baa254659f3beb2ed2b38c207b6,2026-09-29T00:15:00Z,Chicago Bears,Philadelphia Eagles,betrivers,player_reception_yds,Kalif Raymond,Under,24.5,-114,2026-09-26T21:16:45Z,2026-09-26 17:16:53.776758
47dc7baa254659f3beb2ed2b38c207b6,2026-09-29T00:15:00Z,Chicago Bears,Philadelphia Eagles,betrivers,player_reception_yds,Cole Kmet,Over,10.5,-120,2026-09-26T21:16:45Z,2026-09-26 17:16:53.776758
47dc7baa254659f3beb2ed2b38c207b6,2026-09-29T00:15:00Z,Chicago Bears,Philadelphia Eagles,betrivers,player_reception_yds,Cole Kmet,Under,10.5,-112,2026-09-26T21:16:45Z,2026-09-26 17:16:53.776758
47dc7baa254659f3beb2ed2b38c207b6,2026-09-29T00:15:00Z,Chicago Bears,Philadelphia Eagles,betrivers,player_reception_yds,Rome Odunze,Over,26.5,-118,2026-09-26T21:16:45Z,2026-09-26 17:16:53.776758
47dc7baa254659f3beb2ed2b38c207b6,2026-09-29T00:15:00Z,Chicago Bears,Philadelphia Eagles,betrivers,player_reception_yds,Rome Odunze,Under,26.5,-113,2026-09-26T21:16:45Z,2026-09-26 17:16:53.776758
47dc7baa254659f3beb2ed2b38c207b6,2026-09-29T00:15:00Z,Chicago Bears,Philadelphia Eagles,betrivers,player_reception_yds,DeVonta Smith,Over,70.5,-117,2026-09-26T21:16:45Z,2026-09-26 17:16:53.776758
47dc7baa254659f3beb2ed2b38c207b6,2026-09-29T00:15:00Z,Chicago Bears,Philadelphia Eagles,betrivers,player_reception_yds,DeVonta Smith,Under,70.5,-114,2026-09-26T21:16:45Z,2026-09-26 17:16:53.776758
47dc7baa254659f3beb2ed2b38c207b6,2026-09-29T00:15:00Z,Chicago Bears,Philadelphia Eagles,betrivers,player_reception_yds,Dontayvion Wicks,Over,42.5,-118,2026-09-26T21:16:45Z,2026-09-26 17:16:53.776758
47dc7baa254659f3beb2ed2b38c207b6,2026-09-29T00:15:00Z,Chicago Bears,Philadelphia Eagles,betrivers,player_reception_yds,Dontayvion Wicks,Under,42.5,-113,2026-09-26T21:16:45Z,2026-09-26 17:16:53.776758
47dc7baa254659f3beb2ed2b38c207b6,2026-09-29T00:15:00Z,Chicago Bears,Philadelphia Eagles,betrivers,player_reception_yds,Makai Lemon,Over,26.5,-115,2026-09-26T21:16:45Z,2026-09-26 17:16:53.776758
47dc7baa254659f3beb2ed2b38c207b6,2026-09-29T00:15:00Z,Chicago Bears,Philadelphia Eagles,betrivers,player_reception_yds,Makai Lemon,Under,26.5,-115,2026-09-26T21:16:45Z,2026-09-26 17:16:53.776758
47dc7baa254659f3beb2ed2b38c207b6,2026-09-29T00:15:00Z,Chicago Bears,Philadelphia Eagles,betrivers,player_reception_yds,D'Andre Swift,Over,10.5,-115,2026-09-26T21:16:45Z,2026-09-26 17:16:53.776758
47dc7baa254659f3beb2ed2b38c207b6,2026-09-29T00:15:00Z,Chicago Bears,Philadelphia Eagles,betrivers,player_reception_yds,D'Andre Swift,Under,10.5,-115,2026-09-26T21:16:45Z,2026-09-26 17:16:53.776758
47dc7baa254659f3beb2ed2b38c207b6,2026-09-29T00:15:00Z,Chicago Bears,Philadelphia Eagles,betrivers,player_reception_yds,Colston Loveland,Over,34.5,-118,2026-09-26T21:16:45Z,2026-09-26 17:16:53.776758
47dc7baa254659f3beb2ed2b38c207b6,2026-09-29T00:15:00Z,Chicago Bears,Philadelphia Eagles,betrivers,player_reception_yds,Colston Loveland,Under,34.5,-113,2026-09-26T21:16:45Z,2026-09-26 17:16:53.776758
47dc7baa254659f3beb2ed2b38c207b6,2026-09-29T00:15:00Z,Chicago Bears,Philadelphia Eagles,betonlineag,player_reception_yds,DeVonta Smith,Over,72.5,-114,2026-09-26T21:15:58Z,2026-09-26 17:16:53.776758
47dc7baa254659f3beb2ed2b38c207b6,2026-09-29T00:15:00Z,Chicago Bears,Philadelphia Eagles,betonlineag,player_reception_yds,DeVonta Smith,Under,72.5,-114,2026-09-26T21:15:58Z,2026-09-26 17:16:53.776758
47dc7baa254659f3beb2ed2b38c207b6,2026-09-29T00:15:00Z,Chicago Bears,Philadelphia Eagles,betonlineag,player_reception_yds,Saquon Barkley,Over,13.5,-114,2026-09-26T21:15:58Z,2026-09-26 17:16:53.776758
47dc7baa254659f3beb2ed2b38c207b6,2026-09-29T00:15:00Z,Chicago Bears,Philadelphia Eagles,betonlineag,player_reception_yds,Saquon Barkley,Under,13.5,-114,2026-09-26T21:15:58Z,2026-09-26 17:16:53.776758
47dc7baa254659f3beb2ed2b38c207b6,2026-09-29T00:15:00Z,Chicago Bears,Philadelphia Eagles,betonlineag,player_reception_yds,Dontayvion Wicks,Over,41.5,-118,2026-09-26T21:15:58Z,2026-09-26 17:16:53.776758
47dc7baa254659f3beb2ed2b38c207b6,2026-09-29T00:15:00Z,Chicago Bears,Philadelphia Eagles,betonlineag,player_reception_yds,Dontayvion Wicks,Under,41.5,-110,2026-09-26T21:15:58Z,2026-09-26 17:16:53.776758
47dc7baa254659f3beb2ed2b38c207b6,2026-09-29T00:15:00Z,Chicago Bears,Philadelphia Eagles,betonlineag,player_reception_yds,Kalif Raymond,Over,24.5,-115,2026-09-26T21:15:58Z,2026-09-26 17:16:53.776758
47dc7baa254659f3beb2ed2b38c207b6,2026-09-29T00:15:00Z,Chicago Bears,Philadelphia Eagles,betonlineag,player_reception_yds,Kalif Raymond,Under,24.5,-112,2026-09-26T21:15:58Z,2026-09-26 17:16:53.776758
47dc7baa254659f3beb2ed2b38c207b6,2026-09-29T00:15:00Z,Chicago Bears,Philadelphia Eagles,betonlineag,player_reception_yds,Makai Lemon,Over,28.5,-115,2026-09-26T21:15:58Z,2026-09-26 17:16:53.776758
47dc7baa254659f3beb2ed2b38c207b6,2026-09-29T00:15:00Z,Chicago Bears,Philadelphia Eagles,betonlineag,player_reception_yds,Makai Lemon,Under,28.5,-112,2026-09-26T21:15:58Z,2026-09-26 17:16:53.776758
47dc7baa254659f3beb2ed2b38c207b6,2026-09-29T00:15:00Z,Chicago Bears,Philadelphia Eagles,betonlineag,player_reception_yds,D'Andre Swift,Over,10.5,-111,2026-09-26T21:15:58Z,2026-09-26 17:16:53.776758
47dc7baa254659f3beb2ed2b38c207b6,2026-09-29T00:15:00Z,Chicago Bears,Philadelphia Eagles,betonlineag,player_reception_yds,D'Andre Swift,Under,10.5,-116,2026-09-26T21:15:58Z,2026-09-26 17:16:53.776758
47dc7baa254659f3beb2ed2b38c207b6,2026-09-29T00:15:00Z,Chicago Bears,Philadelphia Eagles,betonlineag,player_reception_yds,Colston Loveland,Over,35.5,-114,2026-09-26T21:15:58Z,2026-09-26 17:16:53.776758
47dc7baa254659f3beb2ed2b38c207b6,2026-09-29T00:15:00Z,Chicago Bears,Philadelphia Eagles,betonlineag,player_reception_yds,Colston Loveland,Under,35.5,-114,2026-09-26T21:15:58Z,2026-09-26 17:16:53.776758
47dc7baa254659f3beb2ed2b38c207b6,2026-09-29T00:15:00Z,Chicago Bears,Philadelphia Eagles,betonlineag,player_reception_yds,Cole Kmet,Over,9.5,-119,2026-09-26T21:15:58Z,2026-09-26 17:16:53.776758
47dc7baa254659f3beb2ed2b38c207b6,2026-09-29T00:15:00Z,Chicago Bears,Philadelphia Eagles,betonlineag,player_reception_yds,Cole Kmet,Under,9.5,-109,2026-09-26T21:15:58Z,2026-09-26 17:16:53.776758
47dc7baa254659f3beb2ed2b38c207b6,2026-09-29T00:15:00Z,Chicago Bears,Philadelphia Eagles,betonlineag,player_reception_yds,Rome Odunze,Over,27.5,-111,2026-09-26T21:15:58Z,2026-09-26 17:16:53.776758
47dc7baa254659f3beb2ed2b38c207b6,2026-09-29T00:15:00Z,Chicago Bears,Philadelphia Eagles,betonlineag,player_reception_yds,Rome Odunze,Under,27.5,-116,2026-09-26T21:15:58Z,2026-09-26 17:16:53.776758
47dc7baa254659f3beb2ed2b38c207b6,2026-09-29T00:15:00Z,Chicago Bears,Philadelphia Eagles,betonlineag,player_reception_yds,Luther Burden III,Over,37.5,-115,2026-09-26T21:15:58Z,2026-09-26 17:16:53.776758
47dc7baa254659f3beb2ed2b38c207b6,2026-09-29T00:15:00Z,Chicago Bears,Philadelphia Eagles,betonlineag,player_reception_yds,Luther Burden III,Under,37.5,-112,2026-09-26T21:15:58Z,2026-09-26 17:16:53.776758
47dc7baa254659f3beb2ed2b38c207b6,2026-09-29T00:15:00Z,Chicago Bears,Philadelphia Eagles,betmgm,player_reception_yds,Kalif Raymond,Over,23.5,-115,2026-09-26T21:16:44Z,2026-09-26 17:16:53.776758
47dc7baa254659f3beb2ed2b38c207b6,2026-09-29T00:15:00Z,Chicago Bears,Philadelphia Eagles,betmgm,player_reception_yds,Kalif Raymond,Under,23.5,-115,2026-09-26T21:16:44Z,2026-09-26 17:16:53.776758
47dc7baa254659f3beb2ed2b38c207b6,2026-09-29T00:15:00Z,Chicago Bears,Philadelphia Eagles,betmgm,player_reception_yds,Makai Lemon,Over,26.5,-120,2026-09-26T21:16:44Z,2026-09-26 17:16:53.776758
47dc7baa254659f3beb2ed2b38c207b6,2026-09-29T00:15:00Z,Chicago Bears,Philadelphia Eagles,betmgm,player_reception_yds,Makai Lemon,Under,26.5,-110,2026-09-26T21:16:44Z,2026-09-26 17:16:53.776758
47dc7baa254659f3beb2ed2b38c207b6,2026-09-29T00:15:00Z,Chicago Bears,Philadelphia Eagles,betmgm,player_reception_yds,Colston Loveland,Over,34.5,-111,2026-09-26T21:16:44Z,2026-09-26 17:16:53.776758
47dc7baa254659f3beb2ed2b38c207b6,2026-09-29T00:15:00Z,Chicago Bears,Philadelphia Eagles,betmgm,player_reception_yds,Colston Loveland,Under,34.5,-118,2026-09-26T21:16:44Z,2026-09-26 17:16:53.776758
47dc7baa254659f3beb2ed2b38c207b6,2026-09-29T00:15:00Z,Chicago Bears,Philadelphia Eagles,betmgm,player_reception_yds,DeVonta Smith,Over,73.5,-115,2026-09-26T21:16:44Z,2026-09-26 17:16:53.776758
47dc7baa254659f3beb2ed2b38c207b6,2026-09-29T00:15:00Z,Chicago Bears,Philadelphia Eagles,betmgm,player_reception_yds,DeVonta Smith,Under,73.5,-115,2026-09-26T21:16:44Z,2026-09-26 17:16:53.776758
47dc7baa254659f3beb2ed2b38c207b6,2026-09-29T00:15:00Z,Chicago Bears,Philadelphia Eagles,betmgm,player_reception_yds,Rome Odunze,Over,27.5,-115,2026-09-26T21:16:44Z,2026-09-26 17:16:53.776758
47dc7baa254659f3beb2ed2b38c207b6,2026-09-29T00:15:00Z,Chicago Bears,Philadelphia Eagles,betmgm,player_reception_yds,Rome Odunze,Under,27.5,-115,2026-09-26T21:16:44Z,2026-09-26 17:16:53.776758
47dc7baa254659f3beb2ed2b38c207b6,2026-09-29T00:15:00Z,Chicago Bears,Philadelphia Eagles,betmgm,player_reception_yds,Luther Burden III,Over,34.5,-111,2026-09-26T21:16:44Z,2026-09-26 17:16:53.776758
47dc7baa254659f3beb2ed2b38c207b6,2026-09-29T00:15:00Z,Chicago Bears,Philadelphia Eagles,betmgm,player_reception_yds,Luther Burden III,Under,34.5,-118,2026-09-26T21:16:44Z,2026-09-26 17:16:53.776758
47dc7baa254659f3beb2ed2b38c207b6,2026-09-29T00:15:00Z,Chicago Bears,Philadelphia Eagles,betmgm,player_reception_yds,D'Andre Swift,Over,9.5,-111,2026-09-26T21:16:44Z,2026-09-26 17:16:53.776758
47dc7baa254659f3beb2ed2b38c207b6,2026-09-29T00:15:00Z,Chicago Bears,Philadelphia Eagles,betmgm,player_reception_yds,D'Andre Swift,Under,9.5,-118,2026-09-26T21:16:44Z,2026-09-26 17:16:53.776758
47dc7baa254659f3beb2ed2b38c207b6,2026-09-29T00:15:00Z,Chicago Bears,Philadelphia Eagles,betmgm,player_reception_yds,Dontayvion Wicks,Over,41.5,-115,2026-09-26T21:16:44Z,2026-09-26 17:16:53.776758
47dc7baa254659f3beb2ed2b38c207b6,2026-09-29T00:15:00Z,Chicago Bears,Philadelphia Eagles,betmgm,player_reception_yds,Dontayvion Wicks,Under,41.5,-115,2026-09-26T21:16:44Z,2026-09-26 17:16:53.776758
47dc7baa254659f3beb2ed2b38c207b6,2026-09-29T00:15:00Z,Chicago Bears,Philadelphia Eagles,bovada,player_reception_yds,Colston Loveland,Over,36.5,-115,2026-09-26T21:16:49Z,2026-09-26 17:16:53.776758
47dc7baa254659f3beb2ed2b38c207b6,2026-09-29T00:15:00Z,Chicago Bears,Philadelphia Eagles,bovada,player_reception_yds,Colston Loveland,Under,36.5,-115,2026-09-26T21:16:49Z,2026-09-26 17:16:53.776758
47dc7baa254659f3beb2ed2b38c207b6,2026-09-29T00:15:00Z,Chicago Bears,Philadelphia Eagles,bovada,player_reception_yds,D'Andre Swift,Over,10.5,-110,2026-09-26T21:16:49Z,2026-09-26 17:16:53.776758
47dc7baa254659f3beb2ed2b38c207b6,2026-09-29T00:15:00Z,Chicago Bears,Philadelphia Eagles,bovada,player_reception_yds,D'Andre Swift,Under,10.5,-120,2026-09-26T21:16:49Z,2026-09-26 17:16:53.776758
47dc7baa254659f3beb2ed2b38c207b6,2026-09-29T00:15:00Z,Chicago Bears,Philadelphia Eagles,bovada,player_reception_yds,DeVonta Smith,Over,72.5,-115,2026-09-26T21:16:49Z,2026-09-26 17:16:53.776758
47dc7baa254659f3beb2ed2b38c207b6,2026-09-29T00:15:00Z,Chicago Bears,Philadelphia Eagles,bovada,player_reception_yds,DeVonta Smith,Under,72.5,-115,2026-09-26T21:16:49Z,2026-09-26 17:16:53.776758
47dc7baa254659f3beb2ed2b38c207b6,2026-09-29T00:15:00Z,Chicago Bears,Philadelphia Eagles,bovada,player_reception_yds,Dontayvion Wicks,Over,41.5,-115,2026-09-26T21:16:49Z,2026-09-26 17:16:53.776758
47dc7baa254659f3beb2ed2b38c207b6,2026-09-29T00:15:00Z,Chicago Bears,Philadelphia Eagles,bovada,player_reception_yds,Dontayvion Wicks,Under,41.5,-115,2026-09-26T21:16:49Z,2026-09-26 17:16:53.776758
47dc7baa254659f3beb2ed2b38c207b6,2026-09-29T00:15:00Z,Chicago Bears,Philadelphia Eagles,bovada,player_reception_yds,Kalif Raymond,Over,25.5,-110,2026-09-26T21:16:49Z,2026-09-26 17:16:53.776758
47dc7baa254659f3beb2ed2b38c207b6,2026-09-29T00:15:00Z,Chicago Bears,Philadelphia Eagles,bovada,player_reception_yds,Kalif Raymond,Under,25.5,-120,2026-09-26T21:16:49Z,2026-09-26 17:16:53.776758
47dc7baa254659f3beb2ed2b38c207b6,2026-09-29T00:15:00Z,Chicago Bears,Philadelphia Eagles,bovada,player_reception_yds,Luther Burden III,Over,37.5,-115,2026-09-26T21:16:49Z,2026-09-26 17:16:53.776758
47dc7baa254659f3beb2ed2b38c207b6,2026-09-29T00:15:00Z,Chicago Bears,Philadelphia Eagles,bovada,player_reception_yds,Luther Burden III,Under,37.5,-115,2026-09-26T21:16:49Z,2026-09-26 17:16:53.776758
47dc7baa254659f3beb2ed2b38c207b6,2026-09-29T00:15:00Z,Chicago Bears,Philadelphia Eagles,bovada,player_reception_yds,Makai Lemon,Over,26.5,-115,2026-09-26T21:16:49Z,2026-09-26 17:16:53.776758
47dc7baa254659f3beb2ed2b38c207b6,2026-09-29T00:15:00Z,Chicago Bears,Philadelphia Eagles,bovada,player_reception_yds,Makai Lemon,Under,26.5,-115,2026-09-26T21:16:49Z,2026-09-26 17:16:53.776758
47dc7baa254659f3beb2ed2b38c207b6,2026-09-29T00:15:00Z,Chicago Bears,Philadelphia Eagles,bovada,player_reception_yds,Rome Odunze,Over,27.5,-110,2026-09-26T21:16:49Z,2026-09-26 17:16:53.776758
47dc7baa254659f3beb2ed2b38c207b6,2026-09-29T00:15:00Z,Chicago Bears,Philadelphia Eagles,bovada,player_reception_yds,Rome Odunze,Under,27.5,-120,2026-09-26T21:16:49Z,2026-09-26 17:16:53.776758
47dc7baa254659f3beb2ed2b38c207b6,2026-09-29T00:15:00Z,Chicago Bears,Philadelphia Eagles,bovada,player_reception_yds,Saquon Barkley,Over,13.5,-115,2026-09-26T21:16:49Z,2026-09-26 17:16:53.776758
47dc7baa254659f3beb2ed2b38c207b6,2026-09-29T00:15:00Z,Chicago Bears,Philadelphia Eagles,bovada,player_reception_yds,Saquon Barkley,Under,13.5,-115,2026-09-26T21:16:49Z,2026-09-26 17:16:53.776758
